# target_addr	name	source	ref_addr	alternative names
0x11CC84	nninitCallStaticInitializers	fefates:bytes	0x1042BC	
0x11CCB8	nninitLocale	fefates:bytes	0x1042F0	
0x11CD0C	nninitSetup	fefates:bytes	0x104344	
0x11D228	nn::fs::InitializeLatencyEmulation()	fefates:bytes	0x1071E4	
0x11D2B8	nn::os::SetHeapSize(unsigned int)	fefates:bytes	0x107274	
0x11D360	nn::os::GetUsingMemorySize()	fefates:bytes	0x10739C	
0x11D3B4	nn::os::SetDeviceMemorySize(unsigned int)	fefates:bytes	0x1073F0	
0x11D4C8	nn::os::CTR::IsRunOnSnake()	fefates:bytes	0x23F930	
0x11D534	nn::os::CTR::detail::SetInternalErrorHandlingMode(bool)	fefates:callgraph	0x104F2C	
0x11D544	nn::cfg::CTR::Initialize()	fefates:bytes	0x10CF04	
0x11DEC8	nn::os::WaitableCounter::Initialize()	fefates:bytes	0x107350	
0x11DF04	nn::os::Initialize()	fefates:bytes	0x1074D0	
0x11DF28	nn::os::detail::InitializeStackMemory()	fefates:bytes	0x1074F4	
0x11DF90	nn::os::detail::InitializeSharedMemory()	fefates:callgraph	0x10755C	
0x11DFA4	nn::os::detail::SaveThreadLocalRegionAddress()	fefates:callgraph	0x107570	
0x11E0A4	nn::cfg::CTR::GetLanguage()	fefates:bytes-fuzzy	0x2434CC	
0x11E1CC	nn::cfg::CTR::IsDebugMode()	fefates:bytes	0x116AB0	
0x11E244	nn::cfg::CTR::GetFsLatencyEmulationParam()	fefates:bytes	0x10CF2C	
0x11E2B4	nninitSetupDaemons	fefates:callgraph	0x10761C	
0x11E2B8	nn::ndm::SetupDaemonsDefault()	fefates:bytes	0x107620	
0x11E348	nninitSetupDefault	fefates:callgraph	0x107670	
0x11E34C	nn::srv::StartNotification()	fefates:bytes	0x107674	
0x11E410	nn::srv::RegisterNotificationHandler(nn::srv::NotificationHandler*,unsigned int)	fefates:bytes	0x107738	
0x11E4A0	nn::srv::detail::Service::RegisterClient()	fefates:bytes	0x1077C8	
0x11E59C	nn::applet::CTR::detail::GetTargetPlatform(nn::ptm::CTR::TargetPlatform*)	fefates:callgraph	0x305C30	
0x11E5C0	nn::applet::CTR::detail::InitializeConnect(unsigned int,unsigned int,int)	fefates:bytes	0x107A10	
0x11E794	nn::applet::CTR::detail::APPLET::SetScreenCapturePostPermission(nn::applet::CTR::ScreenCapturePostPermission)	fefates:bytes	0x107D8C	
0x11E7D0	nn::applet::CTR::detail::Enable(bool)	fefates:bytes	0x107DC8	
0x11F678	nn::os::ReaderWriterLock::Initialize()	fefates:callgraph	0x10CE20	
0x11F690	nn::os::ReaderWriterLock::ReaderWriterLock()	fefates:bytes	0x10CE38	
0x11F6B8	nn::os::CTR::MPCore::InitializeDeviceAddress()	fefates:bytes	0x10CE54	
0x11FCF0	nn::cfg::CTR::detail::Initialize()	fefates:bytes	0x116B28	
0x11FDCC	nn::cfg::CTR::detail::FinalizeProperPort(nn::cfg::CTR::detail::_IPCPortType)	fefates:bytes	0x116C04	
0x11FE84	nn::cfg::CTR::detail::InitializeProperPort(nn::cfg::CTR::detail::_IPCPortType*)	fefates:bytes	0x116CBC	
0x11FEF0	nn::cfg::CTR::detail::GetRegion()	fefates:bytes	0x2438C8	
0x11FF0C	nn::fnd::ExpHeapBase::Initialize(unsigned int,unsigned int,unsigned int)	fefates:bytes	0x244D48	
0x11FF34	nn::ndm::Initialize()	fefates:bytes	0x117158	
0x11FFC0	nn::srv::anonymous_namespace::DispatcherThread()	fefates:bytes	0x10D580	
0x1200BC	nn::srv::detail::Service::EnableNotification(nn::Handle*)	fefates:bytes	0x10D67C	
0x1200F8	nn::gxlow::CTR::SetAppletMode()	fefates:callgraph	0x10D80C	
0x12010C	nn::applet::CTR::EnableSleep(bool)	fefates:bytes	0x10D8B4	
0x12012C	nn::applet::CTR::GetAttribute()	fefates:callgraph	0x118258	
0x12013C	nn::applet::CTR::IsInfoAccess()	fefates:bytes	0x10D90C	
0x12015C	nn::applet::CTR::SetAttribute(unsigned int)	fefates:callgraph	0x10D92C	
0x12016C	nn::applet::CTR::IsInitialized()	fefates:callgraph	0x118294	
0x12017C	nn::applet::CTR::ReplySleepQuery(nn::applet::CTR::QueryReply)	fefates:bytes	0x1078B8	
0x1201C0	nn::applet::CTR::InitializeWrapper()	fefates:bytes	0x10D950	
0x120254	nn::applet::CTR::SetId(unsigned int)	fefates:callgraph	0x10DA24	
0x120264	nn::applet::CTR::detail::Disconnect()	fefates:bytes	0x10DA34	
0x1202B0	nn::applet::CTR::detail::InitializeMutex(nn::Handle)	fefates:callgraph	0x10DC08	
0x1202C0	nn::applet::CTR::detail::SetInitialParamSize(int)	fefates:callgraph	0x10E494	
0x1202D0	nn::applet::CTR::detail::SetInitialParamValid()	fefates:callgraph	0x10E650	
0x1202E4	nn::applet::CTR::detail::GetInitialParamBuffer()	fefates:callgraph	0x10E664	
0x1202F0	nn::applet::CTR::detail::SetInitialWakeupState(nn::applet::CTR::WakeupState)	fefates:callgraph	0x10E670	
0x120300	nn::applet::CTR::detail::InitializeClientThread(int,nn::Handle,nn::Handle)	fefates:bytes	0x10E680	
0x1204B8	nn::applet::CTR::detail::SetInitialParamSenderId(unsigned int)	fefates:callgraph	0x10E8C4	
0x1204C8	nn::applet::CTR::detail::APPLET::Initialize(unsigned int,unsigned int,nn::Handle*,nn::Handle*)	fefates:bytes	0x10EBF0	
0x120518	nn::applet::CTR::detail::APPLET::GetLockHandle(nn::Handle*,unsigned int,unsigned int*,unsigned int*)	fefates:bytes	0x10EC40	
0x120574	nn::applet::CTR::detail::APPLET::GetTargetPlatform(nn::ptm::CTR::TargetPlatform*)	fefates:bytes	0x30626C	
0x1205B4	nn::applet::CTR::detail::APPLET::SetApplicationCpuTimeLimit(int,int)	fefates:bytes	0x10EC9C	
0x1205EC	nn::applet::CTR::detail::APPLET::Enable(unsigned int)	fefates:bytes	0x10ECD4	
0x120624	nn::applet::CTR::detail::Connect()	fefates:bytes	0x10ED0C	
0x1216A0	nngxActiveDisplay	fefates:bytes	0x113CA8	
0x1216D0	nngxBindCmdlist	fefates:bytes	0x11E7C0	
0x121894	nngxBindDisplaybuffer	fefates:bytes	0x113DA0	
0x12199C	nngxCmdlistStorage	fefates:bytes	0x113F38	
0x121A84	nngxDisplaybufferStorage	fefates:bytes	0x114044	
0x121B48	nngxGenCmdlists	fefates:bytes	0x1142C4	
0x121C7C	nngxGenDisplaybuffers	fefates:bytes	0x1143F8	
0x121DB4	nngxGetVramEndAddr	fefates:bytes	0x132434	
0x121DF0	nngxGetVramStartAddr	fefates:bytes	0x132470	
0x121E40	nngxInitialize	fefates:bytes	0x114588	
0x122AE4	nngxSetDisplayMode	fefates:bytes	0x10B1D4	
0x122B2C	nnosAddressSpaceManagerInitialize	fefates:bytes	0x115680	
0x123B90	nn::gr::CTR::FrameBuffer::FrameBuffer()	fefates:bytes	0x23D82C	
0x123C08	nn::gr::CTR::RenderState::RenderState()	fefates:bytes	0x12AD58	
0x123D18	nn::os::ThreadLocalStorage::ClearAllSlots()	fefates:bytes	0x1168FC	
0x123D64	nn::os::CTR::SetupThreadCppExceptionEnvironment()	fefates:bytes	0x116948	
0x1242E0	nn::cfg::CTR::detail::FinalizeSys()	fefates:bytes	0x120708	
0x12435C	nn::cfg::CTR::detail::FinalizeInit()	fefates:bytes	0x120784	
0x1243D0	nn::cfg::CTR::detail::InitializeSys()	fefates:bytes	0x1207F8	
0x124478	nn::cfg::CTR::detail::InitializeInit()	fefates:bytes	0x1208A0	
0x124524	nn::cfg::CTR::detail::GetConfig(void*,unsigned int,unsigned int)	fefates:callgraph	0x1209EC	
0x124528	nn::cfg::CTR::detail::IpcUser::GetConfig(void*,unsigned int,unsigned int)	fefates:bytes	0x1209F0	
0x124574	nn::cfg::CTR::detail::IpcUser::GetRegion(nn::cfg::CTR::CfgRegionCode*)	fefates:bytes	0x243888	
0x1245B0	nn::dsp::CTR::OrderToWaitForFinalize()	fefates:bytes	0x116DAC	
0x1245F8	nn::fnd::detail::CreateHeap(nn::fnd::detail::ExpHeapImpl*,void*,unsigned int,unsigned short)	fefates:bytes	0x244DD8	
0x12468C	nn::fnd::DateTime::FromParameters(const nn::fnd::DateTimeParameters&)	fefates:bytes	0x245630	
0x1246C0	nn::fnd::DateTime::GetNow()	fefates:bytes	0x2456D4	
0x124720	nn::ndm::SuspendDaemons(unsigned int)	fefates:callgraph	0x1171E4	
0x124724	nn::ndm::CTR::detail::Interface::SuspendDaemons(unsigned int)	fefates:bytes	0x1171E8	
0x12475C	nn::ndm::OverrideDefaultDaemons(unsigned int)	fefates:callgraph	0x117220	
0x124760	nn::ndm::CTR::detail::Interface::OverrideDefaultDaemons(unsigned int)	fefates:bytes	0x117224	
0x124798	nn::srv::detail::Service::ReceiveNotification(unsigned int*)	fefates:callgraph	0x117D60	
0x1247D8	nn::gxlow::CTR::StartLcdDisplay()	fefates:bytes	0x10D824	
0x124800	nn::applet::CTR::GetAppletType()	fefates:callgraph	0x10D93C	
0x124814	nn::applet::CTR::IsApplication()	fefates:bytes	0x118268	
0x124858	nn::applet::CTR::IsReceivedWakeupByCancel()	fefates:callgraph	0x10D9E4	
0x1248A8	nn::applet::CTR::ReceiveCallbackForCommands(unsigned int)	fefates:bytes	0x118394	
0x124D60	nn::applet::CTR::SetExpectationToJumpToHome(bool)	fefates:callgraph	0x10DA14	
0x124D70	nn::applet::CTR::SetReceivedWakeupByCancelFlag()	fefates:callgraph	0x11884C	
0x1250DC	nn::applet::CTR::detail::LockTransition(unsigned int,bool)	fefates:bytes	0x10DBD4	
0x125110	nn::applet::CTR::detail::UnlockTransition(unsigned int)	fefates:bytes	0x10E0D4	
0x12513C	nn::applet::CTR::detail::RestartApplication(const void*,unsigned int)	fefates:bytes	0x107C4C	
0x125188	nn::applet::CTR::detail::RestoreVramSysArea()	fefates:bytes	0x118C94	
0x1251B0	nn::applet::CTR::detail::SetReceiveCallback(bool (*)(unsigned int),unsigned int)	fefates:callgraph	0x118CBC	
0x1251C0	nn::applet::CTR::ClearHomeButtonState()	fefates:bytes	0x10E44C	
0x1251DC	nn::applet::CTR::detail::SleepIfShellClosed()	fefates:bytes	0x10E468	
0x125208	nn::applet::CTR::detail::SetPowerButtonState(nn::applet::CTR::PowerButtonState)	fefates:callgraph	0x118CCC	
0x125218	nn::applet::CTR::detail::GetOrderToCloseState()	fefates:callgraph	0x10E640	
0x125228	nn::applet::CTR::detail::SetOrderToCloseState(nn::applet::CTR::OrderToCloseState)	fefates:callgraph	0x118CDC	
0x12523C	nn::applet::CTR::detail::Receive(unsigned int*,unsigned int*,unsigned char*,unsigned int,int*,nn::Handle*,nn::fnd::TimeSpan)	fefates:bytes	0x1190DC	
0x125500	nn::applet::CTR::detail::IsActive()	fefates:callgraph	0x1193A0	
0x125510	nn::applet::CTR::detail::SetActive()	fefates:callgraph	0x10EE40	
0x125524	nn::friends::CTR::detail::Initialize()	fefates:bytes	0x30D028	
0x1256A0	nn::friends::CTR::detail::GetFriendKeyList(nnfriendsFriendKey*,unsigned int*,unsigned int,unsigned int)	fefates:bytes	0x30D2C0	
0x126C04	nn::fnd::DateTime::GetParameters() const	fefates:bytes	0x5110C0	
0x126DB8	__fb_initializeFBManager	fefates:bytes	0x11D794	
0x126DFC	__shm_initializeShaderManager	fefates:bytes	0x11D7D8	
0x127644	__sta_initializeState	fefates:bytes	0x11E020	
0x127ADC	__tx_initializeTexManager	fefates:bytes	0x11E4B8	
0x127C90	__vb_initializeVBManager	fefates:bytes	0x11E66C	
0x127D04	__vldtr_initializeStateValidator	fefates:bytes	0x11E6E0	
0x127D94	glGetError	fefates:bytes	0x11E734	
0x127DAC	nngxDeleteCmdlists	fefates:bytes	0x11E928	
0x1280C8	nngxMoveCommandbufferPointer	fefates:bytes	0x5C8A50	
0x1280E0	nngxSplitDrawCmdlist	fefates:bytes	0x115284	
0x128370	nn::os::detail::InitializeThreadEnvrionment()	fefates:callgraph	0x11F390	
0x128424	nngxlowGetSystemTick	fefates:callgraph	0x1334E8	
0x1290C0	nn::fs::ExtSaveDataSpecifier::Make(nn::fs::MediaType,unsigned long long)	fefates:bytes	0x22F934	
0x1290D8	nn::fs::GetRomRequiredMemorySizeImpl(unsigned int,unsigned int,bool,const nn::fs::CTR::ProgramDataPath&)	fefates:bytes	0x10C924	
0x12925C	nn::fs::CTR::MPCore::detail::UserFileSystem::TryDeleteFile(const wchar_t*)	fefates:bytes	0x116018	
0x1292C8	nn::fs::CTR::MPCore::detail::RegisterArchive(const char*,nn::fs::CTR::MPCore::detail::IArchive*,bool,bool)	fefates:bytes	0x116144	
0x129424	nn::fs::CTR::MPCore::detail::ContentRomFsArchive::Create(nn::fs::CTR::MPCore::detail::ContentRomFsArchive**,unsigned int,unsigned int,void*,unsigned int,bool,const nn::fs::CTR::ProgramDataPath&)	fefates:bytes	0x1162A0	
0x1296A8	nn::os::LightEvent::Signal()	fefates:bytes	0x11672C	
0x129760	nn::os::LightEvent::ClearSignal()	fefates:bytes	0x12B070	
0x1297C4	nn::os::SimpleLock::Unlock()	fefates:bytes	0x12B0D4	
0x129818	nn::os::AddressSpaceManager::Allocate(nn::os::MemoryBlockBase*,unsigned int,unsigned int)	fefates:bytes	0x12B3D4	
0x1299D4	nn::os::Thread::TryInitializeAndStartImpl(const nn::os::Thread::TypeInfo&,void (*)(unsigned int),const void*,unsigned int,int,int,bool)	fefates:bytes	0x139B7C	
0x129AC4	nn::os::detail::InvokeAllTlsDestructors()	fefates:bytes	0x1205AC	
0x129BA4	nn::cfg::CTR::detail::FinalizeBase(nn::Handle*)	fefates:bytes	0x12B6A8	
0x129BE8	nn::cfg::CTR::detail::InitializeBase(nn::Handle*,const char*)	fefates:bytes	0x12B6EC	
0x129C44	nn::cfg::CTR::detail::GetCriticalSectionForInitializeFinalize()	fefates:bytes	0x12094C	
0x129D38	nn::dsp::CTR::Awake()	fefates:callgraph	0x120A4C	
0x129E04	nn::err::CTR::ThrowFatalErr(nn::Result,nnerrFatalErrType,unsigned int)	fefates:bytes	0x116DF4	
0x129E3C	nn::err::CTR::ThrowFatalErr(nn::Result,unsigned int)	fefates:bytes	0x120BE4	
0x129E84	nn::err::CTR::ThrowFatalErrAll(nn::Result,unsigned int)	fefates:bytes	0x116F34	
0x129EB4	nn::err::CTR::anonymous_namespace::Throw(nn::err::CTR::FatalErrInfo&)	fefates:bytes	0x120C2C	
0x129FD0	nn::fnd::detail::NNSi_FndInitHeapHead(nn::fnd::detail::ExpHeapImpl*,unsigned int,void*,void*,unsigned short)	fefates:bytes	0x24504C	
0x12A08C	nn::fnd::DateTime::DaysToDate(int*,int*,int*,int)	fefates:bytes	0x2454A0	
0x12A21C	nn::fnd::DateTime::FromParameters(int,int,int,int,int,int,int)	fefates:bytes	0x245664	
0x12A28C	nn::fnd::DateTime::operator+=(const nn::fnd::TimeSpan&)	fefates:bytes	0x24576C	
0x12A348	nn::mic::CTR::Initialize()	fefates:bytes	0x2458F8	
0x12A41C	nn::mic::CTR::SetBuffer(void*,unsigned int)	fefates:bytes	0x245D7C	
0x12A4AC	nn::ptm::CTR::detail::GetSwcMilliSeconds()	fefates:bytes	0x2F23E8	
0x12A800	nn::srv::Initialize()	fefates:bytes	0x117C3C	
0x12A924	nn::srv::GetServiceHandle(nn::Handle*,const char*,int,unsigned int)	fefates:bytes	0x122690	
0x12A958	nn::srv::detail::Service::GetServiceHandle(nn::Handle*,const char*,int,unsigned int)	fefates:bytes	0x1226C4	
0x12A9DC	nngxlowInitialize	fefates:callgraph	0x122834	
0x12A9E0	nn::gxlow::CTR::Initialize()	fefates:bytes	0x122838	
0x12AAE4	nngxlowWriteHWRegs	fefates:callgraph	0x122968	
0x12AB10	nngxlowYieldThread	fefates:callgraph	0x122994	
0x12AB24	nn::gxlow::CTR::AcquireGpuRight()	fefates:bytes	0x122A4C	
0x12AB8C	nn::gxlow::CTR::ReleaseGpuRight()	fefates:bytes	0x122AB4	
0x12ABE0	nn::gxlow::CTR::RestoreVramSysArea()	fefates:callgraph	0x122B08	
0x12AC08	nngxlowWriteHWRegsWithMask	fefates:callgraph	0x122B30	
0x12AC0C	nn::gxlow::CTR::WriteHWRegsWithMask(unsigned int,const void*,const void*,unsigned int)	fefates:bytes	0x122B34	
0x12AC3C	nngxlowIsFirstInitialization	fefates:callgraph	0x122B64	
0x12AC54	nngxlowRegisterInterruptHandler	fefates:callgraph	0x122B7C	
0x12AC58	nn::gxlow::CTR::RegisterInterruptHandler(void (*)(),nngxlowInterrupt)	fefates:bytes	0x122B80	
0x12ACA0	nngxlowGetNumSpeculativeRequests	fefates:callgraph	0x122BC8	
0x12ACB4	nn::gxlow::CTR::detail::IsAppletMode()	fefates:callgraph	0x122C84	
0x12ACD0	nn::applet::CTR::SetUserPortName()	fefates:callgraph	0x118304	
0x12ACE0	nn::applet::CTR::GetTransitionType()	fefates:callgraph	0x118314	
0x12ACF0	nn::applet::CTR::SetMessageCommand(unsigned int)	fefates:callgraph	0x122CC4	
0x12AD00	nn::applet::CTR::SetTransitionType(nn::applet::CTR::TransitionType)	fefates:callgraph	0x118324	
0x12AD10	nn::applet::CTR::GetHomeButtonState()	fefates:callgraph	0x118334	
0x12AD20	nn::applet::CTR::SetHomeButtonState(nn::applet::CTR::HomeButtonState)	fefates:callgraph	0x118374	
0x12AD44	nn::applet::CTR::IsToCallShutdownCallback()	fefates:callgraph	0x122CE8	
0x12AD54	nn::applet::CTR::ClearShutdownCallbackFlag()	fefates:callgraph	0x122CF8	
0x12AD68	nn::applet::CTR::SetSleepNotificationState(nn::applet::CTR::SleepNotificationState)	fefates:callgraph	0x118384	
0x12AD8C	nn::applet::CTR::IsToCallPowerButtonCallback()	fefates:callgraph	0x122D20	
0x12AD9C	nn::applet::CTR::ClearPowerButtonCallbackFlag()	fefates:callgraph	0x122D30	
0x12ADB0	nn::applet::CTR::GetId()	fefates:callgraph	0x122D44	
0x12ADC0	nn::applet::CTR::detail::TryReceive(unsigned int*,unsigned int*,unsigned char*,unsigned int,int*,nn::Handle*,bool)	fefates:bytes	0x122D54	
0x12AEF4	nn::applet::CTR::detail::CallUtility(unsigned int,const unsigned char*,unsigned int,unsigned char*,unsigned int,int*)	fefates:bytes	0x122E88	
0x12AFC0	nn::applet::CTR::detail::SetInactive()	fefates:callgraph	0x118BB8	
0x12AFD4	nn::applet::CTR::detail::AssignDspRight(bool)	fefates:bytes	0x118BCC	
0x12B024	nn::applet::CTR::detail::AssignGpuRight(bool)	fefates:bytes	0x118C1C	
0x12B09C	nn::applet::CTR::detail::LockAndConnect()	fefates:bytes	0x122FD0	
0x12B0D0	nn::applet::CTR::detail::CancelParameter(bool,unsigned int,bool,unsigned int)	fefates:bytes	0x123004	
0x12B124	nn::applet::CTR::detail::WaitForStarting(unsigned int*,unsigned char*,unsigned int,int*,nn::Handle*,nn::fnd::TimeSpan)	fefates:bytes	0x10DC18	
0x12B55C	nn::applet::CTR::detail::GetSleepSysState()	fefates:callgraph	0x1231DC	
0x12B58C	nn::applet::CTR::detail::DoApplicationJump(const unsigned char*,unsigned int,const unsigned char*,unsigned int)	fefates:bytes	0x10E100	
0x12B6C4	nn::applet::CTR::detail::ClearSleepSysState()	fefates:callgraph	0x123218	
0x12B6D8	nn::applet::CTR::detail::NotifyToWait()	fefates:bytes	0x12322C	
0x12B6FC	nn::applet::CTR::detail::DisconnectAndUnlock()	fefates:bytes	0x123250	
0x12B76C	nn::applet::CTR::detail::CloseApplication(const unsigned char*,unsigned int,nn::Handle)	fefates:bytes	0x10E4A4	
0x12B7A8	nn::applet::CTR::detail::CloseApplicationCore(const unsigned char*,unsigned int,nn::Handle)	fefates:bytes	0x10E4E0	
0x12B908	nn::applet::CTR::detail::PrepareToJumpApplication(nn::applet::CTR::AppJumpType,unsigned long long,nn::fs::MediaType)	fefates:bytes	0x10E8D4	
0x12B9A4	nn::applet::CTR::detail::ReplySleepQueryToManager(nn::applet::CTR::QueryReply)	fefates:bytes	0x118CEC	
0x12B9D0	nn::applet::CTR::detail::GetAbsoluteHomeButtonState()	fefates:callgraph	0x123528	
0x12B9F0	nn::applet::CTR::detail::ClearAbsoluteHomeButtonState()	fefates:callgraph	0x123548	
0x12BA04	nn::applet::CTR::detail::ReplySleepNotificationCompleteToManager()	fefates:bytes	0x12355C	
0x12BA28	nn::applet::CTR::detail::Send(unsigned int,unsigned int,const unsigned char*,unsigned int,nn::Handle,nn::fnd::TimeSpan)	fefates:bytes	0x123580	
0x12BC1C	nn::applet::CTR::detail::APPLET::SleepSystem(unsigned long long)	fefates:bytes	0x123774	
0x12BC54	nn::applet::CTR::detail::APPLET::NotifyToWait(unsigned int)	fefates:bytes	0x1237F0	
0x12BC8C	nn::applet::CTR::detail::APPLET::InquireNotification(unsigned int,nn::applet::CTR::Notification*)	fefates:bytes	0x1238F8	
0x12BCD0	nn::applet::CTR::detail::Glance(unsigned int*,unsigned int*,unsigned char*,unsigned int,int*,nn::Handle*)	fefates:bytes	0x12393C	
0x12BD6C	nn::camera::CTR::detail::ArriveApplication()	fefates:bytes	0x1239D8	
0x12BDAC	nn::friends::CTR::detail::IsInitializedAdmin()	fefates:callgraph	0x123FCC	
0x12BDE8	nn::friends::CTR::detail::Friends::GetMyPresence(nnfriendsMyPresence*)	fefates:bytes	0x30DB18	
0x12BE38	nn::friends::CTR::detail::Friends::GetFriendKeyList(nnfriendsFriendKey*,unsigned int*,unsigned int,unsigned int)	fefates:bytes	0x30DBB0	
0x12BEA0	nn::friends::CTR::detail::Friends::SetClientSdkVersion(unsigned int)	fefates:bytes	0x30DCF4	
0x12DF08	nn::gr::CTR::RenderState::Blend::MakeCommand(unsigned int*,bool) const	fefates:bytes	0x130BC8	
0x12E1E8	nn::gr::CTR::RenderState::ShadowMap::MakeCommand(unsigned int*,bool,bool) const	fefates:bytes	0x50F61C	
0x12E3D4	__fbv_initializeFBValidator	fefates:callgraph	0x127308	
0x12E3E0	__shv_initializeShaderValidator	fefates:bytes	0x127314	
0x12E4BC	__txv_initializeTextureValidator	fefates:bytes	0x1273F0	
0x12F38C	nn::os::Thread::ThreadStart(unsigned int)	fefates:bytes	0x11F478	
0x12FD74	mw::qrd::QRDecoder::Finalize()	fefates:bytes	0x106FEC	
0x12FDA0	nn::fs::Initialize()	fefates:bytes	0x10C790	
0x12FE60	nn::fs::GetRomRequiredMemorySize(unsigned int,unsigned int,bool)	fefates:bytes	0x1071BC	
0x12FE88	nn::fs::CTR::MPCore::detail::RomFsArchive::Initialize(nn::fs::CTR::MPCore::detail::IFile*,unsigned int,unsigned int,void*,unsigned int,bool)	fefates:bytes	0x12A2C4	
0x130268	nn::fs::CTR::MPCore::detail::UserFileSystem::CloseFile(void*)	fefates:callgraph	0x120170	
0x130280	nn::fs::CTR::MPCore::detail::ContentRomFsArchive::AllocateBuffer()	fefates:bytes	0x12A91C	
0x130368	nn::fs::CTR::MPCore::detail::ContentRomFsArchive::ContentRomFsArchive()	fefates:bytes	0x12AA04	
0x13044C	nn::fs::ipc::FileSystem::OpenArchive(unsigned long long*,unsigned int,unsigned int,const unsigned char*,unsigned int)	fefates:bytes	0x116400	
0x1304AC	nn::fs::ipc::FileSystem::CloseArchive(unsigned long long)	fefates:callgraph	0x116460	
0x1304DC	nn::fs::ipc::FileSystem::OpenFileDirectly(nn::Handle*,nn::fs::Transaction,unsigned int,unsigned int,const unsigned char*,unsigned int,unsigned int,const unsigned char*,unsigned int,unsigned int,nn::fs::Attributes)	fefates:bytes	0x120188	
0x13057C	nn::fs::detail::GetGlobalFileSystemBase()	fefates:bytes	0x11658C	
0x13059C	nn::fs::MountRom(unsigned int,unsigned int,void*,unsigned int,bool)	fefates:bytes	0x107238	
0x1305D8	nn::os::LightEvent::Initialize(bool)	fefates:bytes	0x1202AC	
0x13060C	nn::os::LightEvent::Wait()	fefates:bytes	0x1202E0	
0x1306D4	nn::os::LightEvent::TryWait()	fefates:bytes	0x12B020	
0x130724	nn::os::SimpleLock::Initialize()	fefates:callgraph	0x1203A8	
0x13073C	nn::os::SimpleLock::Lock()	fefates:bytes	0x134B98	
0x130764	nn::os::SimpleLock::LockImpl()	fefates:bytes	0x134BC0	
0x130820	nn::snd::CTR::VoiceManager::Initialize()	fefates:bytes	0x120448	
0x130840	nn::os::CriticalSection::Initialize()	fefates:bytes	0x120468	
0x13085C	nn::os::TransferMemoryBlock::Initialize(void*,unsigned int,unsigned int,unsigned int)	fefates:bytes	0x23F5FC	
0x1308F0	nn::os::CTR::detail::HandleInternalError(nn::Result)	fefates:bytes	0x12B5F0	
0x130960	nn::os::Thread::SleepImpl(nn::fnd::TimeSpan)	fefates:callgraph	0x1334F4	
0x130A5C	nn::cfg::CTR::Finalize()	fefates:callgraph	0x116DA8	
0x130A60	nn::dsp::CTR::IsComponentLoaded()	fefates:callgraph	0x120A3C	
0x130B28	nn::dsp::CTR::DSP::ForceHeadphoneOut(bool)	fefates:bytes	0x12B7D0	
0x130B60	nn::dsp::CTR::Sleep()	fefates:callgraph	0x120A68	
0x130C04	nn::dsp::CTR::WakeUp()	fefates:callgraph	0x120AEC	
0x130C84	nn::err::CTR::FatalErr::Throw(const nn::err::CTR::FatalErrInfo&)	fefates:bytes	0x12B808	
0x130CBC	nn::fnd::detail::AllocFromHeap(nn::fnd::detail::ExpHeapImpl*,unsigned int,int)	fefates:bytes	0x244E6C	
0x130E04	nn::fnd::detail::AppendListObject(nn::fnd::detail::NNSFndList*,void*)	fefates:bytes	0x244FB4	
0x130E6C	nn::fnd::detail::SetGroupIDForHeap(nn::fnd::detail::ExpHeapImpl*,unsigned short)	fefates:callgraph	0x24501C	
0x130E7C	nn::fnd::detail::SetAllocModeForHeap(nn::fnd::detail::ExpHeapImpl*,unsigned short)	fefates:bytes	0x24502C	
0x130E9C	nn::fnd::detail::UseMarginOfAlignmentForHeap(nn::fnd::detail::ExpHeapImpl*,bool)	fefates:callgraph	0x245380	
0x130EAC	nn::fnd::detail::InitList(nn::fnd::detail::NNSFndList*,unsigned short)	fefates:bytes	0x245390	
0x130ED4	nn::fnd::DateTime::DateToDays(int,int,int)	fefates:bytes	0x2453A8	
0x130FCC	nn::fnd::DateTime::DateTime(int,int,int,int,int,int,int)	fefates:bytes	0x245734	
0x131004	nn::mic::CTR::detail::Mic::AllocateBuffer(nn::Handle,unsigned int)	fefates:bytes	0x245BF8	
0x131048	nn::mic::CTR::detail::Mic::InitializeWithSdkVersion(unsigned int)	fefates:bytes	0x245C84	
0x131194	nn::gxlow::CTR::IsInitialized()	fefates:callgraph	0x122A08	
0x1311A4	nn::gxlow::CTR::StopLcdDisplay()	fefates:bytes	0x1180AC	
0x13123C	nn::gxlow::CTR::InterruptReceiver::Initialize()	fefates:bytes	0x12ECCC	
0x13142C	nn::gxlow::CTR::InterruptReceiver::WaitAnyHandlerDone()	fefates:bytes	0x12EEBC	
0x131474	nn::gxlow::CTR::InterruptRelayQueueRx::SuppressPdcEvents(bool)	fefates:bytes	0x12EF70	
0x1314B0	nn::gxlow::CTR::Gpu::WriteHWRegs(unsigned int,const unsigned char*,unsigned int)	fefates:bytes	0x12F074	
0x1314F8	nn::gxlow::CTR::Gpu::AcquireRight(nn::Handle,bool)	fefates:bytes	0x12F0BC	
0x13153C	nn::gxlow::CTR::Gpu::ReleaseRight()	fefates:bytes	0x12F100	
0x131564	nn::gxlow::CTR::Gpu::SetLcdForceBlack(bool)	fefates:bytes	0x122C04	
0x1315C4	nn::gxlow::CTR::Gpu::WriteHWRegsWithMask(unsigned int,const unsigned char*,const unsigned char*,unsigned int)	fefates:bytes	0x12F18C	
0x131624	nngxlowLock	fefates:callgraph	0x122C64	
0x131634	nngxlowUnlock	fefates:callgraph	0x122C74	
0x131644	nn::applet::CTR::CloseAppletHook(bool)	fefates:bytes	0x1182C4	
0x131684	nn::applet::CTR::GetMessageCommand()	fefates:callgraph	0x122CB4	
0x131694	nn::applet::CTR::detail::SetPortName(const char*)	fefates:bytes	0x122F54	
0x1316AC	nn::applet::CTR::detail::ClearControlEvent()	fefates:callgraph	0x12320C	
0x1316B8	nn::applet::CTR::detail::WaitForControlEvent()	fefates:callgraph	0x12F1F8	
0x1316C4	nn::applet::CTR::detail::FinalizeClientThread()	fefates:bytes	0x12F204	
0x131764	nn::applet::CTR::detail::TryWaitForControlEvent()	fefates:callgraph	0x12351C	
0x131770	nn::applet::CTR::detail::CancelLibraryAppletIfRegistered(bool,nn::applet::CTR::WakeupState*)	fefates:bytes	0x10EA7C	
0x1318E4	nn::applet::CTR::detail::APPLET::AppletUtility(unsigned int,const unsigned char*,unsigned int,unsigned char*,unsigned int,int*)	fefates:bytes	0x12F2A4	
0x131960	nn::applet::CTR::detail::APPLET::SendParameter(unsigned int,unsigned int,unsigned int,const unsigned char*,unsigned int,nn::Handle)	fefates:bytes	0x12F320	
0x1319B8	nn::applet::CTR::detail::APPLET::CancelParameter(bool,unsigned int,bool,unsigned int,bool*)	fefates:bytes	0x12F378	
0x131A14	nn::applet::CTR::detail::APPLET::GlanceParameter(unsigned int*,unsigned int,unsigned int*,unsigned char*,unsigned int,int*,nn::Handle*)	fefates:bytes	0x12F3D4	
0x131AA0	nn::applet::CTR::detail::APPLET::ReplySleepQuery(unsigned int,nn::applet::CTR::QueryReply)	fefates:bytes	0x123828	
0x131AE4	nn::applet::CTR::detail::APPLET::CloseApplication(const unsigned char*,unsigned int,nn::Handle)	fefates:bytes	0x118E38	
0x131B38	nn::applet::CTR::detail::APPLET::ReceiveParameter(unsigned int*,unsigned int,unsigned int*,unsigned char*,unsigned int,int*,nn::Handle*)	fefates:bytes	0x12386C	
0x131BC4	nn::applet::CTR::detail::APPLET::DoApplicationJump(const unsigned char*,unsigned int,const unsigned char*,unsigned int)	fefates:bytes	0x118EFC	
0x131C28	nn::applet::CTR::detail::APPLET::PrepareToCloseApplication(bool)	fefates:bytes	0x11901C	
0x131C64	nn::applet::CTR::detail::APPLET::PrepareToDoApplicationJump(nn::applet::CTR::AppJumpType,unsigned long long,nn::fs::MediaType)	fefates:bytes	0x119058	
0x131CB0	nn::applet::CTR::detail::APPLET::ReplySleepNotificationComplete(unsigned int)	fefates:bytes	0x12F4AC	
0x131D24	nn::applet::CTR::detail::AssignCameraRight(bool)	fefates:callgraph	0x1193B0	
0x131D38	nn::camera::CTR::detail::LeaveApplication()	fefates:bytes	0x1193C4	
0x131DA8	nn::camera::CTR::detail::Camera::GetSleepCamera(nn::camera::CTR::CameraSelect*)	fefates:bytes	0x12F4E4	
0x131DE4	nn::camera::CTR::detail::Camera::SetSleepCamera(nn::camera::CTR::CameraSelect)	fefates:bytes	0x12F520	
0x131E20	nn::camera::CTR::detail::Camera::GetActivatedCamera(nn::camera::CTR::CameraSelect*)	fefates:bytes	0x12F55C	
0x1323C4	nw::snd::SoundArchivePlayer::SoundArchivePlayer()	fefates:bytes	0x32966C	
0x132530	nw::snd::WaveSoundHandle::DetachSound()	fefates:bytes	0x326318	nw::snd::SequenceSoundHandle::DetachSound()
0x132564	nw::snd::internal::SoundArchiveLoader::LoadData(unsigned int,nw::snd::SoundMemoryAllocatable*,unsigned int,unsigned int)	fefates:bytes-fuzzy	0x32E2AC	
0x1327F4	nw::snd::SoundHeap::Create(void*,unsigned int)	fefates:bytes	0x33A2F0	
0x132834	nw::snd::SoundHeap::SoundHeap()	fefates:bytes	0x33A330	
0x134564	nn::gr::CTR::RenderState::FBAccess::MakeCommand(unsigned int*,bool) const	fefates:bytes	0x137DB8	
0x134718	nn::fnd::TimeSpan::DivideNanoSeconds(long long,int) const	fefates:bytes	0x5114FC	
0x134D28	__ARM_common_memclr4_12	fefates:callgraph	0x54AF78	
0x134D3C	__shv_initializeShaderValidatorHWRegister	fefates:bytes	0x131868	
0x135618	__txv_initializeTextureValidatorHWRegister	fefates:bytes	0x132144	
0x1356E0	__vbv_initializeVBValidator	fefates:callgraph	0x13220C	
0x1356EC	__vbv_validateVBValidator	fefates:bytes	0x132218	
0x13590C	nndbgPanic	fefates:callgraph	0x127484	
0x1359D4	nn::fs::CTR::MPCore::detail::FindArchive<wchar_t>(const wchar_t*)	fefates:bytes	0x127CD8	
0x135AA0	nn::fnd::UnitHeapTemplate<nn::os::LockPolicy::Object<nn::os::CriticalSection>>::Allocate()	fefates:bytes	0x128088	
0x135B60	nw::snd::internal::MoveValue<float,int>::GetValue() const	fefates:bytes	0x132B40	
0x13614C	nn::fs::GetPriority(int*)	fefates:bytes	0x12A2A4	
0x13616C	nn::fs::CTR::MPCore::detail::UserFileSystem::Initialize(nn::Handle)	fefates:bytes	0x10CAA8	
0x136198	nn::fs::CTR::MPCore::detail::UserFileSystem::TryCreateFile(const wchar_t*,long long)	fefates:bytes	0x115F9C	
0x136214	nn::fs::ipc::FileSystem::SetPriority(int)	fefates:bytes	0x10CB94	
0x136244	nn::fs::detail::RegisterGlobalFileSystemBase(nn::fs::detail::FileSystemBase&)	fefates:callgraph	0x10CBC4	
0x136254	nn::fs::Unmount(const char*)	fefates:bytes	0x10CBD4	
0x1363B4	nn::fs::MountRom(const char*,unsigned int,unsigned int,void*,unsigned int,bool)	fefates:bytes	0x10CD34	
0x136454	nn::os::MemoryBlock::Finalize()	fefates:bytes	0x23F390	
0x13647C	nn::os::CriticalSection::Enter()	fefates:bytes	0x12B258	
0x136520	nn::os::CriticalSection::Leave()	fefates:bytes	0x12B308	
0x1365BC	nn::os::Thread::FinalizeImpl()	fefates:bytes	0x12B660	
0x1367C0	nn::cec::CTR::MessageBox::~MessageBox()	fefates:bytes	0x2421E0	
0x1367E4	nn::cfg::CTR::detail::Finalize()	fefates:bytes	0x116D24	
0x136864	nn::dsp::CTR::DSP::LoadComponent(const unsigned char*,unsigned int,unsigned short,unsigned short,bool*)	fefates:bytes	0x12B748	
0x1368C4	nn::dsp::CTR::DSP::UnloadComponent()	fefates:bytes	0x12B7A8	
0x136918	nn::fnd::ExpHeapBase::Allocate(unsigned int,int,unsigned char,nn::fnd::ExpHeapBase::AllocationMode,bool)	fefates:bytes	0x244D70	
0x13697C	nn::fnd::ExpHeapBase::Finalize()	fefates:bytes	0x120D68	
0x1369A4	nn::fnd::UnitHeapBase::Initialize(unsigned int,unsigned int,unsigned int,int,unsigned int)	fefates:bytes	0x12B840	
0x136A44	nn::fnd::detail::AllocUsedBlockFromFreeBlock(nn::fnd::detail::NNSiFndExpHeapHead*,nn::fnd::detail::NNSiFndExpHeapMBlockHead*,void*,unsigned int,unsigned short)	fefates:bytes	0x24519C	
0x136C28	nn::fnd::HeapBase::FillMemory32(unsigned int,unsigned int,unsigned int)	fefates:bytes	0x120D90	
0x136D64	nn::y2r::CTR::detail::StopConversion()	fefates:callseq	0x2FB478	
0x136D80	nn::y2r::CTR::detail::IsBusyConversion()	fefates:callseq	0x2FB4D8	
0x136D9C	nn::gxlow::CTR::RequestDma(void*,const void*,unsigned int,bool,bool)	fefates:bytes	0x12EAA8	
0x136E1C	nn::gxlow::CTR::CmdReqQueueTx::Initialize(void*)	fefates:bytes	0x136D74	
0x136E7C	nn::gxlow::CTR::SetMemoryFill(void*,void*,unsigned int,unsigned int,void*,void*,unsigned int,unsigned int)	fefates:bytes	0x12EB28	
0x136EEC	nn::gxlow::CTR::FlushDataCache(const void*,unsigned int)	fefates:callseq	0x122A1C	
0x136F24	nn::gxlow::CTR::SetCommandlist(void*,unsigned int,bool,bool)	fefates:bytes	0x12EB9C	
0x136FF0	nn::gxlow::CTR::SetTextureCopy(void*,void*,unsigned int,unsigned short,unsigned short,unsigned short,unsigned short,unsigned int)	fefates:bytes	0x12EC68	
0x137054	nn::gxlow::CTR::InterruptReceiver::ReceiverThreadFunc(unsigned int)	fefates:bytes	0x136F7C	
0x1371AC	nn::gxlow::CTR::SetDisplayTransfer(void*,unsigned short,unsigned short,void*,unsigned short,unsigned short,unsigned int)	fefates:bytes	0x12EF04	
0x137218	nn::gxlow::CTR::Gpu::ReadHWRegs(unsigned int,unsigned char*,unsigned int)	fefates:bytes	0x12F020	
0x13726C	nn::gxlow::CTR::Gpu::RegisterInterruptRelayQueue(nn::Handle,unsigned int,nn::Handle*,int*)	fefates:bytes	0x137124	
0x1372BC	nn::gxlow::CTR::detail::IsFatalErrMode()	fefates:callgraph	0x137174	
0x1372CC	nn::gxlow::CTR::detail::GetInterruptReceiver()	fefates:callgraph	0x137184	
0x1372DC	nn::gxlow::CTR::detail::GetGpuIpc()	fefates:callgraph	0x12F1EC	
0x1372E8	nn::applet::CTR::PrepareToExit()	fefates:callgraph	0x122CA0	
0x1372F8	nn::applet::CTR::IsSystemApplet()	fefates:bytes	0x1182A4	
0x137318	nn::applet::CTR::detail::APPLET::IsRegistered(unsigned int,bool*)	fefates:bytes	0x1237AC	
0x13735C	nn::applet::CTR::detail::APPLET::CancelLibraryApplet(bool)	fefates:bytes	0x118FB0	
0x137400	nn::camera::CTR::detail::Camera::Activate(nn::camera::CTR::CameraSelect)	fefates:bytes	0x12F598	
0x1374C8	nn::friends::CTR::detail::Finalize()	fefates:bytes	0x119888	
0x137580	nw::ut::internal::LinkListImpl::erase(nw::ut::internal::LinkListImpl::iterator)	fefates:bytes	0x119940	
0x137B28	nw::snd::internal::BasicSound::DetachGeneralHandle()	fefates:callgraph	0x32A028	
0x137B30	nw::snd::SoundHandle::DetachSound()	fefates:bytes	0x125160	
0x137B6C	nw::snd::SoundPlayer::detail_SortPriorityList(nw::snd::internal::BasicSound*)	fefates:bytes	0x1372D4	
0x137B94	nw::snd::SoundPlayer::InsertPriorityList(nw::snd::internal::BasicSound*)	fefates:bytes	0x1372FC	
0x137C74	nw::snd::SoundDataManager::SoundDataManager()	fefates:bytes	0x326630	
0x137CC0	nw::snd::internal::BasicSound::Stop(int)	fefates:bytes	0x12520C	
0x137D94	nw::snd::internal::SoundArchiveLoader::LoadSoundGroup(unsigned int,nw::snd::SoundMemoryAllocatable*,unsigned int,unsigned int)	fefates:bytes	0x32D1B8	
0x137F44	nw::snd::internal::SoundArchiveLoader::LoadSequenceSound(unsigned int,nw::snd::SoundMemoryAllocatable*,unsigned int,unsigned int)	fefates:bytes	0x32D3C0	
0x138028	nw::snd::internal::SoundArchiveLoader::PostProcessForLoadedGroupFile(const void*,nw::snd::SoundMemoryAllocatable*,unsigned int)	fefates:bytes	0x32D860	
0x138540	nw::snd::internal::FrameHeap::Create(void*,unsigned int)	fefates:bytes	0x339EE0	
0x1385C4	nw::snd::internal::FrameHeap::FrameHeap()	fefates:bytes	0x339F64	
0x139ACC	nw::snd::SoundArchive::IsAvailable() const	fefates:callgraph	0x51E7F8	
0x139D4C	nw::snd::SoundArchive::GetSoundType(unsigned int) const	fefates:callgraph	0x521608	
0x139D54	nw::snd::internal::SoundArchiveFileReader::GetSoundType(unsigned int) const	fefates:bytes	0x521610	nw::snd::internal::SoundArchiveFileReader::GetSoundUserParam(unsigned int) const
0x13A01C	__cb_fillRegs	fefates:bytes	0x138850	
0x13A0E4	__cb_multiWriteReg	fefates:bytes	0x138918	
0x13AE4C	nn::fs::CTR::MPCore::detail::UserFileSystem::TryOpenFile(void**,const wchar_t*,unsigned int)	fefates:bytes	0x11FFF8	
0x13AEE0	nn::fs::ipc::FileSystem::GetPriority(int*)	fefates:bytes	0x13395C	
0x13AF18	nn::fs::ipc::FileSystem::InitializeWithSdkVersion(unsigned int)	fefates:bytes	0x116554	
0x13AF50	nn::fs::detail::GetIpcFileSystem()	fefates:bytes	0x12AB20	
0x13AF84	nn::os::ReaderWriterLock::LockForWrite()	fefates:bytes	0x12B328	
0x13B02C	nn::os::SharedMemoryBlock::AttachAndMap(nn::Handle,unsigned int,bool)	fefates:bytes	0x120484	
0x13B054	nn::os::SharedMemoryBlock::Map(unsigned int,bool)	fefates:bytes	0x1204AC	
0x13B0E8	nn::os::ThreadLocalStorage::ThreadLocalStorage()	fefates:bytes	0x23F438	
0x13B398	nn::cec::CTR::MessageBox::Finalize()	fefates:bytes	0x242060	
0x13B454	nn::fnd::detail::FindContainHeap(nn::fnd::detail::NNSFndList*,const void*)	fefates:bytes	0x139C9C	
0x13B4AC	nn::fnd::detail::GetNextListObject(const nn::fnd::detail::NNSFndList*,const void*)	fefates:bytes	0x13D0E0	
0x13B4C4	nn::fnd::HeapBase::~HeapBase()	fefates:bytes	0x134D98	
0x13B524	nn::y2r::CTR::detail::Y2r::DriverFinalize()	fefates:bytes	0x2FB78C	
0x13B554	nn::y2r::CTR::detail::Y2r::StopConversion()	fefates:bytes	0x2FB7F8	
0x13B584	nn::y2r::CTR::detail::Y2r::IsBusyConversion(bool*)	fefates:bytes	0x2FB8C4	
0x13B5C0	nn::gxlow::CTR::CmdReqQueueTx::TryEnqueue(const nn::gxlow::CTR::detail::CmdReq*)	fefates:bytes	0x136DD4	
0x13B6B8	nn::gxlow::CTR::Gpu::FlushDataCache(nn::Handle,unsigned int,unsigned int)	fefates:bytes	0x12F128	
0x13B76C	nw::ut::FrameHeap::Create(void*,unsigned int,unsigned short)	fefates:bytes	0x30E0E0	
0x13BB38	nw::snd::internal::BankFileReader::BankFileReader(const void*)	fefates:bytes	0x32C7B4	
0x13BB9C	nw::snd::internal::GroupFileReader::GroupFileReader(const void*)	fefates:bytes	0x32C8F8	
0x13BC2C	nw::snd::internal::SoundArchiveLoader::LoadWaveSound(unsigned int,nw::snd::SoundMemoryAllocatable*,unsigned int,unsigned int,unsigned int)	fefates:bytes	0x32D024	
0x13BDC0	nw::snd::internal::SoundArchiveLoader::LoadWaveArchiveImpl(unsigned int,unsigned int,nw::snd::SoundMemoryAllocatable*,unsigned int,unsigned int)	fefates:bytes	0x32D618	
0x13BE80	nw::snd::internal::SoundArchiveLoader::SetWaveArchiveTableInEmbeddedGroupImpl(unsigned int,nw::snd::SoundMemoryAllocatable*)	fefates:bytes	0x32DF20	
0x13BFB8	nw::snd::internal::SoundArchiveLoader::LoadBank(unsigned int,nw::snd::SoundMemoryAllocatable*,unsigned int,unsigned int)	fefates:bytes	0x32E058	
0x13C1C4	nw::snd::internal::SoundArchiveLoader::LoadImpl(unsigned int,nw::snd::SoundMemoryAllocatable*,unsigned int,bool)	fefates:bytes	0x32E4F4	
0x13C2EC	nw::snd::internal::SoundArchiveLoader::SoundArchiveLoader()	fefates:bytes	0x32E818	
0x13C310	nw::snd::internal::WaveSoundFileReader::WaveSoundFileReader(const void*)	fefates:bytes	0x32EA44	
0x13CF0C	nn::nex::EventHandler::GetEventIndex(nn::nex::Event*) const	fefates:callseq-callee	0x141040	
0x13CF84	nw::snd::SoundArchive::ReadBankInfo(unsigned int,nw::snd::SoundArchive::BankInfo*) const	fefates:bytes	0x51E850	
0x13CFF0	nw::snd::SoundArchive::ReadSoundInfo(unsigned int,nw::snd::SoundArchive::SoundInfo*) const	fefates:bytes	0x51E900	
0x13D048	nw::snd::SoundArchive::ReadSequenceSoundInfo(unsigned int,nw::snd::SoundArchive::SequenceSoundInfo*) const	fefates:bytes	0x51ECCC	
0x13D0A0	nw::snd::SoundArchive::detail_ReadWaveSoundInfo(unsigned int,nw::snd::SoundArchive::WaveSoundInfo*) const	fefates:bytes	0x51ED24	
0x13D0F8	nw::snd::SoundArchive::detail_ReadSoundGroupInfo(unsigned int,nw::snd::SoundArchive::SoundGroupInfo*) const	fefates:bytes	0x51ED7C	
0x13D150	nw::snd::internal::WaveSoundFile::FileHeader::GetInfoBlock() const	fefates:bytes	0x51F298	
0x13D1BC	nw::snd::internal::WaveSoundFile::InfoBlockBody::GetWaveIdTable() const	fefates:callgraph	0x51F304	
0x13D1C8	nw::snd::internal::WaveSoundFile::InfoBlockBody::GetWaveSoundData(unsigned int) const	fefates:bytes	0x51F310	
0x13D1FC	nw::snd::internal::WaveSoundFile::WaveSoundData::GetNoteInfo(unsigned int) const	fefates:bytes	0x51F344	
0x13D238	nw::snd::internal::WaveSoundFile::NoteInfo::GetAdshrCurve() const	fefates:callgraph	0x51F5E0	
0x13D274	nw::snd::internal::WaveSoundFile::NoteInfo::GetOriginalKey() const	fefates:bytes	0x51F61C	
0x13D29C	nw::snd::internal::WaveSoundFile::NoteInfo::GetSurroundPan() const	fefates:bytes	0x51F644	
0x13D2C8	nw::snd::internal::WaveSoundFile::NoteInfo::GetPan() const	fefates:callgraph	0x51F670	
0x13D2F0	nw::snd::internal::WaveSoundFile::NoteInfo::GetPitch() const	fefates:callgraph	0x51F698	
0x13D364	nw::snd::internal::WaveSoundFile::NoteInfo::GetVolume() const	fefates:bytes	0x51F70C	
0x13D38C	nw::snd::internal::BankFileReader::GetWaveIdTable() const	fefates:bytes	0x51F734	
0x13D3A8	nw::snd::internal::GroupFileReader::GetGroupItemExCount() const	fefates:callgraph	0x51FAA8	
0x13D3B8	nw::snd::internal::GroupFileReader::ReadGroupItemInfoEx(nw::snd::internal::GroupFile::GroupItemInfoEx*,unsigned int) const	fefates:bytes	0x51FAB8	
0x13D3F8	nw::snd::internal::GroupFileReader::ReadGroupItemLocationInfo(nw::snd::internal::GroupItemLocationInfo*,unsigned int) const	fefates:bytes	0x51FAF8	
0x13D44C	nw::snd::internal::WaveSoundFileReader::ReadNoteInfo(nw::snd::internal::WaveSoundNoteInfo*,unsigned int,unsigned int) const	fefates:bytes	0x521038	
0x13D520	nw::snd::SoundArchive::GetItemFileId(unsigned int) const	fefates:callgraph	0x5216CC	
0x13D530	nw::snd::internal::SoundArchiveFileReader::ReadWaveSoundInfo(unsigned int,nw::snd::SoundArchive::WaveSoundInfo*) const	fefates:bytes	0x521894	
0x13D59C	nw::snd::internal::SoundArchiveFileReader::ReadSoundGroupInfo(unsigned int,nw::snd::SoundArchive::SoundGroupInfo*) const	fefates:bytes	0x521900	
0x13D5E8	nw::snd::internal::SoundArchiveFileReader::ReadSequenceSoundInfo(unsigned int,nw::snd::SoundArchive::SequenceSoundInfo*) const	fefates:bytes	0x521E1C	
0x13D658	nw::snd::internal::BankFile::FileHeader::GetInfoBlock() const	fefates:bytes	0x523AA0	
0x13D6C4	nw::snd::internal::BankFile::InfoBlockBody::GetWaveIdTable() const	fefates:callgraph	0x523C04	
0x13D834	__ARM_common_memcpy4_5	fefates:bytes	0x54AFDC	
0x13D848	__fb_detachSurfaceContainer	fefates:bytes	0x11D704	
0x13D9C0	nw::snd::internal::TaskManager::Initialize()	fefates:bytes	0x5CF3A0	
0x13D9E4	nn::os::detail::BlockingQueueBase<nn::os::CriticalSection>::Initialize(unsigned int*,unsigned int)	fefates:bytes	0x5CF3C4	
0x13E600	nn::fs::FileInputStream::~FileInputStream()	fefates:bytes	0x115F64	
0x13E6E0	nn::fs::detail::FileBase::TryRead(int*,void*,unsigned int)	fefates:bytes	0x1165F4	
0x13E768	nn::fs::detail::FileBase::TryWrite(int*,const void*,unsigned int,bool)	fefates:bytes	0x11667C	
0x13E810	nn::os::AddressSpaceManager::Free(nn::os::MemoryBlockBase*)	fefates:bytes	0x134C7C	
0x13E878	nn::os::GetDeviceMemorySize()	fefates:callgraph	0x12B584	
0x13E888	nn::os::detail::ConvertSvcToLibraryPriority(int)	fefates:bytes	0x120600	
0x13EA84	nn::cec::CTR::MessageBox::CloseMessageBox(bool)	fefates:bytes	0x240F1C	
0x13EC84	nn::fnd::ExpHeapBase::Free(void*)	fefates:callgraph	0x120D48	
0x13ECA4	nn::fnd::detail::FreeToHeap(nn::fnd::detail::ExpHeapImpl*,void*)	fefates:bytes	0x12B8E0	
0x13EDE0	nn::fnd::detail::DestroyHeap(nn::fnd::detail::ExpHeapImpl*)	fefates:callgraph	0x134D20	
0x13EDE4	nn::fnd::detail::NNSi_FndFinalizeHeap(nn::fnd::detail::ExpHeapImpl*)	fefates:bytes	0x134D24	
0x13EE58	nn::gxlow::CTR::Gpu::TriggerCmdReqQueue()	fefates:bytes	0x13BE1C	
0x13EE80	nw::ut::HeapBase::Initialize(unsigned int,void*,void*,unsigned short)	fefates:bytes	0x30E074	
0x13EEFC	nw::ut::internal::LinkListImpl::insert(nw::ut::internal::LinkListImpl::iterator,nw::ut::LinkListNode*)	fefates:bytes	0x1240B8	
0x13F050	nw::ut::FrameHeap::Alloc(unsigned int,int)	fefates:bytes	0x12F838	
0x13F19C	nw::snd::internal::SoundArchiveLoader::LoadIndividualWave(unsigned int,unsigned int,nw::snd::SoundMemoryAllocatable*,unsigned int)	fefates:bytes	0x32D4A4	
0x13F310	nw::snd::internal::WaveArchiveFileReader::SetWaveFile(unsigned int,const void*)	fefates:bytes	0x32F0B0	
0x13F344	nw::snd::internal::WaveArchiveFileReader::WaveArchiveFileReader(const void*,bool)	fefates:bytes	0x32F158	
0x13F4D8	nw::snd::internal::FrameHeap::NewSection()	fefates:bytes	0x125710	
0x13F564	nw::snd::SoundHeap::Destroy()	fefates:bytes-fuzzy	0x12B290	
0x13F9B8	nn::fs::detail::FileBase::TryGetSize(long long*) const	fefates:bytes	0x11D5C4	
0x13FA10	nw::snd::SoundArchive::ReadWaveArchiveInfo(unsigned int,nw::snd::SoundArchive::WaveArchiveInfo*) const	fefates:bytes	0x51EC18	
0x13FA68	nw::snd::SoundArchive::detail_ReadFileInfo(unsigned int,nw::snd::SoundArchive::FileInfo*) const	fefates:bytes	0x51EC70	
0x13FAC4	nw::snd::internal::WaveArchiveFile::FileHeader::GetFileBlock() const	fefates:bytes	0x51FD84	
0x13FAF8	nw::snd::internal::WaveArchiveFile::FileHeader::GetInfoBlock() const	fefates:bytes	0x51FDB8	
0x13FCB0	nw::snd::internal::SoundArchiveFile::InfoBlockBody::GetItemPrefetchFileId(unsigned int) const	fefates:bytes	0x520568	
0x13FD14	nw::snd::internal::SoundArchiveFile::WaveSoundInfo::GetChannelPriority() const	fefates:bytes	0x520608	
0x13FD3C	nw::snd::internal::SoundArchiveFile::WaveSoundInfo::GetIsReleasePriorityFix() const	fefates:bytes	0x520630	
0x13FD68	nw::snd::internal::SoundArchiveFile::SequenceSoundInfo::GetBankIds(unsigned int*) const	fefates:bytes	0x5207E0	
0x13FDC8	nw::snd::internal::SoundArchiveFile::SequenceSoundInfo::GetStartOffset() const	fefates:bytes	0x520840	
0x13FDE8	nw::snd::internal::SoundArchiveFile::SequenceSoundInfo::GetChannelPriority() const	fefates:bytes	0x520860	
0x13FE10	nw::snd::internal::SoundArchiveFile::SequenceSoundInfo::IsReleasePriorityFix() const	fefates:bytes	0x520888	
0x13FE44	nw::snd::internal::SoundArchiveFile::SoundInfo::GetSoundType() const	fefates:bytes	0x520A3C	
0x13FE74	nw::snd::internal::SoundArchiveFile::SoundInfo::GetWaveSoundInfo() const	fefates:callgraph	0x520B2C	
0x13FE8C	nw::snd::internal::WaveArchiveFileReader::GetWaveFile(unsigned int) const	fefates:bytes	0x5214B4	
0x13FEE4	nw::snd::internal::WaveArchiveFileReader::HasIndividualLoadTable() const	fefates:bytes	0x521534	
0x13FF20	nw::snd::internal::SoundArchiveFileReader::ReadBankInfo(unsigned int,nw::snd::SoundArchive::BankInfo*) const	fefates:bytes	0x521630	
0x13FF48	nw::snd::internal::SoundArchiveFileReader::ReadSoundInfo(unsigned int,nw::snd::SoundArchive::SoundInfo*) const	fefates:bytes	0x521768	
0x13FFBC	nw::snd::internal::SoundArchiveFileReader::ReadWaveArchiveInfo(unsigned int,nw::snd::SoundArchive::WaveArchiveInfo*) const	fefates:bytes	0x521C18	
0x13FFF8	nw::snd::internal::GroupFile::FileHeader::GetFileBlock() const	fefates:callgraph	0x52406C	
0x140060	nw::snd::internal::GroupFile::FileHeader::GetInfoBlock() const	fefates:bytes	0x5240D4	
0x1400CC	nw::snd::internal::GroupFile::FileHeader::GetInfoExBlock() const	fefates:callgraph	0x524140	
0x140544	nn::fs::CTR::MPCore::detail::UserFileSystem::TryReadFile(int*,void*,long long,void*,unsigned int)	fefates:bytes	0x12008C	
0x1405A4	nn::fs::CTR::MPCore::detail::UserFileSystem::TryWriteFile(int*,void*,long long,const void*,unsigned int,bool)	fefates:bytes	0x1200EC	
0x140608	nn::fs::CTR::MPCore::detail::UserFileSystem::TryGetFileSize(long long*,const void*)	fefates:bytes	0x12A6A4	
0x140634	nn::os::TransferMemoryBlock::Finalize()	fefates:bytes	0x12B594	
0x140690	nn::os::GetDeviceMemoryAddress()	fefates:callgraph	0x12059C	
0x1407C0	nn::cec::CTR::CecControl::StartScanning(bool)	fefates:bytes	0x23FCC4	
0x1408A0	nn::cec::CTR::MessageBox::WriteBoxInfo(nn::cec::CTR::CecBoxType,nn::cec::CTR::CecBoxInfoHeader&,nn::cec::CTR::CecMessageHeader**)	fefates:bytes	0x240364	
0x140978	nn::cec::CTR::MessageBox::WriteMessageBoxInfo()	fefates:bytes	0x241D1C	
0x1409BC	nn::cec::CTR::os_free(void*)	fefates:bytes	0x24338C	
0x1409E8	nn::snd::CTR::FlushDataCache(unsigned int,unsigned int)	fefates:callgraph	0x243D44	
0x1409EC	nn::dsp::CTR::FlushDataCache(unsigned int,unsigned int)	fefates:bytes	0x243D48	nn::dsp::CTR::InvalidateDataCache(unsigned int,unsigned int)
0x140A28	nn::fnd::detail::RemoveListObject(nn::fnd::detail::NNSFndList*,void*)	fefates:bytes	0x139CF4	
0x140A88	nn::mic::CTR::ResetBuffer()	fefates:bytes	0x2459A4	
0x140AF0	nn::mic::CTR::detail::Mic::FreeBuffer()	fefates:bytes	0x245AC4	
0x140B20	nn::mic::CTR::detail::Mic::IsSampling(bool*)	fefates:bytes	0x245AF4	
0x140B60	nn::mic::CTR::detail::Mic::SetMicBias(bool)	fefates:bytes	0x245B34	
0x140BA0	nn::mic::CTR::detail::Mic::StopSampling()	fefates:bytes	0x245B74	
0x140BD0	nn::mic::CTR::Finalize()	fefates:bytes	0x245CFC	
0x140C54	nn::gxlow::CTR::GetPhysicalAddr(unsigned int)	fefates:bytes	0x136ED0	
0x140DE8	nw::ut::FrameHeap::Free(int)	fefates:bytes	0x12F708	
0x140E78	nw::ut::HeapBase::FillFreeMemory(void*,unsigned int)	fefates:bytes	0x12F798	
0x140EA4	nw::ut::HeapBase::FillAllocMemory(void*,unsigned int)	fefates:bytes	0x137194	
0x140EE8	nw::ut::internal::LinkListImpl::erase(nw::ut::internal::LinkListImpl::iterator,nw::ut::internal::LinkListImpl::iterator)	fefates:bytes	0x124038	
0x140F34	nw::snd::internal::driver::SoundThread::UnregisterPlayerCallback(nw::snd::internal::driver::SoundThread::PlayerCallback*)	fefates:callgraph	0x12F800	
0x140F40	nw::ut::internal::LinkListImpl::erase(nw::ut::LinkListNode*)	fefates:bytes	0x12F80C	
0x140F6C	nw::ut::FrameHeap::Destroy()	fefates:callgraph	0x1240DC	
0x1410F4	nw::snd::SoundArchive::detail_OpenFileStream(unsigned int,void*,int,void*,unsigned int,const char*,nw::snd::SoundArchive::FileStreamPriority)	fefates:bytes	0x325B48	
0x14123C	nw::snd::internal::SoundArchiveLoader::LoadWaveArchiveTable(unsigned int,nw::snd::SoundMemoryAllocatable*,unsigned int)	fefates:bytes	0x32D6D8	
0x1413C4	nw::snd::internal::SoundArchiveLoader::ReadFile(unsigned int,void*,unsigned int,int,unsigned int)	fefates:bytes	0x32E61C	
0x1415C0	nw::snd::internal::DriverCommandManager::GetInstance()	fefates:callgraph	0x11AAD0	
0x141618	nw::snd::internal::DriverCommandManager::FlushCommand(bool)	fefates:callgraph	0x11AB28	
0x141764	nw::snd::internal::DriverCommandManager::TryAllocMemory(unsigned int)	fefates:bytes	0x12FB18	
0x1417FC	nw::snd::SoundSystem::ClearEffect(nw::snd::AuxBus,int)	fefates:bytes	0x11ABE4	
0x141858	nw::snd::internal::DriverCommandManager::WaitCommandReply(unsigned int)	fefates:bytes	0x11AC40	
0x1418BC	nw::snd::internal::DriverCommandManager::DriverCommandManager()	fefates:bytes	0x1255A0	
0x141914	nw::snd::internal::WaveArchiveFileReader::InitializeFileTable()	fefates:bytes	0x32F0E4	
0x141964	nw::snd::internal::FrameHeap::ClearSection()	fefates:bytes	0x12579C	
0x1419FC	nw::snd::internal::FrameHeap::ProcessCallback(int)	fefates:bytes	0x12FBB0	
0x141AFC	nw::snd::internal::FrameHeap::Clear()	fefates:bytes-fuzzy	0x1256EC	
0x141B20	nw::snd::internal::FrameHeap::Destroy()	fefates:bytes	0x11AD58	
0x141D28	nw::snd::internal::WaveArchiveFile::FileHeader::GetFileBlockOffset() const	fefates:bytes	0x51FDE4	
0x141D58	nw::snd::internal::SoundArchiveFile::InfoBlockBody::GetBankInfo(unsigned int) const	fefates:bytes	0x520008	
0x141D94	nw::snd::internal::SoundArchiveFile::InfoBlockBody::GetSoundInfo(unsigned int) const	fefates:bytes	0x5200AC	
0x141DD0	nw::snd::internal::SoundArchiveFile::InfoBlockBody::GetSoundGroupInfo(unsigned int) const	fefates:bytes	0x5204F0	
0x141E0C	nw::snd::internal::SoundArchiveFile::InfoBlockBody::GetWaveArchiveInfo(unsigned int) const	fefates:bytes	0x52052C	
0x141E48	nw::snd::internal::SoundArchiveFile::WaveArchiveInfo::GetWaveCount() const	fefates:bytes	0x5207C0	
0x141E68	nw::snd::internal::SoundArchiveFile::SoundInfo::GetPanMode() const	fefates:bytes	0x5209EC	
0x141E8C	nw::snd::internal::SoundArchiveFile::SoundInfo::GetPanCurve() const	fefates:bytes	0x520A10	
0x141EB8	nw::snd::internal::SoundArchiveFile::SoundInfo::IsFrontBypass() const	fefates:bytes	0x520A90	
0x141EDC	nw::snd::internal::SoundArchiveFile::SoundInfo::GetActorPlayerId() const	fefates:bytes	0x520B00	
0x141F08	nw::snd::internal::SoundArchiveFile::SoundInfo::GetPlayerPriority() const	fefates:bytes	0x520B38	
0x141F30	nw::snd::internal::WaveArchiveFileReader::GetWaveFileSize(unsigned int) const	fefates:bytes	0x52150C	
0x141F58	nw::snd::internal::WaveArchiveFileReader::GetWaveFileOffsetFromFileHead(unsigned int) const	fefates:bytes	0x521570	
0x141F98	nw::snd::internal::SoundArchiveFileReader::ReadFileInfo(unsigned int,nw::snd::SoundArchive::FileInfo*,int) const	fefates:bytes	0x521658	
0x14200C	nw::snd::SoundArchive::detail_GetWaveArchiveIdTable(unsigned int) const	fefates:callgraph	0x521D20	
0x142014	nw::snd::internal::SoundArchiveFileReader::GetWaveArchiveIdTable(unsigned int) const	fefates:bytes	0x521D28	
0x142108	nw::snd::internal::Util::BitFlag::GetValue(unsigned int*,unsigned int) const	fefates:bytes	0x5220BC	
0x1427B8	nn::os::detail::BlockingQueueBase<nn::os::CriticalSection>::TryDequeue(unsigned int*)	fefates:bytes	0x127DA4	
0x142844	nn::os::detail::BlockingQueueBase<nn::os::CriticalSection>::TryEnqueue(unsigned int)	fefates:bytes	0x127E30	
0x1428F4	nn::os::detail::BlockingQueueBase<nn::os::CriticalSection>::Dequeue()	fefates:bytes	0x127EE0	
0x1429BC	nw::snd::internal::TaskManager::CancelWaitTask()	fefates:bytes	0x127FA8	
0x1429D0	nn::os::detail::BlockingQueueBase<nn::os::CriticalSection>::Enqueue(unsigned int)	fefates:bytes	0x127FBC	
0x142FB0	nn::fs::CTR::MPCore::detail::LatencyEmulation(bool)	fefates:bytes	0x12A88C	
0x143040	nn::os::LightSemaphore::Acquire()	fefates:bytes	0x12B128	
0x1430F4	nn::os::LightSemaphore::Release(int)	fefates:bytes	0x12B1DC	
0x14316C	nn::os::CTR::IsInitializedWram()	fefates:bytes	0x139AC4	
0x143184	nn::os::CTR::MPCore::ConvertAddressForWram(unsigned int,unsigned int)	fefates:bytes	0x139ADC	
0x1431D0	nn::os::CTR::MPCore::ConvertAddressForDevice(unsigned int,unsigned int)	fefates:bytes	0x139B28	
0x143224	nn::os::detail::FreeToSharedMemorySpace(nn::os::MemoryBlockBase*)	fefates:callgraph	0x12B698	
0x143234	nn::pl::CTR::GetSharedFontSize()	fefates:bytes	0x139C6C	
0x14324C	nn::pl::CTR::GetSharedFontAddress()	fefates:bytes	0x139C84	
0x143264	nn::cec::CTR::MessageBox::ReadBoxInfo(nn::cec::CTR::CecBoxInfoHeader*,nn::cec::CTR::CecMessageHeader**,unsigned char*,nn::cec::CTR::CecBoxType)	fefates:bytes	0x23FE3C	
0x143684	nn::cec::CTR::CecControlSys::IsInitializedSys()	fefates:callgraph	0x242204	
0x143694	nn::cec::CTR::detail::Start(unsigned int)	fefates:callgraph	0x242908	
0x1436D0	nn::dsp::CTR::DSP::FlushDataCache(nn::Handle,unsigned int,unsigned int)	fefates:bytes	0x2441C4	
0x14370C	nn::ndm::Resume(nn::ndm::CTR::DaemonName)	fefates:callgraph	0x245E88	
0x14375C	nn::crypto::ShaBlock512BitContext::AddPadding()	fefates:bytes	0x306E3C	
0x1437E4	nn::crypto::ShaBlock512BitContext::Update(const void*,unsigned int)	fefates:bytes	0x306EC4	
0x14387C	nw::ut::HeapBase::FindContainHeap(nw::ut::LinkList<nw::ut::HeapBase,4>*,const void*)	fefates:bytes	0x1371D8	
0x1438D4	nw::ut::HeapBase::Finalize()	fefates:bytes	0x12F7C4	
0x143980	nw::snd::SoundArchive::OpenExtStreamImpl(void*,int,const char*,void*,unsigned int,nw::snd::SoundArchive::FileStreamPriority) const	fefates:bytes	0x51EA50	
0x143A90	nw::snd::internal::WaveArchiveFile::FileHeader::GetInfoBlockOffset() const	fefates:bytes	0x51FE14	
0x143AB8	nw::snd::internal::SoundArchiveFile::InfoBlockBody::GetFileInfo(unsigned int) const	fefates:bytes	0x520044	
0x143AE4	nw::snd::internal::SoundArchiveFile::InfoBlockBody::GetSoundGroupInfoReferenceTable() const	fefates:callgraph	0x5205F0	
0x143AF0	nw::snd::internal::SoundArchiveFile::FileInfo::GetExternalFileInfo() const	fefates:bytes	0x520974	
0x143B1C	nw::snd::internal::SoundArchiveFile::FileInfo::GetFileLocationType() const	fefates:bytes	0x5209A0	
0x143B40	nw::snd::internal::SoundArchiveFile::FileInfo::GetInternalFileInfo() const	fefates:bytes	0x5209C4	
0x143B6C	nw::snd::internal::TaskManager::Finalize()	fefates:callgraph	0x138C7C	
0x143B7C	nn::os::detail::BlockingQueueBase<nn::os::CriticalSection>::Finalize()	fefates:callgraph	0x138C8C	
0x143B88	nw::snd::internal::DriverCommandManager::~DriverCommandManager()	fefates:bytes	0x138C98	
0x143BB8	nn::os::detail::BlockingQueueBase<nn::os::CriticalSection>::~BlockingQueueBase()	fefates:callgraph	0x138CC8	
0x144B60	nn::os::CTR::GetWramSize()	fefates:callgraph	0x13D0C0	
0x144B70	nn::os::CTR::GetWramAddress()	fefates:callgraph	0x13D0D0	
0x144BF0	nn::cec::CTR::os_malloc(unsigned int,int)	fefates:bytes	0x243460	
0x144C20	nn::ndm::CTR::detail::Interface::ResumeDaemons(unsigned int)	fefates:bytes	0x245E0C	
0x144C58	nn::gxlow::CTR::Gpu::StoreDataCache(nn::Handle,unsigned int,unsigned int)	fefates:bytes	0x13F4EC	
0x14FBDC	nn::os::anonymous_namespace::WaitMultipleImpl(nn::os::anonymous_namespace::WaitMultipleObjectsArgs*,nn::Handle*)	fefates:bytes	0x143B08	
0x151168	nn::pia::common::Watermark::SetName(const char*)	fefates:bytes	0x143CF4	
0x16D0D8	nn::gr::CTR::Float32ToFloat24(float)	fefates:bytes	0x120228	
0x2F8500	nn::nex::InetAddress::~InetAddress()	fefates:bytes	0x3012C8	
0x2F8518	free	fefates:callgraph	0x3012E0	
0x2F96F8	__mathlib_narrow	fefates:bytes	0x2FFDF0	
0x2FA990	nn::pia::common::String::StrLen() const	fefates:bytes	0x2FDE0C	
0x2FE96C	__cxa_guard_acquire	fefates:bytes	0x302C9C	
0x2FE980	__aeabi_atexit	fefates:callgraph	0x302CB0	
0x2FF7F8	operator delete(void*)	fefates:callgraph	0x2FDCD8	
0x307F20	__ARM_common_memcpy4_8	fefates:bytes	0x131778	
0x344CB0	mw::qrd::QRDecoder::Initialize(void*,unsigned int)	fefates:bytes	0x106F90	
0x34547C	mw::qre::QREncoder::~QREncoder()	fefates:bytes	0x107054	
0x3454A4	nn::ac::CTR::Initialize()	fefates:bytes	0x22A0B4	
0x3455BC	nn::ac::CTR::IsConnected()	fefates:bytes	0x22A1CC	
0x345634	nn::ac::CTR::ConnectWithoutEula(nnacConfig&)	fefates:bytes	0x22A2D4	
0x345730	nn::ac::CTR::IsInitializedInternal()	fefates:callgraph	0x22A3D0	
0x345784	nn::ac::CTR::ConnectAsyncWithoutEula(nnacConfig&,nn::os::Event*)	fefates:bytes	0x22A40C	
0x345864	nn::ac::CTR::RegisterDisconnectEvent(nn::os::Event*)	fefates:bytes	0x22A4EC	
0x345884	nn::ac::CTR::anonymous_namespace::NdmLeaveExclusive()	fefates:bytes	0x11FDD4	
0x3458DC	nn::ac::CTR::Close()	fefates:bytes	0x115DEC	
0x3459A0	nn::ac::CTR::detail::Ac::CloseAsync(nn::Handle)	fefates:bytes	0x11FE2C	
0x3459E8	nn::ac::CTR::detail::Ac::IsConnected(unsigned int,bool*)	fefates:bytes	0x22A50C	
0x345A34	nn::ac::CTR::detail::Ac::ConnectAsync(const nnacConfig&,nn::Handle)	fefates:bytes	0x22A558	
0x345A8C	nn::ac::CTR::detail::Ac::AddDenyApType(const nnacConfig&,nnacConfig*,nn::ac::CTR::ApType)	fefates:bytes	0x22A5B0	
0x345AEC	nn::ac::CTR::detail::Ac::GetCloseResult()	fefates:bytes	0x11FE74	
0x345B28	nn::ac::CTR::detail::Ac::GetConnectResult()	fefates:bytes	0x11FEB0	
0x345B64	nn::ac::CTR::detail::Ac::GetInfraPriority(const nnacConfig&,nn::ac::CTR::InfraPriority*)	fefates:bytes	0x22A610	
0x345BB4	nn::ac::CTR::detail::Ac::GetLastErrorCode(unsigned int*)	fefates:bytes	0x22A660	
0x345BF0	nn::ac::CTR::detail::Ac::SetClientVersion(unsigned int)	fefates:bytes	0x22A69C	
0x345C30	nn::ac::CTR::detail::Ac::CreateDefaultConfig(nnacConfig*)	fefates:bytes	0x22A728	
0x345C84	nn::ac::CTR::detail::Ac::GetConnectingLocation(unsigned char*)	fefates:bytes	0x22A77C	
0x345CE0	nn::ac::CTR::detail::Ac::SetRequestEulaVersion(const nnacConfig&,nnacConfig*,unsigned char,unsigned char)	fefates:bytes	0x22A7D8	
0x345D8C	nn::ac::CTR::detail::Ac::RegisterDisconnectEvent(nn::Handle)	fefates:bytes	0x22A848	
0x345DD4	nn::ac::CTR::Connect(nnacConfig&)	fefates:bytes	0x22A890	
0x345E0C	nn::ac::CTR::Finalize()	fefates:bytes	0x115EB0	
0x34601C	nn::fs::MountContent(const char*,nn::fs::MediaType,unsigned long long,unsigned int,unsigned int,unsigned int,void*,unsigned int,bool)	fefates:bytes	0x11FEEC	
0x3460CC	nn::fs::IsInitialized()	fefates:callgraph	0x22F59C	
0x3460E4	nn::fs::MountSaveData(const char*)	fefates:bytes	0x107140	
0x3461B0	nn::fs::CommitSaveData(const char*)	fefates:bytes	0x10C850	
0x34620C	nn::fs::FormatSaveData(unsigned int,unsigned int,bool)	fefates:bytes	0x10C8AC	
0x346288	nn::fs::IsSdmcInserted()	fefates:callseq	0x11FF94	
0x346320	nn::fs::FileInputStream::Read(void*,unsigned int)	fefates:bytes	0x22F5E8	
0x34654C	nn::fs::MountExtSaveData(const char*,unsigned long long)	fefates:bytes	0x22F698	
0x3465E8	nn::fs::CreateExtSaveData(unsigned long long,const void*,unsigned int,unsigned int,unsigned int)	fefates:bytes	0x22F734	
0x34667C	nn::fs::DeleteExtSaveData(unsigned long long)	fefates:bytes	0x22F7C8	
0x346744	nn::fs::GetFileSystemSizeCore(long long*,long long*,nn::fs::SystemMediaType)	fefates:bytes	0x22F9EC	
0x34691C	nn::fs::GetContentRequiredMemorySize(nn::fs::MediaType,unsigned long long,unsigned int,unsigned int,unsigned int)	fefates:bytes	0x11FFC8	
0x346A68	nn::fs::CTR::GetSelfSystemMenuData(nn::CTR::SystemMenuData*)	fefates:bytes	0x22FC44	
0x346D0C	nn::fs::CTR::MPCore::detail::RomFsArchive::RomFsStorage::ReadBytes(long long,void*,unsigned int)	fefates:bytes	0x22FEE8	
0x346DC0	nn::fs::CTR::MPCore::detail::RomFsArchive::OpenDirectory(nn::fs::CTR::MPCore::detail::IDirectory**,const nn::fslow::LowPath<const char*,const wchar_t*>&)	fefates:bytes	0x22FF9C	
0x347080	nn::fs::CTR::MPCore::detail::RomFsArchive::File::TrySetPriority(int)	fefates:bytes	0x230090	
0x3471E0	nn::fs::CTR::MPCore::detail::RomFsArchive::File::Close()	fefates:bytes	0x2301B8	
0x347230	nn::fs::CTR::MPCore::detail::RomFsArchive::File::TryRead(int*,long long,void*,unsigned int)	fefates:bytes	0x230208	
0x3472E8	nn::fs::CTR::MPCore::detail::RomFsArchive::OpenFile(nn::fs::CTR::MPCore::detail::IFile**,const nn::fslow::LowPath<const char*,const wchar_t*>&,unsigned int)	fefates:bytes	0x2302B0	
0x3475C8	nn::fs::CTR::MPCore::detail::RomFsArchive::Directory::Close()	fefates:bytes	0x230584	
0x347618	nn::fs::CTR::MPCore::detail::RomFsArchive::Directory::TryRead(int*,nn::fs::DirectoryEntry*,int)	fefates:bytes	0x2305D4	
0x347A40	nn::fs::CTR::MPCore::detail::UserFileSystem::CloseDirectory(void*)	fefates:callgraph	0x2308F8	
0x347A58	nn::fs::CTR::MPCore::detail::UserFileSystem::TrySetFileSize(void*,long long)	fefates:bytes	0x120150	
0x347A78	nn::fs::CTR::MPCore::detail::UserFileSystem::TryOpenDirectory(void**,const wchar_t*)	fefates:bytes	0x230958	
0x347B04	nn::fs::CTR::MPCore::detail::UserFileSystem::TryReadDirectory(int*,void*,nn::fs::DirectoryEntry*,int)	fefates:bytes	0x2309E4	
0x347C2C	nn::fs::CTR::MPCore::detail::UserFileSystem::TrySetPriorityForFile(void*,int)	fefates:bytes	0x230A34	
0x347CD8	nn::fs::CTR::MPCore::detail::OpenDataContent(nn::fs::CTR::MPCore::detail::IArchive**,const nn::fs::CTR::DataContentArchivePath&,unsigned int,unsigned int,void*,unsigned int,bool)	fefates:bytes	0x12A6D0	
0x347E94	nn::fs::CTR::MPCore::detail::OpenExtSaveData(nn::fs::CTR::MPCore::detail::IArchive**,const nn::fs::ExtSaveDataSpecifier&,bool)	fefates:bytes	0x230A54	
0x347F54	nn::fs::CTR::MPCore::detail::ArchiveTableEntry::ArchiveTableEntry()	fefates:bytes	0x230B14	
0x347F68	nn::fs::CTR::MPCore::detail::FileServerArchive::CreateFile(const nn::fslow::LowPath<const char*,const wchar_t*>&,long long)	fefates:bytes	0x230B28	
0x348098	nn::fs::CTR::MPCore::detail::FileServerArchive::DeleteObject()	fefates:bytes	0x230C58	
0x34811C	nn::fs::CTR::MPCore::detail::FileServerArchive::OpenDirectory(nn::fs::CTR::MPCore::detail::IDirectory**,const nn::fslow::LowPath<const char*,const wchar_t*>&)	fefates:bytes	0x230CA8	
0x3483B0	nn::fs::CTR::MPCore::detail::FileServerArchive::File::TrySetSize(long long)	fefates:bytes	0x230D54	
0x348470	nn::fs::CTR::MPCore::detail::FileServerArchive::File::Close()	fefates:bytes	0x230DC4	
0x3484E0	nn::fs::CTR::MPCore::detail::FileServerArchive::File::TryRead(int*,long long,void*,unsigned int)	fefates:bytes	0x230E34	
0x3485A8	nn::fs::CTR::MPCore::detail::FileServerArchive::File::TryWrite(int*,long long,const void*,unsigned int,bool)	fefates:bytes	0x230E74	
0x3486D4	nn::fs::CTR::MPCore::detail::FileServerArchive::OpenFile(nn::fs::CTR::MPCore::detail::IFile**,const nn::fslow::LowPath<const char*,const wchar_t*>&,unsigned int)	fefates:bytes	0x230F2C	
0x3487D0	nn::fs::CTR::MPCore::detail::FileServerArchive::Directory::Close()	fefates:bytes	0x230FEC	
0x348838	nn::fs::CTR::MPCore::detail::FileServerArchive::Directory::TryRead(int*,nn::fs::DirectoryEntry*,int)	fefates:bytes	0x231054	
0x348938	nn::fs::CTR::MPCore::detail::FileServerArchive::~FileServerArchive()	fefates:bytes	0x2310C8	
0x348990	nn::fs::CTR::MPCore::detail::ContentRomFsArchive::OpenDirect(nn::fs::CTR::MPCore::detail::IFile**,nn::Handle)	fefates:bytes	0x231120	
0x3489DC	nn::fs::CTR::MPCore::detail::ContentRomFsArchive::DeleteObject()	fefates:bytes	0x23116C	
0x348AB8	nn::fs::CTR::MPCore::detail::ContentRomFsArchive::~ContentRomFsArchive()	fefates:bytes	0x2311C0	
0x348B4C	nn::fs::CTR::MPCore::detail::OpenSpecialArchiveRaw(nn::fs::CTR::MPCore::detail::IArchive**,unsigned int)	fefates:bytes	0x10CAD4	
0x348C30	nn::fs::ipc::FileSystem::CreateFile(nn::fs::Transaction,unsigned long long,unsigned int,const unsigned char*,unsigned int,nn::fs::Attributes,long long)	fefates:bytes	0x23124C	
0x348C8C	nn::fs::ipc::FileSystem::DeleteFile(nn::fs::Transaction,unsigned long long,unsigned int,const unsigned char*,unsigned int)	fefates:bytes	0x2312A8	
0x348CDC	nn::fs::ipc::FileSystem::RenameFile(nn::fs::Transaction,unsigned long long,unsigned int,const unsigned char*,unsigned int,unsigned long long,unsigned int,const unsigned char*,unsigned int)	fefates:bytes	0x2312F8	
0x348DA8	nn::fs::ipc::FileSystem::OpenDirectory(nn::Handle*,unsigned long long,unsigned int,const unsigned char*,unsigned int)	fefates:bytes	0x231388	
0x348E0C	nn::fs::ipc::FileSystem::ControlArchive(unsigned long long,unsigned int,const void*,unsigned int,void*,unsigned int)	fefates:bytes	0x116490	
0x348E78	nn::fs::ipc::FileSystem::FormatSaveData(unsigned int,unsigned int,const unsigned char*,unsigned int,unsigned int,unsigned int,unsigned int,unsigned int,unsigned int,bool)	fefates:bytes	0x1164FC	
0x348ED0	nn::fs::ipc::FileSystem::IsSdmcDetected(bool*)	fefates:bytes	0x12AAE8	
0x348F08	nn::fs::ipc::FileSystem::IsSdmcWritable(bool*)	fefates:bytes	0x2313EC	
0x349074	nn::fs::ipc::FileSystem::CreateExtSaveData(const nn::fs::ExtSaveDataSpecifier&,unsigned int,unsigned int,long long,const void*,unsigned int)	fefates:bytes	0x231424	
0x3490D0	nn::fs::ipc::FileSystem::DeleteExtSaveData(const nn::fs::ExtSaveDataSpecifier&)	fefates:bytes	0x231480	
0x349148	nn::fs::ipc::FileSystem::GetArchiveResource(nn::fs::ArchiveResource*,nn::fs::SystemMediaType)	fefates:bytes	0x2314BC	
0x349334	nn::fs::ipc::FileSystem::OpenFile(nn::Handle*,nn::fs::Transaction,unsigned long long,unsigned int,const unsigned char*,unsigned int,unsigned int,nn::fs::Attributes)	fefates:bytes	0x23150C	
0x34942C	nn::fs::ipc::FsFile::SetPriority(int)	fefates:bytes	0x231580	
0x34945C	nn::fs::ipc::FsFile::OpenLinkFile(nn::Handle*)	fefates:bytes	0x2315B0	
0x349494	nn::fs::ipc::FsFile::Read(int*,long long,void*,unsigned int)	fefates:bytes	0x2315E8	
0x3494EC	nn::fs::ipc::FsFile::Close()	fefates:bytes	0x231640	
0x349518	nn::fs::ipc::FsFile::Write(int*,long long,const void*,unsigned int,nn::fs::WriteOption)	fefates:bytes	0x23166C	
0x3495C4	nn::fs::ipc::FsFile::GetSize(long long*)	fefates:bytes	0x2316CC	
0x3495FC	nn::fs::ipc::FsFile::SetSize(long long)	fefates:callgraph	0x231704	
0x349694	nn::fs::ipc::Directory::Read(int*,nn::fs::DirectoryEntry*,int)	fefates:bytes	0x231734	
0x3496E8	nn::fs::ipc::Directory::Close()	fefates:bytes	0x231788	
0x34971C	nn::fs::detail::FileBase::TrySetSize(long long)	fefates:bytes	0x1165AC	
0x34976C	nn::fs::detail::FileBase::TrySetPosition(long long)	fefates:bytes	0x2317B4	
0x34980C	nn::fs::detail::FileBase::TrySeek(long long,nn::fs::PositionBase)	fefates:bytes	0x231854	
0x3498E0	nn::fs::Directory::~Directory()	fefates:bytes	0x231904	
0x349A28	nn::gr::CTR::FragmentLight::MakeDisableCommand(unsigned int*,bool)	fefates:bytes	0x23D8A8	
0x349A80	nn::gr::CTR::FragmentLight::Source::Source()	fefates:bytes	0x23D900	
0x349AE8	nn::gr::CTR::FragmentLight::FragmentLight()	fefates:bytes	0x23D968	
0x349C0C	nn::gr::CTR::BindSymbolVSFloat::BindSymbolVSFloat()	fefates:bytes	0x23DAAC	
0x349D40	nn::gr::CTR::MakeChannelKickCommand(unsigned int*,nn::gr::CTR::CommandBufferChannel)	fefates:bytes	0x23DB90	
0x349D64	nn::gr::CTR::CommandBufferJumpHelper::FinalizeJump(unsigned int*)	fefates:bytes	0x23DBB4	
0x349DA0	nn::gr::CTR::CommandBufferJumpHelper::CommandBufferJumpHelper(unsigned int*)	fefates:bytes	0x23DC88	
0x349DC0	nn::gr::CTR::AddDummyDataForCommandBuffer(unsigned int*,unsigned int)	fefates:bytes	0x23DD48	
0x349E0C	nn::gr::CTR::MakeChannel0SubroutineCommand(unsigned int*,unsigned int*,unsigned int,unsigned int)	fefates:bytes	0x23DD94	
0x349E64	nn::gr::CTR::Shader::SetupBinary(const void*,int,int)	fefates:bytes	0x23E094	
0x349F50	nn::gr::CTR::Shader::MakeOutAttrCommand_(unsigned int*,int,int)	fefates:callgraph	0x23E180	
0x34A93C	nn::gr::CTR::ShaderLite::MakeShaderModeCommand_(unsigned int*,bool,PicaDataDrawMode)	fefates:bytes	0x134728	nn::gr::CTR::Shader::MakeShaderModeCommand_(unsigned int*,bool,PicaDataDrawMode)
0x34AA2C	nn::gr::CTR::Shader::MakeShaderConstCommandCache_()	fefates:bytes	0x23EB60	
0x34ABD0	nn::gr::CTR::Shader::Shader()	fefates:bytes	0x12AE68	
0x34AC30	nn::gr::CTR::Vertex::DisableAttr_(unsigned int)	fefates:bytes	0x134994	
0x34AEA0	nn::gr::CTR::Vertex::EnableAttrAsConst(const nn::gr::CTR::BindSymbolVSInput&,unsigned char,const float*)	fefates:bytes	0x23ED04	
0x34B0AC	nn::gr::CTR::Vertex::LoadArray::DisableAll()	fefates:bytes	0x12AFE4	
0x34B0E8	nn::gr::CTR::Vertex::LoadArray::LoadArray()	fefates:bytes	0x120274	
0x34B1BC	nn::gr::CTR::Texture::MakeDisableCommand(unsigned int*,bool)	fefates:bytes	0x23ED9C	
0x34B1F4	nn::gr::CTR::Texture::UnitBase::UnitBase()	fefates:bytes	0x23EDD4	
0x34B248	nn::gr::CTR::Texture::Texture()	fefates:bytes	0x23EE28	
0x34B398	nn::gr::CTR::Combiner::Stage::Stage(int)	fefates:bytes-fuzzy	0x23EF04	
0x34B4E4	nn::gr::CTR::Combiner::Stage::Stage()	fefates:bytes	0x23F050	
0x34B548	nn::gr::CTR::Combiner::Combiner()	fefates:bytes-fuzzy	0x23F0B4	
0x34B710	nn::ir::CTR::CepdGetStatus()	fefates:callgraph	0x12029C	
0x34B720	nn::os::LightEvent::Pulse()	fefates:bytes	0x134AA0	
0x34B81C	nn::os::SimpleLock::TryLock()	fefates:bytes	0x10CDD4	
0x34BF00	nn::os::WaitObject::WaitMultiple(int*,nn::os::WaitObject**,int,bool,long long)	fefates:bytes	0x23F280	
0x34C02C	nn::os::CriticalSection::TryEnter()	fefates:bytes	0x10730C	
0x34C074	nn::os::GetCreationTime()	fefates:bytes	0x23F3C8	
0x34C190	nn::os::SharedMemoryBlock::Finalize()	fefates:bytes	0x120530	
0x34C228	nn::os::ThreadLocalStorage::~ThreadLocalStorage()	fefates:bytes	0x23F4C0	
0x34C260	nn::os::AddressSpaceManager::Switch(nn::os::MemoryBlockBase*,nn::os::MemoryBlockBase*)	fefates:bytes	0x23F4F8	
0x34C364	nn::os::TransferMemoryBlock::AttachAndMap(nn::Handle,unsigned int,unsigned int,unsigned int)	fefates:bytes	0x23F690	
0x34C400	nn::os::TransferMemoryBlock::TryInitialize(void*,unsigned int,unsigned int,unsigned int)	fefates:bytes	0x23F72C	
0x34C594	nn::os::anonymous_namespace::DefaultAutoStackManager::Destruct(void*,bool)	fefates:bytes	0x23F7D8	
0x34C5EC	nn::os::anonymous_namespace::DefaultAutoStackManager::Construct(unsigned int)	fefates:bytes	0x23F830	
0x34C6F4	nn::os::anonymous_namespace::DefaultAutoStackManager::~DefaultAutoStackManager()	fefates:bytes	0x23F8D4	
0x34C750	nn::os::CTR::IsRunningAsExtApplication()	fefates:bytes	0x23F99C	
0x34C82C	nn::os::Thread::TryInitializeAndStartImplUsingAutoStack(const nn::os::Thread::TypeInfo&,void (*)(unsigned int),const void*,unsigned int,int,int)	fefates:bytes	0x143334	
0x34C8C8	nn::os::Thread::~Thread()	fefates:bytes	0x23FA78	
0x34C8F4	nn::os::detail::IsMemoryBlockEnabled()	fefates:callgraph	0x23FAA4	
0x34C904	nn::os::detail::FreeToMemoryBlockSpace(nn::os::MemoryBlockBase*)	fefates:callgraph	0x23FAB4	
0x34C914	nn::os::detail::ConvertLibraryToSvcPriority(int)	fefates:bytes	0x134CE4	
0x34C950	nn::os::detail::AllocateFromMemoryBlockSpace(nn::os::MemoryBlockBase*,unsigned int)	fefates:bytes	0x23FAC4	
0x34C96C	nn::os::detail::AllocateFromSharedMemorySpace(nn::os::MemoryBlockBase*,unsigned int)	fefates:bytes	0x23FAE0	
0x34C988	nn::os::detail::Switch(nn::os::StackMemoryBlock*,nn::os::StackMemoryBlock*)	fefates:callgraph	0x23FAFC	
0x34C9A0	nn::os::EventBase::TryInitialize(nn::os::ResetType)	fefates:bytes	0x12062C	
0x34D358	nn::cec::CTR::CecControl::Initialize()	fefates:bytes	0x1169BC	
0x34D3B8	nn::cec::CTR::CecControl::StopScanning(bool,bool)	fefates:bytes	0x23FB14	
0x34D574	nn::cec::CTR::CecControl::Suspend()	fefates:bytes	0x23FDB0	
0x34D604	nn::cec::CTR::CecControl::Finalize()	fefates:bytes	0x10CEA0	
0x34D668	nn::cec::CTR::MessageBox::ReadMessage(void*,unsigned int,nn::cec::CTR::CecBoxType,const nn::cec::CTR::MessageId&)	fefates:bytes	0x24025C	
0x34D720	nn::cec::CTR::MessageBox::ReadMessage(nn::cec::CTR::Message&,void*,unsigned int,nn::cec::CTR::CecBoxType,const nn::cec::CTR::MessageId&)	fefates:bytes	0x240314	
0x34D784	nn::cec::CTR::MessageBox::WriteMessage(const nn::cec::CTR::Message&,nn::cec::CTR::CecBoxType,nn::cec::CTR::MessageId&,bool)	fefates:bytes	0x240450	
0x34DD68	nn::cec::CTR::MessageBox::DeleteMessage(nn::cec::CTR::CecBoxType,const nn::cec::CTR::MessageId&,bool)	fefates:bytes	0x240A34	
0x34E05C	nn::cec::CTR::MessageBox::OpenMessageBox(unsigned int,unsigned int)	fefates:bytes	0x240D28	
0x34E2D8	nn::cec::CTR::MessageBox::ReadOutBoxIndex()	fefates:bytes	0x2411A8	
0x34EA4C	nn::cec::CTR::MessageBox::GetMessageBoxNum(unsigned char)	fefates:bytes	0x241878	
0x34EBD0	nn::cec::CTR::MessageBox::DeleteAllMessages(nn::cec::CTR::CecBoxType)	fefates:bytes	0x241970	
0x34ED24	nn::cec::CTR::MessageBox::SetMessageBoxData(unsigned int,const void*,unsigned int)	fefates:bytes	0x241AC4	
0x34EE38	nn::cec::CTR::MessageBox::ReadMessageBoxList()	fefates:bytes	0x241BD8	
0x34EF7C	nn::cec::CTR::MessageBox::WriteMessageBoxList()	fefates:bytes	0x241D60	
0x34F0A0	nn::cec::CTR::MessageBox::CheckEulaParentalControl()	fefates:bytes	0x241DF4	
0x34F294	nn::cec::CTR::MessageBox::SetData(unsigned int,const unsigned char*,unsigned int,unsigned int)	fefates:bytes	0x241FE8	
0x34F30C	nn::cec::CTR::MessageBox::MessageBox()	fefates:bytes	0x24211C	
0x34F408	nn::cec::CTR::FinalizeAllocFunc()	fefates:bytes	0x116A2C	
0x34F468	nn::cec::CTR::Base64Str2CecTitleId(const unsigned char*)	fefates:bytes	0x242214	
0x34F54C	nn::cec::CTR::detail::GetCecdState(unsigned int*)	fefates:callgraph	0x2422FC	
0x34F5F0	nn::cec::CTR::detail::OpenAndReadFile(unsigned char*,unsigned int,unsigned int*,unsigned int,unsigned int,unsigned int)	fefates:callgraph	0x242338	
0x34F658	nn::cec::CTR::detail::OpenAndWriteFile(const unsigned char*,unsigned int,unsigned int,unsigned int,unsigned int)	fefates:callgraph	0x2423A0	
0x34F6A4	nn::cec::CTR::detail::FinalizeCecControl()	fefates:bytes	0x116A8C	
0x34F73C	nn::cec::CTR::detail::WaitForSessionValid()	fefates:bytes	0x120690	
0x34F778	nn::cec::CTR::detail::InitializeCecControl()	fefates:bytes	0x1206CC	
0x34F81C	nn::cec::CTR::detail::GetChangeStateEventHandle(nn::Handle*)	fefates:callgraph	0x242454	
0x34FDBC	nn::cec::CTR::detail::Open(unsigned int,unsigned int,unsigned int,unsigned int*)	fefates:callgraph	0x242890	
0x34FE34	nn::cec::CTR::detail::Stop(unsigned int)	fefates:callgraph	0x2428CC	
0x35045C	nn::cec::CTR::detail::SetData(unsigned int,const unsigned char*,unsigned int,unsigned int)	fefates:callgraph	0x242D90	
0x3504E4	nn::cec::CTR::Message::NewMessage(unsigned int,unsigned int,unsigned char,unsigned char,unsigned char,unsigned char)	fefates:bytes	0x242E18	
0x350558	nn::cec::CTR::Message::SetExHeader(unsigned int,unsigned int,const void*)	fefates:bytes	0x242E8C	
0x350648	nn::cec::CTR::Message::InputMessage(const void*,unsigned int)	fefates:bytes	0x242F94	
0x3507B4	nn::cec::CTR::Message::SetMessageBody(const void*,unsigned int)	fefates:bytes	0x243100	
0x3508D8	nn::cec::CTR::Message::InitializeMessage()	fefates:bytes	0x243224	
0x35093C	nn::cec::CTR::Message::SetExHeaderWithoutCalc(unsigned int,unsigned int,const void*)	fefates:bytes	0x243288	
0x3509F4	nn::cec::CTR::Message::Message()	fefates:bytes	0x243340	
0x350A40	nn::cec::CTR::Message::GetMessageId(nn::cec::CTR::MessageId*) const	fefates:bytes	0x2433B8	
0x350A84	nn::cec::CTR::MessageId::MessageId(const unsigned char*)	fefates:callgraph	0x2433FC	
0x350AAC	nn::cec::CTR::MessageId::MessageId(unsigned char*)	fefates:callgraph	0x243424	
0x350AD4	nn::cec::CTR::MessageId::MessageId()	fefates:callgraph	0x24344C	
0x350AE8	nn::cfg::CTR::GetCountry()	fefates:bytes	0x243490	
0x350B70	nn::cfg::CTR::GetUserName(nn::cfg::CTR::UserName*)	fefates:bytes	0x2435F4	
0x350BAC	nn::cfg::CTR::IsAgreedEula()	fefates:bytes	0x24362C	
0x350C2C	nn::cfg::CTR::GetRegionCodeA3(nn::cfg::CTR::CfgRegionCode)	fefates:bytes	0x2436AC	
0x350C44	nn::cfg::CTR::GetCountryCodeA2(nn::cfg::CTR::CfgCountryCode)	fefates:bytes	0x2436C4	
0x350C5C	nn::cfg::CTR::IsRestrictP2pCec()	fefates:bytes	0x2436DC	
0x350C94	nn::cfg::CTR::GetLanguageCodeA2(nn::cfg::CTR::CfgLanguageCode)	fefates:bytes	0x243714	
0x350CB4	nn::cfg::CTR::GetTransferableId(unsigned int)	fefates:bytes	0x243734	
0x350CDC	nn::cfg::CTR::GetLocalFriendCode()	fefates:bytes	0x2437A4	
0x350D18	nn::cfg::CTR::GetSimpleAddressId(nn::cfg::CTR::SimpleAddressId*)	fefates:bytes	0x2437E0	
0x350E38	nn::cfg::CTR::IsRestrictP2pInternet()	fefates:bytes	0x243808	
0x350F48	nn::cfg::CTR::detail::GetTransferableId(unsigned int,unsigned long long*)	fefates:callgraph	0x243840	
0x350F4C	nn::cfg::CTR::detail::IpcUser::GetTransferableId(unsigned int,unsigned long long*)	fefates:bytes	0x243844	
0x351038	nn::dbm::RomPathTool::PathParser::Initialize(const wchar_t*)	fefates:bytes	0x243934	
0x3510A4	nn::dbm::RomPathTool::PathParser::GetNextDirectoryName(nn::dbm::RomPathTool::RomEntryName*)	fefates:bytes	0x2439A0	
0x35115C	nn::dbm::RomPathTool::PathParser::PathParser()	fefates:callgraph	0x243A58	
0x351174	nn::dbm::RomPathTool::GetParentDirectoryName(nn::dbm::RomPathTool::RomEntryName*,const nn::dbm::RomPathTool::RomEntryName&,const wchar_t*)	fefates:bytes	0x243A70	
0x351280	nn::dsp::CTR::Initialize()	fefates:bytes-fuzzy	0x243B7C	
0x35135C	nn::dsp::CTR::SetSemaphore(unsigned short)	fefates:callgraph	0x243C58	
0x351388	nn::dsp::CTR::LockComponent()	fefates:callgraph	0x243D38	
0x351474	nn::dsp::CTR::UnlockComponent()	fefates:callgraph	0x243E44	
0x351480	nn::dsp::CTR::WriteProcessPipe(int,const void*,unsigned int)	fefates:bytes	0x243E50	
0x3514C8	nn::dsp::CTR::ReadPipeIfPossible(int,void*,unsigned short,unsigned short*)	fefates:bytes	0x243E98	
0x3515BC	nn::dsp::CTR::RegisterInterruptEvents(nn::Handle,int,int)	fefates:bytes	0x243F80	
0x351654	nn::dsp::CTR::ClearSleepWakeUpCallback(void (*)(),void (*)(),void (*)())	fefates:bytes	0x244018	
0x3516A4	nn::dsp::CTR::RegisterSleepWakeUpCallback(void (*)(),void (*)(),void (*)())	fefates:bytes	0x244068	
0x3516FC	nn::dsp::CTR::ConvertProcessAddressFromDspDram(unsigned int,unsigned int*)	fefates:bytes	0x2440C0	
0x3517E8	nn::dsp::CTR::DSP::SetSemaphore(unsigned short)	fefates:bytes	0x24418C	
0x351820	nn::dsp::CTR::DSP::RecvDataIsReady(unsigned short,bool*)	fefates:bytes	0x244200	
0x351864	nn::dsp::CTR::DSP::SetSemaphoreMask(unsigned short)	fefates:bytes	0x244244	
0x35189C	nn::dsp::CTR::DSP::WriteProcessPipe(int,const unsigned char*,unsigned int)	fefates:bytes	0x24427C	
0x3518E4	nn::dsp::CTR::DSP::ReadPipeIfPossible(int,int,unsigned char*,unsigned short,unsigned short*)	fefates:bytes	0x2442C4	
0x35194C	nn::dsp::CTR::DSP::GetSemaphoreEventHandle(nn::Handle*)	fefates:bytes	0x244368	
0x351980	nn::dsp::CTR::DSP::RegisterInterruptEvents(nn::Handle,int,int)	fefates:bytes	0x24439C	
0x3519BC	nn::dsp::CTR::DSP::ConvertProcessAddressFromDspDram(unsigned int,unsigned int*)	fefates:bytes	0x2443D8	
0x3519F8	nn::dsp::CTR::DSP::RecvData(unsigned short,unsigned short*)	fefates:bytes	0x244414	
0x351B3C	nn::enc::detail::CheckBreakType(unsigned int,unsigned int)	fefates:bytes	0x244544	
0x351B64	nn::enc::detail::WriteBreakType(unsigned char*,unsigned int,nn::enc::BreakType,bool)	fefates:bytes	0x24456C	
0x351BF8	nn::enc::detail::CheckParameters(bool,int*,int*,bool*,bool,int*,int*,bool*)	fefates:bytes	0x244600	
0x351C84	nn::enc::detail::ConvertStringUtf16NativeToUtf8(unsigned char*,int*,const unsigned short*,int*,nn::enc::BreakType)	fefates:bytes	0x24468C	
0x35201C	nn::enc::detail::ConvertStringUtf8ToUtf16Native(unsigned short*,int*,const unsigned char*,int*,nn::enc::BreakType)	fefates:bytes	0x244A24	
0x3525EC	nn::hid::CTR::HidDevices::Initialize(const char*)	fefates:bytes	0x10CF9C	
0x352714	nn::hid::CTR::HidDevices::~HidDevices()	fefates:bytes	0x245828	
0x353834	nn::hid::CTR::TouchPanelReader::ReadLatest(nn::hid::CTR::TouchPanelStatus*)	fefates:bytes	0x10D0C4	
0x3538B8	nn::hid::CTR::AnalogStickClamper::ClampValueOfClamp()	fefates:bytes	0x116FE8	
0x353B9C	nn::hid::CTR::AnalogStickClamper::ClampCore(short*,short*,int,int)	fefates:bytes	0x117034	
0x353C30	nn::hid::CTR::AnalogStickClamper::AnalogStickClamper()	fefates:bytes	0x10D198	
0x354578	nn::hid::CTR::detail::Ipc::GetIPCHandles(nn::Handle*,nn::Handle*,nn::Handle*,nn::Handle*,nn::Handle*,nn::Handle*)	fefates:bytes	0x1170C8	
0x354680	nn::hid::CTR::ExtraPad::IsSampling()	fefates:bytes	0x117140	
0x3546F0	nn::hid::CTR::PadReader::ReadLatest(nn::hid::CTR::PadStatus*)	fefates:bytes	0x10D1FC	
0x354838	nn::hid::CTR::PadReader::PadReader(nn::hid::CTR::Pad&)	fefates:bytes	0x1075E8	
0x35486C	nn::mic::CTR::StartSampling(nn::mic::CTR::SamplingType,nn::mic::CTR::SamplingRate,int,unsigned int,bool)	fefates:bytes	0x245A0C	
0x3549B4	nn::mic::CTR::detail::Mic::StartSampling(nn::mic::CTR::SamplingType,nn::mic::CTR::SamplingRate,int,unsigned int,bool)	fefates:bytes	0x245BA4	
0x354A44	nn::mic::CTR::detail::Mic::SetIirFilterMic(const unsigned char*,unsigned int)	fefates:bytes	0x245C3C	
0x354A90	nn::mic::CTR::detail::Mic::SetPGAB(unsigned char)	fefates:bytes	0x245CC0	
0x354B30	nn::ndm::EnterExclusiveState(nn::ndm::CTR::ExclusiveMode)	fefates:callgraph	0x245E44	
0x354B34	nn::ndm::CTR::detail::Interface::EnterExclusiveState(int)	fefates:bytes	0x245E48	
0x354B74	nn::ndm::LeaveExclusiveState()	fefates:callgraph	0x134DF8	
0x354B78	nn::ndm::CTR::detail::Interface::LeaveExclusiveState()	fefates:bytes	0x134DFC	
0x354BB4	nn::ndm::Suspend(nn::ndm::CTR::DaemonName)	fefates:callgraph	0x245EA8	
0x354BD4	nn::ndm::Finalize()	fefates:bytes	0x11725C	
0x354C70	nn::nex::ByteStream::ExtractRaw(unsigned char*,unsigned int)	fefates:bytes-fuzzy	0x245EC8	
0x354D20	nn::nex::ByteStream::Append(const nn::nex::Time*)	fefates:bytes	0x245F78	
0x354DA0	nn::nex::ByteStream::SetLength(unsigned int)	fefates:bytes	0x245FF8	
0x354DC0	nn::nex::ByteStream::~ByteStream()	fefates:callseq	0x246018	
0x354DF0	nn::nex::ByteStream::~ByteStream()	fefates:callgraph	0x246048	
0x354E58	nn::nex::ByteStream::operator<<(const bool&)	fefates:bytes	0x2460B0	
0x354E8C	nn::nex::ByteStream::operator>>(bool&)	fefates:bytes	0x2460E4	
0x354EE0	nn::nex::CopyString(wchar_t**,const wchar_t*)	fefates:bytes	0x1401D4	
0x354F30	nn::nex::HttpClient::Start(nn::nex::CallContext*,const nn::nex::String&,nn::nex::HttpConnection::Method,nn::nex::HttpEventListener*,unsigned int)	fefates:bytes-fuzzy	0x246138	
0x3550C0	nn::nex::HttpClient::HttpClient()	fefates:callgraph	0x2462C8	
0x355108	nn::nex::RendezVous::Login(nn::nex::CallContext*,const wchar_t*,const char*,const wchar_t*,unsigned short,const nn::nex::AnyObjectHolder<nn::nex::Data,nn::nex::String>&,nn::nex::Credentials**,nn::nex::String*)	fefates:bytes	0x2462D8	
0x355190	nn::nex::RootObject::operator delete(void*)	fefates:callgraph	0x120DC4	
0x3551B4	nn::nex::RootObject::operator new(unsigned int)	fefates:callgraph	0x1404B0	
0x355224	nn::nex::StationURL::SetURLType(nn::nex::StationURL::URLType)	fefates:bytes	0x246354	
0x35524C	nn::nex::StationURL::ParseParams(wchar_t*,bool)	fefates:bytes	0x24637C	
0x355534	nn::nex::StationURL::SetParamValue(const wchar_t*,unsigned int)	fefates:bytes-fuzzy	0x246664	
0x355754	nn::nex::StationURL::SetPortNumber(unsigned short)	fefates:bytes	0x246884	
0x3557A4	nn::nex::StationURL::SetInetAddress(const nn::nex::InetAddress*)	fefates:bytes	0x2468D4	
0x355834	nn::nex::StationURL::SetConnectionID(unsigned int)	fefates:callgraph	0x246964	
0x355884	nn::nex::StationURL::SetPlatformType()	fefates:bytes	0x2469B4	
0x3558FC	nn::nex::StationURL::SetRelayServerAddress(const nn::nex::String&)	fefates:bytes	0x246A2C	
0x3559A0	nn::nex::StationURL::Copy(const nn::nex::StationURL&)	fefates:bytes	0x246AD0	
0x355C54	nn::nex::StationURL::Parse()	fefates:bytes	0x246D84	
0x355E38	nn::nex::StationURL::Format()	fefates:bytes-fuzzy	0x246F68	
0x356344	nn::nex::StationURL::SetURL(const wchar_t*)	fefates:bytes	0x247474	
0x356414	nn::nex::StationURL::StationURL(const wchar_t*)	fefates:bytes	0x247544	
0x35649C	nn::nex::StationURL::StationURL(const nn::nex::StationURL&)	fefates:bytes	0x2475CC	
0x356524	nn::nex::StationURL::StationURL()	fefates:bytes	0x247654	
0x3565E8	nn::nex::StationURL::~StationURL()	fefates:bytes	0x2476E8	
0x35684C	nn::nex::StationURL::operator=(const nn::nex::String&)	fefates:bytes	0x24794C	
0x35697C	nn::nex::noshowbase(nn::nex::StringStream&)	fefates:callgraph	0x24797C	
0x356988	nn::nex::CallContext::CancelImpl(nn::nex::CallContext::State)	fefates:bytes-fuzzy	0x12BA1C	
0x356A84	nn::nex::CallContext::InitiateCall()	fefates:callgraph	0x134E38	
0x356B00	nn::nex::CallContext::SetStateImpl(nn::nex::CallContext::State,nn::nex::qResult,bool)	fefates:callgraph	0x139D54	
0x356CB8	nn::nex::CallContext::SignalFailure(nn::nex::qResult)	fefates:bytes	0x247988	
0x356CE8	nn::nex::CallContext::SignalSuccess(nn::nex::qResult)	fefates:bytes	0x2479B8	
0x356D24	nn::nex::CallContext::SetCallInProgressState()	fefates:callseq	0x139F08	
0x356DE4	nn::nex::CallContext::RegisterCompletionCallback(void (*)(nn::nex::CallContext*,const nn::nex::UserContext*),const nn::nex::UserContext&,bool)	fefates:bytes	0x12BB18	
0x356F58	nn::nex::CallContext::Wait(unsigned int)	fefates:bytes-fuzzy	0x1172FC	
0x357078	nn::nex::CallContext::Reset()	fefates:bytes-fuzzy	0x134EB8	
0x357188	nn::nex::CallContext::Cancel(nn::nex::CallContext::State)	fefates:callgraph	0x12BC88	
0x357284	nn::nex::CallContext::CallContext()	fefates:bytes-fuzzy	0x134FC8	
0x357380	nn::nex::CallContext::~CallContext()	fefates:callseq	0x2479FC	
0x3573B0	nn::nex::CallContext::~CallContext()	fefates:callgraph	0x120DE8	
0x3575E0	nn::nex::Credentials::~Credentials()	fefates:bytes	0x247A2C	
0x3576F8	nn::nex::InetAddress::SetAddress(const wchar_t*)	fefates:bytes-fuzzy	0x247ABC	
0x35783C	nn::nex::InetAddress::SetAddress(unsigned int)	fefates:callgraph	0x247C00	
0x357848	nn::pia::inet::NexFacade::ConvertInetAddressToNexInetAddress(const nn::pia::common::InetAddress&,nn::nex::InetAddress*)	fefates:bytes	0x247C0C	
0x357870	nn::nex::InetAddress::SetPortNumber(unsigned short)	fefates:callseq-callee	0x247C34	
0x35787C	nn::nex::InetAddress::InetAddress(const nn::nex::InetAddress&)	fefates:bytes	0x247C40	
0x35789C	nn::nex::InetAddress::InetAddress(unsigned int,unsigned short)	fefates:bytes	0x247C60	
0x3578CC	nn::nex::InetAddress::InetAddress()	fefates:bytes	0x247C90	
0x35790C	nn::nex::InetAddress::operator=(const nn::nex::InetAddress&)	fefates:bytes	0x247CB8	
0x357C40	nn::nex::JobCTRLogin::InitializeEvent()	fefates:bytes	0x247FEC	
0x357CDC	nn::nex::JobCTRLogin::StepWaitingForGameLogin()	fefates:bytes	0x248088	
0x357DBC	nn::nex::JobCTRLogin::StepGetGameAuthentication()	fefates:bytes	0x248168	
0x357F2C	nn::nex::JobCTRLogin::StepRequestAuthenticationToken()	fefates:bytes	0x2482D8	
0x358324	nn::nex::JobCTRLogin::StepWaitingForRequestAuthenticationToken()	fefates:bytes	0x2486C8	
0x35857C	nn::nex::JobCTRLogin::StepFirst()	fefates:bytes	0x248920	
0x358668	nn::nex::JobCTRLogin::~JobCTRLogin()	fefates:bytes	0x248A0C	
0x358750	nn::nex::MD5Checksum::ComputeChecksum(const unsigned char**,const unsigned int*,int,nn::nex::SignatureBytes&)	fefates:bytes	0x248A78	
0x358804	nn::nex::MD5Checksum::ComputeChecksum(const nn::nex::Buffer&,nn::nex::Buffer*)	fefates:bytes	0x248B2C	
0x358898	nn::nex::MD5Checksum::ComputeChecksumForTransportArray(const unsigned char**,const unsigned int*,int)	fefates:bytes	0x248BC0	
0x358934	nn::nex::MD5Checksum::MD5Checksum()	fefates:bytes	0x248C5C	
0x35896C	nn::nex::PRUDPStream::GetURLType()	fefates:bytes	0x248C90	
0x359688	nn::nex::PRUDPStream::ResponsibleForURL(const nn::nex::StationURL*)	fefates:bytes	0x249530	
0x3596D4	nn::nex::PRUDPStream::VersionNegotiation(nn::nex::Packet*,nn::nex::Packet*)	fefates:bytes-fuzzy	0x249568	
0x3597F8	nn::nex::PRUDPStream::ReleaseEndPointImpl(nn::nex::PRUDPEndPoint*)	fefates:bytes-fuzzy	0x24968C	
0x35A45C	nn::nex::PRUDPStream::IsDuplicateReorderingPacket(nn::nex::Packet*)	fefates:bytes-fuzzy	0x24A3AC	
0x35A918	nn::nex::PRUDPStream::Send(unsigned short,unsigned char,nn::nex::PacketOut*,nn::nex::Key*)	fefates:bytes-fuzzy	0x24A844	
0x35AC5C	nn::nex::PRUDPStream::PRUDPStream(nn::nex::Stream::Type,nn::nex::RootTransport*)	fefates:callseq	0x24AB70	
0x35B344	nn::nex::PacketQueue::QueueFront(nn::nex::Packet*,bool)	fefates:bytes	0x24B274	
0x35B408	nn::nex::PacketQueue::Purge()	fefates:bytes	0x24B338	
0x35B514	nn::nex::PacketQueue::Dequeue(nn::nex::qChain<nn::nex::Packet*,nn::nex::DefaultChainPolicy<nn::nex::Packet*>>::iterator)	fefates:bytes	0x24B4F4	
0x35B5D0	nn::nex::PacketQueue::~PacketQueue()	fefates:bytes	0x24B5B0	
0x35B63C	nn::nex::PeriodicJob::SkipWaitDelayAtTermination()	fefates:bytes	0x24B5F0	
0x35B774	nn::nex::RelayStream::ReceiveIncomingPacket(unsigned short,unsigned char,nn::nex::Packet*)	fefates:bytes	0x24B730	
0x35B8B4	nn::nex::RelayStream::~RelayStream()	fefates:bytes	0x24B870	
0x35BA80	nn::nex::StreamTable::FindStream(wchar_t*)	fefates:bytes	0x24B960	
0x35BAE0	nn::nex::StreamTable::StreamTable()	fefates:bytes	0x24B9C0	
0x35BB98	nn::nex::StreamTable::~StreamTable()	fefates:bytes	0x24BA48	
0x35BEE4	nn::nex::SystemClock::GetUncorrectedTime()	fefates:callseq	0x13A098	
0x35BF84	nn::nex::SystemClock::GetTime()	fefates:bytes-fuzzy	0x13A138	
0x35C030	nn::nex::SystemError::SignalError(wchar_t*,unsigned int,unsigned int,unsigned int)	fefates:callgraph	0x13A1E4	
0x35C43C	nn::nex::CacheManager::CacheManager()	fefates:bytes	0x140224	
0x35C4D4	nn::nex::CacheManager::~CacheManager()	fefates:bytes	0x24BB54	
0x35C774	nn::nex::EventHandler::CreateEventObject(unsigned int,unsigned int)	fefates:callseq-callee	0x1402BC	
0x35C88C	nn::nex::EventHandler::EventHandler(unsigned short)	fefates:callseq	0x1403D4	
0x35C998	nn::nex::EventHandler::~EventHandler()	fefates:callseq	0x24BCFC	
0x35CA68	nn::nex::HMACChecksum::KeyHasChanged()	fefates:bytes	0x24BDCC	
0x35CBCC	nn::nex::HMACChecksum::ComputeChecksum(const nn::nex::Buffer&,nn::nex::Buffer*)	fefates:callseq	0x24BF30	
0x35CC58	nn::nex::HMACChecksum::ChecksumComputeHelper(const unsigned char**,const unsigned int*,int,nn::nex::MD5&)	fefates:bytes	0x24BFBC	
0x35CDB8	nn::nex::HMACChecksum::HMACChecksum()	fefates:bytes	0x24C11C	
0x35CE48	nn::nex::HMACChecksum::~HMACChecksum()	fefates:callgraph	0x24C1AC	
0x35CE64	nn::nex::JobDeriveKey::Execute()	fefates:callseq	0x24C1C8	
0x35D0C8	nn::nex::JobDeriveKey::~JobDeriveKey()	fefates:bytes	0x24C42C	
0x35D194	nn::nex::JobNNIDLogin::StepGameLogin()	fefates:bytes	0x24C4A0	
0x35D3AC	nn::nex::JobNNIDLogin::StepWaitingForGameLogin()	fefates:bytes	0x24C6B8	
0x35D428	nn::nex::JobTerminate::StepWaitOnPendingJobs()	fefates:bytes	0x24C734	
0x35D518	nn::nex::NgsBridgeImp::ReplaceURL(nn::nex::ProtocolCallContext*,const nn::nex::StationURL&,const nn::nex::StationURL&)	fefates:callseq	0x24C804	
0x35D55C	nn::nex::NgsBridgeImp::SendReport(unsigned int,const void*,unsigned int)	fefates:callseq	0x24C848	
0x35D64C	nn::nex::PacketBuffer::PacketBuffer(unsigned int)	fefates:bytes	0x24C8B0	
0x35D6D4	nn::nex::PacketEncDec::GenerateKey(const nn::nex::Key&,const unsigned char*,const unsigned char*,nn::nex::Key*)	fefates:bytes	0x24C938	
0x35D844	nn::nex::PacketEncDec::SetReliableEncryptionKey(const nn::nex::Key&,unsigned char,unsigned char)	fefates:callseq	0x24CAA8	
0x35D984	nn::nex::PRUDPEndPoint::SetEncryptionKey(const nn::nex::Key&)	fefates:bytes	0x24CBD4	
0x35DA2C	nn::nex::PacketEncDec::ReinitUserReliableSubStreams()	fefates:bytes	0x24CC7C	
0x35DBCC	nn::nex::PacketEncDec::DecideMaxUserReliableSubStreams(unsigned short)	fefates:callseq	0x24CE1C	
0x35E054	nn::nex::PacketEncDec::Decode(nn::nex::Packet*)	fefates:callseq	0x24D27C	
0x35E250	nn::nex::PacketEncDec::Encode(nn::nex::Packet*,nn::nex::Stream::Type,bool)	fefates:callseq	0x24D478	
0x35E4F4	nn::nex::PacketEncDec::PacketEncDec()	fefates:callseq	0x24D71C	
0x35E774	nn::nex::PacketEncDec::~PacketEncDec()	fefates:bytes	0x24D994	
0x35E8F4	nn::nex::RVClientCore::GetInstance()	fefates:callgraph	0x12BD74	
0x35ED48	nn::nex::RVClientCore::~RVClientCore()	fefates:bytes	0x24DD28	
0x35EE40	nn::nex::RelayMessage::UnpackPing(nn::nex::PacketIn*)	fefates:bytes	0x24DDB0	
0x35EF80	nn::nex::RelayMessage::CalcSignature(nn::nex::SignatureBytes*,nn::nex::RelayType,const unsigned char*,unsigned int,const unsigned char*,const unsigned char*,unsigned int)	fefates:bytes	0x24DEF0	
0x35F098	nn::nex::RelayMessage::CheckTimeStamp(nn::nex::PacketIn*)	fefates:callgraph	0x24E008	
0x35F140	nn::nex::RelayMessage::UnpackWithoutValidation(nn::nex::ByteStream*,nn::nex::PacketIn*,unsigned int*,bool)	fefates:bytes	0x24E0AC	
0x35F3B4	nn::nex::RelayMessage::Pack(nn::nex::PacketOut*,nn::nex::ByteStream*)	fefates:bytes	0x24E320	
0x35F434	nn::nex::RelayMessage::Pack(nn::nex::PacketOut*,nn::nex::ByteStream*,const unsigned char*,unsigned int)	fefates:bytes	0x24E3A0	
0x35F718	nn::nex::RelayMessage::Unpack(nn::nex::ByteStream*,nn::nex::PacketIn*,unsigned int*)	fefates:bytes	0x24E684	
0x35F7F8	nn::nex::RelayMessage::PackPing(nn::nex::PacketOut*)	fefates:bytes	0x24E764	
0x35FAA4	nn::nex::RootCaReader::Read(nn::nex::qVector<unsigned char>*,const char**,unsigned int)	fefates:bytes-fuzzy	0x24EA00	
0x35FD78	nn::nex::RootCaReader::ReadImpl(nn::nex::qVector<unsigned char>*,const char**,unsigned int)	fefates:bytes-fuzzy	0x24ECD4	
0x3604AC	nn::nex::RoutingTable::Add(const nn::nex::InetAddress&,const nn::nex::InetAddress&,bool)	fefates:bytes	0x24F404	
0x3606EC	nn::nex::RoutingTable::Remove(const nn::nex::InetAddress&)	fefates:bytes	0x24F644	
0x360828	nn::nex::RoutingTable::RoutingTable(unsigned int)	fefates:bytes	0x24F780	
0x3608D8	nn::nex::SecureStream::GetURLType()	fefates:bytes	0x24F830	
0x360948	nn::nex::SecureStream::CloseEndPoint(nn::nex::EndPoint*)	fefates:bytes	0x24F854	
0x3609F0	nn::nex::SecureStream::CreateEndPoint(const nn::nex::StationURL*)	fefates:bytes	0x24F8D0	
0x360A78	nn::nex::SecureStream::ResponsibleForURL(const nn::nex::StationURL*)	fefates:bytes	0x24F918	
0x360AB4	nn::nex::SecureStream::FilterIncomingConnection(nn::nex::Buffer*,nn::nex::Buffer*,nn::nex::EndPoint*)	fefates:bytes	0x24F944	
0x360CCC	nn::nex::SecureStream::SecureStream()	fefates:bytes	0x24FA90	
0x360E98	nn::nex::SecureStream::~SecureStream()	fefates:bytes	0x24FC5C	
0x360F58	nn::nex::StationProbe::Reset()	fefates:bytes	0x24FCE0	
0x361144	nn::nex::StringStream::StreamNumber(unsigned char)	fefates:bytes	0x24FED4	
0x3611E4	nn::nex::StringStream::StreamNumber(int)	fefates:bytes	0x24FF74	
0x361284	nn::nex::StringStream::StreamNumber(unsigned int)	fefates:bytes	0x250014	
0x361314	nn::nex::StringStream::TestFreeRoom(unsigned int)	fefates:bytes	0x2500A4	
0x3613B4	nn::nex::StringStream::Clear()	fefates:bytes	0x250144	
0x361408	nn::nex::StringStream::StringStream()	fefates:bytes	0x250198	
0x361448	nn::nex::StringStream::~StringStream()	fefates:callseq	0x2501D8	
0x361478	nn::nex::StringStream::~StringStream()	fefates:bytes	0x11741C	
0x3614C4	nn::nex::StringStream::operator<<(const void*)	fefates:bytes	0x250208	
0x36153C	nn::nex::operator<<(nn::nex::StringStream&,const nn::nex::StationURL&)	fefates:bytes	0x250280	
0x361568	nn::nex::StringStream::operator<<(const wchar_t*)	fefates:bytes	0x2502AC	
0x361678	nn::nex::URLProbeList::FindProbe(const nn::nex::StationURL&)	fefates:bytes	0x250320	
0x3617A0	nn::nex::URLProbeList::~URLProbeList()	fefates:bytes	0x250418	
0x3618AC	nn::nex::_Type_string::Add(nn::nex::Message*,const nn::nex::String&)	fefates:bytes	0x250524	
0x3619AC	nn::nex::_Type_string::Extract(nn::nex::Message*,nn::nex::String*)	fefates:bytes	0x250624	
0x361DDC	nn::nex::InterfaceInfo::Trace(unsigned long long)	fefates:bytes	0x250814	
0x361F24	nn::nex::InterfaceInfo::InterfaceInfo()	fefates:bytes	0x25095C	
0x361F9C	nn::nex::RootObject::operator new[](unsigned int)	fefates:callgraph	0x246350	
0x361FA0	nn::nex::MemoryManager::Allocate(unsigned int)	fefates:callgraph	0x1404B4	
0x361FF0	nn::nex::NATProperties::NATProperties()	fefates:bytes	0x2509B8	
0x36208C	nn::nex::NATProperties::~NATProperties()	fefates:bytes	0x250A18	
0x3620B0	nn::nex::PRUDPEndPoint::CompleteIO(nn::nex::qResult)	fefates:bytes	0x250A3C	
0x3621AC	nn::nex::PRUDPEndPoint::SendPacket(nn::nex::PacketOut*)	fefates:bytes-fuzzy	0x250B38	
0x362558	nn::nex::PRUDPEndPoint::TimeToPing()	fefates:callseq	0x250EE4	
0x362730	nn::nex::PRUDPEndPoint::IsConnected()	fefates:bytes	0x2510B4	
0x362EB4	nn::nex::PRUDPEndPoint::IsNotConnected()	fefates:bytes	0x2517DC	
0x362FE0	nn::nex::PRUDPEndPoint::IsDisconnecting()	fefates:bytes	0x25195C	
0x36311C	nn::nex::PRUDPEndPoint::SendAggregateACK()	fefates:bytes	0x251AB8	
0x36320C	nn::nex::PRUDPEndPoint::SignalFaultEvent(unsigned int,bool)	fefates:bytes	0x251BA8	
0x363250	nn::nex::PRUDPEndPoint::InitUnreliableSeq(nn::nex::PacketOut*)	fefates:bytes	0x251BEC	
0x3632DC	nn::nex::PRUDPEndPoint::ProcessFaultEvent(unsigned int)	fefates:callgraph	0x251C78	
0x363998	nn::nex::PRUDPEndPoint::SetConnectionState(nn::nex::EndPoint::_ConnectionState)	fefates:bytes-fuzzy	0x252380	
0x363A90	nn::nex::PRUDPEndPoint::SendAggregateACKNew()	fefates:callgraph	0x252478	
0x3641EC	nn::nex::PRUDPEndPoint::SendAggregateACKOld()	fefates:callgraph	0x252C88	
0x364724	nn::nex::PRUDPEndPoint::IsAnyPacketProcessed()	fefates:bytes	0x253208	
0x3656A8	nn::nex::PRUDPEndPoint::IsDuplicateReorderingPacket(nn::nex::PacketIn*)	fefates:bytes	0x25405C	
0x366288	nn::nex::PRUDPEndPoint::DecideMaxUserReliableSubStreams(unsigned short)	fefates:callseq	0x254CE8	
0x367718	nn::nex::PRUDPEndPoint::Defrag(nn::nex::PacketIn*)	fefates:bytes	0x256230	
0x367CF0	nn::nex::PRUDPEndPoint::IsFaulty()	fefates:bytes	0x2568D8	
0x367DA8	nn::nex::PRUDPEndPoint::_Connect(nn::nex::Buffer*,nn::nex::Buffer*,void (*)(nn::nex::EndPoint*,nn::nex::qResult,const nn::nex::UserContext*),const nn::nex::UserContext&,unsigned int)	fefates:bytes-fuzzy	0x2569C0	
0x368204	nn::nex::PRUDPEndPoint::StartPing()	fefates:bytes	0x256D54	
0x369094	nn::nex::ProfilingUnit::Log()	fefates:bytes-fuzzy	0x257D18	
0x369264	nn::nex::ProfilingUnit::Reset(nn::nex::Time)	fefates:bytes	0x257EE8	
0x369448	nn::nex::ProfilingUnit::~ProfilingUnit()	fefates:callseq	0x257F4C	
0x36A628	nn::nex::QueuingSocket::RetransmitFromHistoryPacketQueue(nn::nex::PacketQueue*,nn::nex::qChain<nn::nex::Packet*,nn::nex::ChainPolicyHistoryPacket<nn::nex::Packet*>>*,unsigned short)	fefates:bytes	0x258F34	
0x36A8F0	nn::nex::QueuingSocket::QueuingSocket(nn::nex::IOCompletionNotifier*,unsigned int,nn::nex::RootTransport*,unsigned int,nn::nex::TransportBuffer*)	fefates:callseq	0x259148	
0x36AA1C	nn::nex::QueuingSocket::~QueuingSocket()	fefates:callseq	0x2592C8	
0x36AB0C	nn::nex::RC4Encryption::KeyHasChanged()	fefates:bytes-fuzzy	0x13361C	
0x36ACD8	nn::nex::RC4Encryption::Decrypt(const nn::nex::Buffer&,nn::nex::Buffer*)	fefates:bytes	0x25958C	
0x36AD28	nn::nex::RC4Encryption::Encrypt(const nn::nex::Buffer&,nn::nex::Buffer*)	fefates:bytes	0x2595DC	
0x36AD58	nn::nex::RC4Encryption::RC4Encryption()	fefates:bytes-fuzzy	0x25960C	
0x36AE28	nn::nex::RC4Encryption::~RC4Encryption()	fefates:bytes	0x2596DC	
0x36AE8C	nn::nex::RC4Encryption::~RC4Encryption()	fefates:bytes	0x259740	
0x36AEF0	nn::nex::RootTransport::GetInstance()	fefates:callgraph	0x2597A4	
0x36B148	nn::nex::RootTransport::SetNATProperties(const nn::nex::NATProperties&)	fefates:callgraph	0x2599A8	
0x36B24C	nn::nex::RootTransport::GetNextPortNumber()	fefates:bytes	0x259AAC	
0x36B2C4	nn::nex::RootTransport::SetWellKnownPortNumber(unsigned short)	fefates:callgraph	0x259B24	
0x36B6A4	nn::nex::RootTransport::RootTransport()	fefates:callseq	0x259EE8	
0x36C2DC	nn::nex::RoutingStream::ReceiveIncomingPacket(unsigned short,unsigned char,nn::nex::Packet*)	fefates:callseq	0x25AB50	
0x36D064	nn::nex::RoutingStream::RoutingStream()	fefates:bytes-fuzzy	0x25B8F0	
0x36D22C	nn::nex::RoutingStream::~RoutingStream()	fefates:callseq	0x25BAB8	
0x36D488	nn::nex::ServiceClient::SetDefaultCredentials(nn::nex::Credentials*)	fefates:bytes	0x12BDDC	
0x36D600	nn::nex::ServiceClient::ServiceClient(unsigned int)	fefates:callgraph	0x25BD94	
0x36D6F4	nn::nex::ServiceClient::~ServiceClient()	fefates:bytes	0x12BE78	
0x36E1AC	nn::nex::SlidingWindow::SlidingWindow(unsigned short,unsigned int)	fefates:bytes	0x25C98C	
0x36E478	nn::nex::StreamManager::Initialize(unsigned short,unsigned char,unsigned int)	fefates:bytes-fuzzy	0x25CC90	
0x36E674	nn::nex::BackEndServices::SetSandboxAccessKey(const nn::nex::String&)	fefates:callgraph	0x25CE8C	
0x36E68C	nn::nex::StreamManager::AssociateSecureStream(nn::nex::ConnectionOrientedStream*,bool (*)(const nn::nex::UserContext&,nn::nex::Buffer*,nn::nex::Buffer*,nn::nex::EndPoint*))	fefates:bytes	0x25CEA4	
0x36E6C4	nn::nex::StreamManager::StreamManager(nn::nex::Stream::Type,nn::nex::RootTransport*)	fefates:callseq	0x25CEDC	
0x36E978	nn::nex::StreamManager::~StreamManager()	fefates:callseq	0x25D114	
0x36E988	nn::nex::StreamManager::~StreamManager()	fefates:bytes-fuzzy	0x25D124	
0x36EA74	nn::nex::SystemSetting::GetList()	fefates:callgraph	0x25D210	
0x36EAE8	nn::nex::SystemSetting::SystemSetting(const wchar_t*,unsigned int)	fefates:bytes	0x25D284	
0x36EB88	nn::nex::SystemSetting::~SystemSetting()	fefates:bytes	0x25D2F4	
0x36EC1C	nn::nex::TicketManager::InsertTicket(unsigned int,nn::nex::Ticket*)	fefates:bytes	0x25D388	
0x36ED64	nn::nex::TicketManager::AcquireTicket(nn::nex::CallContext*,unsigned int,unsigned int,nn::nex::Ticket**)	fefates:callseq	0x25D4D0	
0x36EEE4	nn::nex::TicketManager::LoginWithData(nn::nex::CallContext*,nn::nex::qResult*,const char*,unsigned int*,nn::nex::RVConnectionData*,nn::nex::CustomDataHolder<nn::nex::LoginData>*)	fefates:callgraph	0x25D650	
0x36F098	nn::nex::TicketManager::ReleaseTicket(nn::nex::Ticket*)	fefates:bytes	0x25D800	
0x36F244	nn::nex::TicketManager::TicketManager(nn::nex::AuthenticationClient*)	fefates:bytes	0x25D9AC	
0x36FAE8	nn::nex::_Type_qBuffer::Add(nn::nex::Message*,const nn::nex::qBuffer&)	fefates:bytes	0x25DC9C	
0x36FB38	nn::nex::_Type_qBuffer::Extract(nn::nex::Message*,nn::nex::qBuffer*)	fefates:bytes	0x25DCEC	
0x36FBFC	nn::nex::_Type_qresult::Extract(nn::nex::Message*,nn::nex::qResult*)	fefates:bytes	0x25DDB0	
0x36FC84	nn::nex::_Type_variant::Add(nn::nex::Message*,const nn::nex::Variant&)	fefates:bytes-fuzzy	0x25DE38	
0x36FDD8	nn::nex::_Type_variant::Extract(nn::nex::Message*,nn::nex::Variant*)	fefates:bytes-fuzzy	0x25DF90	
0x370260	nn::nex::AnyDataAdapter::Unregister()	fefates:callgraph	0x25E418	
0x3705E8	nn::nex::AnyDataAdapter::UnregisterAllPrototypes()	fefates:bytes	0x25E53C	
0x3706E0	nn::nex::AnyDataAdapter::Register()	fefates:callgraph	0x25E634	
0x370800	nn::nex::AnyDataAdapter::~AnyDataAdapter()	fefates:bytes	0x25E720	
0x370A18	nn::nex::ClientProtocol::ProcessResponse(nn::nex::Message*,nn::nex::EndPoint*)	fefates:bytes	0x25E8E4	
0x370C88	nn::nex::ClientProtocol::SendOverLocalLoopback(nn::nex::ProtocolCallContext*,nn::nex::Message*)	fefates:bytes	0x25EB54	
0x370DD4	nn::nex::ClientProtocol::SetDefaultCredentials(nn::nex::Credentials*)	fefates:bytes	0x25ECBC	
0x370E64	nn::nex::ClientProtocol::ClientProtocol(unsigned int)	fefates:bytes	0x25ED48	
0x370EF0	nn::nex::ClientProtocol::~ClientProtocol()	fefates:bytes	0x1210A0	
0x37117C	nn::nex::JobNameResolve::CompleteJob(const nn::nex::qResult&)	fefates:bytes	0x25EF7C	
0x3715FC	nn::nex::JobNameResolve::JobNameResolve(unsigned int,int,nn::nex::RootTransport::bool ()())	fefates:callseq	0x25F3A8	
0x37181C	nn::nex::MatchmakeParam::MatchmakeParam()	fefates:bytes	0x25F5D0	
0x37190C	nn::nex::PRUDPMessageV0::FastUnpack(nn::nex::ByteStream*,nn::nex::PacketIn*,unsigned int*)	fefates:bytes	0x25F6A0	
0x371AD0	nn::nex::PRUDPMessageV0::CalcSignature(nn::nex::Packet*,nn::nex::PRUDPMessageInterface::SignatureMethod,const nn::nex::Key*,nn::nex::Stream::Type,nn::nex::TransportSignatureGenerator*,const nn::nex::SignatureBytes*,nn::nex::SignatureBytes&)	fefates:bytes	0x25F864	
0x371AF8	nn::nex::PRUDPMessageV0::CalcSignature(nn::nex::PacketOut*,nn::nex::PRUDPMessageInterface::SignatureMethod,const nn::nex::Key*,nn::nex::Stream::Type,nn::nex::TransportSignatureGenerator*,const nn::nex::SignatureBytes*,nn::nex::SignatureBytes&)	fefates:bytes	0x25F88C	
0x371B24	nn::nex::PRUDPMessageV0::CalcSignatureHelper(const nn::nex::Packet*,nn::nex::PRUDPMessageInterface::SignatureMethod,const nn::nex::Key*,nn::nex::Stream::Type,nn::nex::TransportSignatureGenerator*,nn::nex::SignatureBytes&)	fefates:bytes-fuzzy	0x25F8B8	
0x371E88	nn::nex::PRUDPMessageV0::CalcExpectedSignature(const nn::nex::Packet*,nn::nex::PRUDPMessageInterface::SignatureMethod,const nn::nex::Key*,nn::nex::TransportSignatureGenerator*,const nn::nex::SignatureBytes*,nn::nex::SignatureBytes&)	fefates:bytes	0x25FC1C	
0x371F64	nn::nex::PRUDPMessageV0::Pack(nn::nex::PacketOut*,nn::nex::ByteStream*)	fefates:callseq	0x25FCF8	
0x3723B8	nn::nex::PRUDPMessageV0::Unpack(nn::nex::ByteStream*,nn::nex::PacketIn*,unsigned int*)	fefates:callseq	0x260150	
0x372710	nn::nex::PRUDPMessageV1::FastUnpack(nn::nex::ByteStream*,nn::nex::PacketIn*,unsigned int*)	fefates:bytes	0x2604B0	
0x3727CC	nn::nex::PRUDPMessageV1::HeaderParse(nn::nex::ByteStream*,nn::nex::PacketIn*,unsigned int&,unsigned int&)	fefates:bytes	0x26056C	
0x3728AC	nn::nex::PRUDPMessageV1::OptionUnpack(nn::nex::ByteStream*,nn::nex::PacketIn*,unsigned int)	fefates:bytes	0x26064C	
0x372B34	nn::nex::PRUDPMessageV1::CalcSignature(nn::nex::Packet*,nn::nex::PRUDPMessageInterface::SignatureMethod,const nn::nex::Key*,nn::nex::Stream::Type,nn::nex::TransportSignatureGenerator*,const nn::nex::SignatureBytes*,nn::nex::SignatureBytes&)	fefates:bytes	0x2608D4	
0x372B58	nn::nex::PRUDPMessageV1::CalcSignature(nn::nex::PacketOut*,nn::nex::PRUDPMessageInterface::SignatureMethod,const nn::nex::Key*,nn::nex::Stream::Type,nn::nex::TransportSignatureGenerator*,const nn::nex::SignatureBytes*,nn::nex::SignatureBytes&)	fefates:bytes	0x2608F8	
0x372C08	nn::nex::PRUDPMessageV1::OptionBuilder(nn::nex::PacketOut*)	fefates:bytes	0x2609A8	
0x372F98	nn::nex::PRUDPMessageV1::CalcSignatureHelper(const nn::nex::Packet*,nn::nex::PRUDPMessageInterface::SignatureMethod,const nn::nex::Key*,nn::nex::Stream::Type,const nn::nex::SignatureBytes*,nn::nex::SignatureBytes&)	fefates:callgraph	0x260D38	
0x3733D4	nn::nex::PRUDPMessageV1::CalcExpectedSignature(const nn::nex::Packet*,nn::nex::PRUDPMessageInterface::SignatureMethod,const nn::nex::Key*,nn::nex::TransportSignatureGenerator*,const nn::nex::SignatureBytes*,nn::nex::SignatureBytes&)	fefates:bytes	0x261178	
0x373480	nn::nex::PRUDPMessageV1::Pack(nn::nex::PacketOut*,nn::nex::ByteStream*)	fefates:callseq	0x261224	
0x3737B4	nn::nex::PRUDPMessageV1::Unpack(nn::nex::ByteStream*,nn::nex::PacketIn*,unsigned int*)	fefates:callseq	0x261564	
0x373A94	nn::nex::PRUDPMessageV1::~PRUDPMessageV1()	fefates:bytes	0x261768	
0x373B64	nn::nex::SecureEndPoint::IsConnected()	fefates:bytes	0x2617A4	
0x373B80	nn::nex::SecureEndPoint::_Disconnect(void (*)(nn::nex::EndPoint*,nn::nex::qResult,const nn::nex::UserContext*),const nn::nex::UserContext&,unsigned int)	fefates:bytes	0x2617C0	
0x373C8C	nn::nex::SecureEndPoint::IsConnecting()	fefates:bytes	0x2618CC	
0x373CE4	nn::nex::SecureEndPoint::PeerIsConnected()	fefates:bytes	0x2618E8	
0x373D1C	nn::nex::SecureEndPoint::SetEncryptionKey(const nn::nex::Key&)	fefates:bytes	0x261904	
0x373D54	nn::nex::SecureEndPoint::SignalFaultEvent(unsigned int,bool)	fefates:bytes	0x261920	
0x373D90	nn::nex::SecureEndPoint::SetMaxSilenceTime(unsigned int)	fefates:bytes	0x26193C	
0x373E90	nn::nex::SecureEndPoint::SetConnectionState(nn::nex::EndPoint::_ConnectionState)	fefates:bytes	0x261A1C	
0x373EC8	nn::nex::SecureEndPoint::SetKeepAliveTimeout(unsigned int)	fefates:bytes	0x261A38	
0x373F00	nn::nex::SecureEndPoint::IsAnyPacketProcessed()	fefates:bytes	0x261A54	
0x373F1C	nn::nex::SecureEndPoint::RegisterEventHandler(nn::nex::EndPointEventHandler*)	fefates:bytes	0x261A70	
0x374010	nn::nex::SecureEndPoint::IsFaulty()	fefates:bytes	0x261B10	
0x37402C	nn::nex::SecureEndPoint::_Connect(nn::nex::Buffer*,nn::nex::Buffer*,void (*)(nn::nex::EndPoint*,nn::nex::qResult,const nn::nex::UserContext*),const nn::nex::UserContext&,unsigned int)	fefates:bytes	0x261B2C	
0x374204	nn::nex::SecureEndPoint::~SecureEndPoint()	fefates:callseq	0x261D04	
0x374230	nn::nex::ServerProtocol::SetCallError(nn::nex::qResult)	fefates:bytes	0x261D20	
0x374264	nn::nex::ServerProtocol::DispatchCallRequest(unsigned int,nn::nex::Message*,nn::nex::Message*,bool*,int*,nn::nex::EndPoint*)	fefates:callseq	0x261D54	
0x3744E4	nn::nex::ServerProtocol::ServerProtocol(unsigned int)	fefates:bytes	0x261FCC	
0x3745CC	nn::nex::StreamSettings::SetMaxSilenceTime(unsigned int)	fefates:callseq-callee	0x262164	
0x3745F0	nn::nex::StreamSettings::SetKeepAliveTimeout(unsigned int)	fefates:callseq-callee	0x262188	
0x374614	nn::nex::StreamSettings::SetKey(const nn::nex::String&)	fefates:callseq	0x2621AC	
0x3749DC	nn::nex::StreamSettings::~StreamSettings()	fefates:bytes	0x262524	
0x374CBC	nn::nex::TimeoutManager::SchedulePacketTimeout(nn::nex::PacketOut*)	fefates:callgraph	0x262898	
0x375828	nn::nex::TimeoutManager::TimeoutManager()	fefates:bytes	0x2634AC	
0x37594C	nn::nex::TimeoutManager::~TimeoutManager()	fefates:bytes	0x2635D0	
0x375BBC	nn::nex::_DDL_Gathering::Add(nn::nex::Message*,const nn::nex::_DDL_Gathering&)	fefates:bytes	0x263824	
0x375D20	nn::nex::_DDL_Gathering::Extract(nn::nex::Message*,nn::nex::_DDL_Gathering*)	fefates:bytes	0x263988	
0x375FEC	nn::nex::qReservedQueue<unsigned char>::push(const unsigned char*,unsigned int)	fefates:bytes	0x263BAC	
0x376098	nn::nex::BackEndServices::LogoutImpl(nn::nex::CallContext*,nn::nex::Credentials*)	fefates:bytes	0x1352C0	
0x37626C	nn::nex::BackEndServices::OnLoginStart(nn::nex::CallContext&)	fefates:callgraph	0x263C58	
0x376350	nn::nex::BackEndServices::OnLogoutStart(nn::nex::CallContext&)	fefates:callgraph	0x12BF34	
0x37643C	nn::nex::BackEndServices::TerminateImpl()	fefates:callgraph	0x12C018	
0x3765D4	nn::nex::BackEndServices::PostLogoutCleanup()	fefates:bytes	0x263D34	
0x376964	nn::nex::BackEndServices::RegisterServerProtocols()	fefates:bytes	0x263D94	
0x3769C0	nn::nex::BackEndServices::UnregisterServerProtocols()	fefates:bytes	0x263DF0	
0x376C00	nn::nex::BackEndServices::RegisterPreTerminateCallback(void (*)(nn::nex::CallContext*,const nn::nex::UserContext*),const nn::nex::UserContext&)	fefates:bytes	0x263E28	
0x376C50	nn::nex::RendezVous::Logout(nn::nex::CallContext*,nn::nex::Credentials*)	fefates:bytes	0x12C1A8	
0x376C78	nn::nex::BackEndServices::Logout_(nn::nex::CallContext*,nn::nex::Credentials*)	fefates:callgraph	0x12C1D0	
0x376DA8	nn::nex::BackEndServices::LoginImpl(nn::nex::CallContext*,nn::nex::qResult*,const wchar_t*,const char*,const wchar_t*,unsigned short,nn::nex::Credentials**,nn::nex::String*,nn::nex::AnyObjectHolder<nn::nex::Data,nn::nex::String>*)	fefates:callgraph	0x263E5C	
0x37708C	nn::nex::BackEndServices::Terminate(nn::nex::CallContext*)	fefates:bytes	0x117484	
0x377100	nn::nex::BackEndServices::BackEndServices()	fefates:callseq	0x264138	
0x377284	nn::nex::RendezVous::~RendezVous()	fefates:callgraph	0x2642B8	
0x377288	nn::nex::BackEndServices::~BackEndServices()	fefates:callseq	0x2642BC	
0x377580	nn::nex::CriticalSection::CriticalSection(unsigned int)	fefates:callgraph	0x13D52C	
0x377620	nn::nex::DDLDeclarations::DDLDeclarations(bool)	fefates:bytes	0x2645C4	
0x37765C	nn::nex::GlobalVariables::AcquireInstance()	fefates:callseq	0x13A2E0	
0x377810	nn::nex::GlobalVariables::GlobalVariables()	fefates:callseq	0x13D5B8	
0x377B84	nn::nex::GlobalVariables::~GlobalVariables()	fefates:callseq	0x26462C	
0x378700	nn::nex::JobDataStoreHpp::StepWaitingForHttp()	fefates:bytes	0x264928	
0x378918	nn::nex::JobDataStoreHpp::ProcessFinalResponse(const nn::nex::qVector<unsigned char>&)	fefates:bytes	0x264B40	
0x378A88	nn::nex::JobDataStoreHpp::PrepareRequestHeaders()	fefates:bytes-fuzzy	0x264CB0	
0x3792DC	nn::nex::JobDataStoreHpp::StepRetrieveGameAuthToken()	fefates:bytes	0x265504	
0x379400	nn::nex::JobDataStoreHpp::StepWaitingRetrieveGameAuthToken()	fefates:bytes	0x265628	
0x3794BC	nn::nex::JobDataStoreHpp::StepHttp()	fefates:bytes	0x2656E4	
0x379DEC	nn::nex::JobNATCheckBase::InitializeSocket()	fefates:callseq	0x266018	
0x37A62C	nn::nex::NATCheckMessage::ToNetworkByteOrder()	fefates:callgraph	0x2660FC	
0x37A6AC	nn::nex::NetworkEmulator::Queue(nn::nex::Buffer*,nn::nex::InetAddress&)	fefates:bytes	0x26617C	
0x37A7C4	nn::nex::NetworkEmulator::Dequeue(nn::nex::Buffer*)	fefates:bytes	0x266294	
0x37A8AC	nn::nex::NetworkEmulator::GetHead(nn::nex::Buffer**,nn::nex::InetAddress*)	fefates:callseq	0x26637C	
0x37AD74	nn::nex::NetworkEmulator::NetworkEmulator(nn::nex::EmulationDevice*)	fefates:callseq	0x266840	
0x37AEA8	nn::nex::PseudoSingleton::SetContext(unsigned int)	fefates:callseq	0x1354DC	
0x37B85C	nn::nex::SocketTransport::StartListen(unsigned short,unsigned short*,bool,unsigned int,bool)	fefates:bytes	0x26725C	
0x37B8C8	nn::nex::SocketTransport::StartListenImpl(unsigned short,unsigned short*,bool,unsigned int,bool,bool)	fefates:callgraph	0x2672B0	
0x37C724	nn::nex::SocketTransport::FillPacketQueueFromBuffer(nn::nex::QueuingSocket*,nn::nex::Buffer*,const nn::nex::InetAddress*)	fefates:callgraph	0x268F6C	
0x37CF98	nn::nex::SocketTransport::Receive(unsigned short,nn::nex::Buffer*,const nn::nex::InetAddress*)	fefates:bytes	0x269748	
0x37CFE4	nn::nex::SocketTransport::GetSocket(unsigned short)	fefates:callgraph	0x269794	
0x37D960	nn::nex::StepSequenceJob::ProcessCallResult(nn::nex::StepSequenceJob::Step*)	fefates:bytes	0x26A0F8	
0x37DA0C	nn::nex::StepSequenceJob::ResumeOnCallCompletion(nn::nex::CallContext*,nn::nex::StepSequenceJob::Step*)	fefates:bytes	0x26A1A4	
0x37DB18	nn::nex::StepSequenceJob::Execute()	fefates:bytes	0x26A22C	
0x37DB88	nn::nex::StepSequenceJob::SetStep(const nn::nex::StepSequenceJob::Step&)	fefates:bytes	0x13557C	
0x37DBC8	nn::nex::StepSequenceJob::StepSequenceJob(nn::nex::Job::JobType,const nn::nex::DebugString&)	fefates:bytes	0x1355BC	
0x37DC4C	nn::nex::StepSequenceJob::~StepSequenceJob()	fefates:callgraph	0x26A2C8	
0x37DC64	nn::nex::StringConverter::Decode(wchar_t*,unsigned short,bool)	fefates:bytes	0x26A2E0	
0x37DC94	nn::nex::StringConverter::Encode(const wchar_t*,bool)	fefates:bytes	0x26A310	
0x37DD58	nn::nex::StringConverter::StringConverter(int)	fefates:bytes	0x26A3D4	
0x37DD90	nn::nex::StringConverter::~StringConverter()	fefates:bytes	0x26A40C	
0x37DDCC	nn::nex::SystemComponent::Initialize()	fefates:bytes	0x13DA28	
0x37DEF8	nn::nex::SystemComponent::UseIsAllowed()	fefates:bytes	0x26A460	
0x37DF1C	nn::nex::SystemComponent::ValidTransition(nn::nex::SystemComponent::_State)	fefates:bytes	0x26A484	
0x37E020	nn::nex::SystemComponent::WaitForTerminatedState(unsigned int)	fefates:bytes-fuzzy	0x26A588	
0x37E16C	nn::nex::SystemComponent::Use::~Use()	fefates:bytes	0x26A6A4	
0x37E208	nn::nex::SystemComponent::SetName(const nn::nex::String&)	fefates:callgraph	0x26A73C	
0x37E210	nn::nex::SystemComponent::Terminate()	fefates:bytes	0x26A744	
0x37E3C8	nn::nex::SystemComponent::SystemComponent(const nn::nex::String&)	fefates:bytes	0x26A8FC	
0x37E478	nn::nex::ServerProtocol::~ServerProtocol()	fefates:callgraph	0x12C408	
0x37E47C	nn::nex::SystemComponent::~SystemComponent()	fefates:callgraph	0x12C40C	
0x37E580	nn::nex::TransportBuffer::TransportBuffer(unsigned int,unsigned int)	fefates:callseq	0x26AB94	
0x37E974	nn::nex::ZLibCompression::DecompressImpl(const nn::nex::Buffer&,nn::nex::Buffer*)	fefates:bytes-fuzzy	0x26AF90	
0x37EB10	nn::nex::ZLibCompression::ZLibCompression(int,int)	fefates:bytes-fuzzy	0x26B12C	
0x37ED54	nn::nex::ZLibCompression::~ZLibCompression()	fefates:callseq	0x26B258	
0x37EEA4	nn::nex::BandwidthCounter::BandwidthCounter(const nn::nex::String&)	fefates:callgraph	0x26B30C	
0x37EF90	nn::nex::BandwidthCounter::~BandwidthCounter()	fefates:callgraph	0x26B3C8	
0x37F05C	nn::nex::BandwidthCounter::operator+=(unsigned int)	fefates:bytes	0x26B49C	
0x37F140	nn::nex::DynamicGathering::~DynamicGathering()	fefates:bytes	0x26B4D8	
0x37FB10	nn::nex::JobCreateAccount::LoginGuest()	fefates:bytes	0x26BC78	
0x37FBEC	nn::nex::JobCreateAccount::CompleteJob(nn::nex::qResult)	fefates:bytes	0x26BD54	
0x37FC84	nn::nex::JobCreateAccount::LogoutGuest()	fefates:bytes	0x26BDEC	
0x380610	nn::nex::JobCreateAccount::ProcessLogoutGuestResult()	fefates:bytes	0x26C768	
0x38063C	nn::nex::JobCreateAccount::ProcessCreateAccountResult()	fefates:bytes	0x26C794	
0x380FD4	nn::nex::JobManageAccount::CompleteJob()	fefates:bytes	0x26CA80	
0x38105C	nn::nex::JobManageAccount::CompleteJobImpl(nn::nex::CallContext::State,nn::nex::qResult)	fefates:callgraph	0x26CB08	
0x3810AC	nn::nex::JobManageAccount::CallCreateAccount()	fefates:bytes	0x26CB58	
0x3811FC	nn::nex::JobManageAccount::CallUpdateAccount()	fefates:bytes	0x26CCA8	
0x381484	nn::nex::JobManageAccount::PasswordInitialHash()	fefates:bytes	0x26D028	
0x38159C	nn::nex::JobManageAccount::CallCustomCreateAccount()	fefates:bytes	0x26D140	
0x38182C	nn::nex::JobManageAccount::CallNintendoCreateAccount()	fefates:bytes	0x26D4D8	
0x381988	nn::nex::JobManageAccount::CallAccountManagementCommand()	fefates:bytes	0x26D634	
0x381D04	nn::nex::JobManageAccount::CallCreateAccountWithCustomData()	fefates:bytes	0x26D9B0	
0x381E54	nn::nex::JobManageAccount::Cancel()	fefates:bytes	0x26DB00	
0x381ECC	nn::nex::JobManageAccount::JobManageAccount(unsigned int,nn::nex::AccountManagementProtocolClient*,const nn::nex::String&,const nn::nex::String&,unsigned int,const nn::nex::String&,nn::nex::qResult*,nn::nex::JobManageAccount::FuncType,nn::nex::AnyObjectHolder<nn::nex::Data,nn::nex::String>*,nn::nex::AnyObjectHolder<nn::nex::Data,nn::nex::String>*,nn::nex::AnyObjectHolder<nn::nex::Data,nn::nex::String>*,unsigned int*,nn::nex::String*)	fefates:callseq	0x26DB78	
0x3820F8	nn::nex::JobManageAccount::~JobManageAccount()	fefates:bytes	0x26DDAC	
0x382400	nn::nex::MD5KeyDerivation::InitializeKey(nn::nex::CallContext*,const char*,nn::nex::Key*)	fefates:bytes	0x26DEDC	
0x382450	nn::nex::MD5KeyDerivation::CreateKey(nn::nex::CallContext*,unsigned int,const char*,nn::nex::Key*,nn::nex::KeyCache*)	fefates:bytes	0x26DF2C	
0x3824C0	nn::nex::MD5KeyDerivation::CreateKey(unsigned int,const char*)	fefates:bytes	0x26DF9C	
0x38254C	nn::nex::MatchmakeSession::Reset()	fefates:bytes	0x26E000	
0x38262C	nn::nex::MatchmakeSession::MatchmakeSession()	fefates:bytes	0x26E0E0	
0x382718	nn::nex::ObjectThreadRoot::LaunchImpl()	fefates:bytes	0x141900	
0x3829A0	nn::nex::ObjectThreadRoot::ObjectThreadProc(void*)	fefates:callseq	0x1433D0	
0x382AA8	nn::nex::ObjectThreadRoot::Wait(unsigned int)	fefates:bytes	0x26E1C8	
0x382CF8	nn::nex::ObjectThreadRoot::Launch(unsigned int)	fefates:callseq	0x140654	
0x382DC4	nn::nex::ObjectThreadRoot::~ObjectThreadRoot()	fefates:callseq	0x26E48C	
0x382F20	nn::nex::OperationManager::OperationEnds(nn::nex::Operation*)	fefates:bytes	0x26E600	
0x382FB4	nn::nex::OperationManager::OperationBegins(nn::nex::Operation*)	fefates:bytes	0x26E694	
0x3830CC	nn::nex::OperationManager::OperationManager()	fefates:bytes	0x26E7AC	
0x3831E8	nn::nex::OperationManager::~OperationManager()	fefates:bytes	0x26E898	
0x3833E4	nn::nex::PRUDPEndPointMap::Locate(const nn::nex::InetAddress&,nn::nex::VirtualPort)	fefates:bytes	0x26EA94	
0x383454	nn::nex::ProtocolRegistry::GetProtocol(unsigned short,nn::nex::Protocol::_Type)	fefates:callgraph	0x26EB04	
0x383520	nn::nex::ServiceClient::RegisterProtocol(nn::nex::Protocol*)	fefates:bytes	0x26EBC8	
0x383580	nn::nex::ProtocolRegistry::RegisterProtocol(nn::nex::Protocol*)	fefates:callgraph	0x26EC28	
0x38378C	nn::nex::ProtocolRegistry::RegisterProtocol(unsigned short,nn::nex::Protocol*)	fefates:bytes	0x26EE2C	
0x3837C0	nn::nex::ProtocolRegistry::~ProtocolRegistry()	fefates:bytes	0x26EE60	
0x3838F8	nn::nex::RVConnectionData::RVConnectionData()	fefates:bytes	0x26EF98	
0x3839C4	nn::nex::RefCountedObject::RefCountedObject()	fefates:bytes	0x26F054	
0x383A10	nn::nex::RefCountedObject::~RefCountedObject()	fefates:callgraph	0x26F0A0	
0x383A4C	nn::nex::TransportAdapter::GetLocalURLs(nn::nex::qList<nn::nex::StationURL>*)	fefates:bytes	0x26F0DC	
0x383D90	nn::nex::TransportAdapter::ResolveAddress(nn::nex::CallContext*,nn::nex::StationURL*)	fefates:callseq	0x26F420	
0x383DF8	nn::nex::TransportAdapter::SetNetworkInterfaceInfo(nn::nex::InterfaceInfo*)	fefates:bytes	0x26F468	
0x383E40	nn::nex::TransportAdapter::SortAndFilterTargetURLs(const nn::nex::qProtectedList<nn::nex::StationURL>&,nn::nex::qList<nn::nex::StationURL>*)	fefates:callseq	0x26F4B0	
0x383F88	nn::nex::_DDL_GameSession::StreamOut(nn::nex::Message*)	fefates:bytes	0x26F5D4	
0x384024	nn::nex::_DDL_ResultRange::Add(nn::nex::Message*,const nn::nex::_DDL_ResultRange&)	fefates:bytes	0x26F670	
0x384104	nn::nex::_DDL_ResultRange::operator=(const nn::nex::_DDL_ResultRange&)	fefates:bytes	0x26F748	
0x3846C8	nn::nex::_DDL_DynamicGathering::StreamIn(nn::nex::Message*) const	fefates:bytes	0x26F764	
0x3846F0	nn::nex::_Type_buffertail::Add(nn::nex::Message*,const nn::nex::Buffer&)	fefates:bytes	0x26F78C	
0x384728	nn::nex::_Type_buffertail::Extract(nn::nex::Message*,nn::nex::Buffer*)	fefates:bytes	0x26F7C4	
0x3847A0	nn::nex::_Type_stationurl::Add(nn::nex::Message*,const nn::nex::StationURL&)	fefates:bytes	0x26F83C	
0x3847DC	nn::nex::_Type_stationurl::Extract(nn::nex::Message*,nn::nex::StationURL*)	fefates:bytes	0x26F878	
0x385894	nn::nex::CTRHttpConnection::AddRootCa(const unsigned char*,int)	fefates:bytes	0x270C4C	
0x3858AC	nn::nex::CTRHttpConnection::CTRHttpConnection()	fefates:callseq	0x270C64	
0x3859E4	nn::nex::CTRHttpConnection::~CTRHttpConnection()	fefates:callseq	0x270D84	
0x385BB8	nn::nex::ChecksumAlgorithm::AppendChecksum(nn::nex::Buffer*)	fefates:bytes	0x270F14	
0x385CE8	nn::nex::ChecksumAlgorithm::RemoveChecksum(nn::nex::Buffer*)	fefates:bytes	0x271044	
0x385EB0	nn::nex::ChecksumAlgorithm::ComputeChecksumForTransport(const unsigned char*,unsigned int)	fefates:bytes	0x27120C	
0x385ED4	nn::nex::ChecksumAlgorithm::DeriveKey(const char*,unsigned int)	fefates:bytes	0x271230	
0x385FC8	nn::nex::ChecksumAlgorithm::DeriveKey(nn::nex::CallContext*,nn::nex::ChecksumAlgorithm*,const char*,unsigned int,nn::nex::Key*,nn::nex::KeyCache*,nn::nex::Job::JobType)	fefates:bytes	0x271324	
0x386044	nn::nex::ChecksumAlgorithm::DeriveKey(nn::nex::CallContext*,nn::nex::ChecksumAlgorithm*,const nn::nex::Buffer&,unsigned int,nn::nex::Key*,nn::nex::KeyCache*,nn::nex::Job::JobType)	fefates:callgraph	0x2713A0	
0x38625C	nn::nex::ConnectionManager::Disconnect(nn::nex::CallContext*,nn::nex::EndPoint*)	fefates:callgraph	0x2714F8	
0x386334	nn::nex::ConnectionManager::ConnectImpl(nn::nex::CallContext*,nn::nex::Buffer*,nn::nex::Buffer*,const nn::nex::qList<nn::nex::StationURL>&,nn::nex::EndPoint**,unsigned int,bool,nn::nex::JobConnectEndPoint**)	fefates:callgraph	0x2715EC	
0x386430	nn::nex::ConnectionManager::AttachStream(nn::nex::ConnectionOrientedStream*,bool)	fefates:callgraph	0x2716EC	
0x3865A4	nn::nex::ConnectionManager::FilterConnectionRequest(nn::nex::ConnectionOrientedStream*,const nn::nex::StationURL*,nn::nex::Buffer*,nn::nex::EndPoint*)	fefates:bytes	0x271860	
0x386620	nn::nex::ConnectionManager::RegisterConnectionFilter(bool (*)(const nn::nex::UserContext&,nn::nex::Buffer*,nn::nex::Buffer*,nn::nex::EndPoint*),nn::nex::UserContext)	fefates:callgraph	0x2718DC	
0x386630	nn::nex::ConnectionManager::Connect(nn::nex::CallContext*,const nn::nex::StationURL&,nn::nex::EndPoint**,unsigned int,nn::nex::JobConnectEndPoint**)	fefates:bytes	0x2718EC	
0x38677C	nn::nex::StreamManager::Terminate()	fefates:callgraph	0x271A38	
0x38678C	nn::nex::ConnectionManager::ConnectionManager(nn::nex::EndPointEventHandler*,nn::nex::Job::JobType,bool,bool)	fefates:bytes-fuzzy	0x271A48	
0x386A2C	nn::nex::ConnectionManager::~ConnectionManager()	fefates:bytes	0x271CE8	
0x386B38	nn::nex::DataStoreMetaInfo::DataStoreMetaInfo(const nn::nex::DataStoreMetaInfo&)	fefates:bytes	0x271D78	
0x386D58	nn::nex::HttpEventListener::PostChunkedBuffer(nn::nex::HttpConnection*,unsigned char*,unsigned int,bool*)	fefates:bytes	0x271E88	
0x386FD4	nn::nex::MatchMakingClient::EndParticipation(nn::nex::ProtocolCallContext*,unsigned int,const nn::nex::String&)	fefates:bytes	0x2720E8	
0x387008	nn::nex::MatchMakingClient::RegisterPrototype(nn::nex::Gathering*)	fefates:callgraph	0x27211C	
0x387030	nn::nex::MatchMakingClient::UnregisterGathering(nn::nex::ProtocolCallContext*,unsigned int)	fefates:bytes	0x27223C	
0x387088	nn::nex::MatchMakingClient::UpdateProtocolsDefaultCredentials(nn::nex::Credentials*)	fefates:bytes-fuzzy	0x25EC98	
0x3870D0	nn::nex::MatchMakingClient::MatchMakingClient()	fefates:callgraph	0x272258	
0x38735C	nn::nex::MatchMakingClient::~MatchMakingClient()	fefates:bytes	0x121114	
0x387390	nn::nex::NATRelayInterface::NATRelayInterface()	fefates:callgraph	0x2724B0	
0x3879A4	nn::nex::ErrorCodeConverter::ConvertToNetworkErrorCode(const nn::nex::qResult&)	fefates:callgraph	0x272500	
0x3884C8	nn::nex::JobConnectEndPoint::CheckExceptions()	fefates:bytes	0x272BE4	
0x388E2C	nn::nex::JobConnectEndPoint::TryConnectViaRouting()	fefates:bytes	0x2734AC	
0x388E90	nn::nex::JobConnectEndPoint::WaitForURLResolution()	fefates:bytes	0x273510	
0x388F8C	nn::nex::JobConnectEndPoint::TestSuspendedJobState()	fefates:bytes	0x27360C	
0x38934C	nn::nex::JobConnectEndPoint::ReportNATTraversalResult(bool)	fefates:bytes-fuzzy	0x2739C8	
0x389450	nn::nex::JobConnectEndPoint::SelectConnectionTechnique()	fefates:bytes	0x273ACC	
0x389530	nn::nex::JobConnectEndPoint::Trace(unsigned long long)	fefates:bytes	0x273BAC	
0x389644	nn::nex::JobConnectEndPoint::CancelJob()	fefates:bytes	0x273CC0	
0x3896CC	nn::nex::JobConnectEndPoint::JobConnectEndPoint(nn::nex::Job::JobType,nn::nex::ConnectionManager*,unsigned int,nn::nex::Buffer*,nn::nex::Buffer*,const nn::nex::qList<nn::nex::StationURL>&,nn::nex::EndPoint**,unsigned int,bool)	fefates:callseq	0x273D48	
0x389A60	nn::nex::JobConnectEndPoint::~JobConnectEndPoint()	fefates:bytes	0x2740EC	
0x38B990	nn::nex::JobStartNATSession::StepFinish()	fefates:bytes	0x276100	
0x38B9E4	nn::nex::JobStartNATSession::CompleteJob(const nn::nex::qResult&)	fefates:bytes	0x276154	
0x38BFCC	nn::nex::KerberosEncryption::InitializeKey(nn::nex::CallContext*,const char*,nn::nex::Key*)	fefates:bytes	0x27675C	
0x38C014	nn::nex::KerberosEncryption::Decrypt(const nn::nex::Buffer&,nn::nex::Buffer*)	fefates:bytes	0x2767A4	
0x38C084	nn::nex::KerberosEncryption::Decrypt(const nn::nex::Buffer&,nn::nex::Buffer*,const nn::nex::Key&)	fefates:bytes	0x276814	
0x38C16C	nn::nex::KerberosEncryption::Encrypt(const nn::nex::Buffer&,nn::nex::Buffer*,const nn::nex::Key&)	fefates:bytes	0x2768FC	
0x38C220	nn::nex::KerberosEncryption::CreateKey(nn::nex::CallContext*,unsigned int,const char*,nn::nex::Key*)	fefates:bytes	0x2769B0	
0x38C268	nn::nex::KerberosEncryption::CreateKey(unsigned int,const char*)	fefates:bytes	0x2769F8	
0x38C350	nn::nex::KerberosEncryption::KerberosEncryption()	fefates:bytes	0x276AE0	
0x38C374	nn::nex::KerberosEncryption::~KerberosEncryption()	fefates:bytes	0x276B04	
0x38C408	nn::nex::MD5ChecksumWithKey::ComputeChecksum(const nn::nex::Buffer&,nn::nex::Buffer*)	fefates:callseq	0x276B98	
0x38C494	nn::nex::MD5ChecksumWithKey::ChecksumComputeHelper(const unsigned char**,const unsigned int*,int,nn::nex::MD5&)	fefates:bytes	0x276C24	
0x38D4F0	nn::nex::NATTraversalEngine::GetUpdatedURL(const nn::nex::StationURL&,nn::nex::StationURL*)	fefates:callseq	0x276D5C	
0x38DE30	nn::nex::NATTraversalEngine::StartSendProbe(const nn::nex::StationURL&)	fefates:bytes-fuzzy	0x27723C	
0x38F5C0	nn::nex::NATTraversalEngine::PrepareNATTraversal(nn::nex::StationURL)	fefates:callseq	0x277720	
0x38FA28	nn::nex::NATTraversalEngine::GetNATTraversalResult(unsigned int)	fefates:callseq	0x277978	
0x38FE80	nn::nex::NATTraversalEngine::NATTraversalEngine()	fefates:bytes	0x277AC4	
0x39006C	nn::nex::NATTraversalEngine::~NATTraversalEngine()	fefates:bytes	0x277CB0	
0x390314	nn::nex::StationContactInfo::StationContactInfo(const nn::nex::qList<nn::nex::StationURL>&)	fefates:bytes	0x277DB4	
0x3903E0	nn::nex::StationContactInfo::~StationContactInfo()	fefates:bytes	0x277E50	
0x3906C8	nn::nex::ThreadVariableRoot::ThreadVariableRoot()	fefates:callseq-callee	0x1406EC	
0x390AE0	nn::nex::TransportBufferSet::TransportBufferSet(nn::nex::TransportBuffer*,int)	fefates:callseq	0x27854C	
0x390CBC	nn::nex::TransportBufferSet::~TransportBufferSet()	fefates:bytes	0x278748	
0x390FC0	nn::nex::AnyGatheringAdapter::RegisterUse()	fefates:callseq	0x2788A8	
0x3910AC	nn::nex::AnyGatheringAdapter::UnregisterUse()	fefates:callgraph	0x12C44C	
0x3911E0	nn::nex::AnyGatheringAdapter::RegisterPrototype(nn::nex::Gathering*)	fefates:callseq	0x278998	
0x391564	nn::nex::BandwidthCounterMap::BandwidthCounterMap(const nn::nex::String&)	fefates:bytes	0x278B78	
0x39164C	nn::nex::BandwidthCounterMap::~BandwidthCounterMap()	fefates:bytes	0x278C30	
0x3917F8	nn::nex::BandwidthCounterMap::operator[](unsigned int)	fefates:bytes	0x278DDC	
0x391A54	nn::nex::CallContextRegister::Unregister(unsigned int)	fefates:bytes	0x12C580	
0x391B54	nn::nex::Protocol::RetrieveCallContext(nn::nex::Message*)	fefates:bytes	0x13A5C0	
0x391B78	nn::nex::CallContextRegister::GetCallContext(unsigned int)	fefates:bytes	0x13A5E4	
0x391BD8	nn::nex::CallContextRegister::GetAssociatedId(unsigned int,nn::nex::qVector<unsigned int>*)	fefates:bytes	0x13A644	
0x391D20	nn::nex::CallContextRegister::BeginTermination()	fefates:bytes	0x279038	
0x391DA8	nn::nex::CallContextRegister::CancelCallContexts(void*,unsigned int)	fefates:bytes-fuzzy	0x13A78C	
0x392208	nn::nex::CallContextRegister::AssociateCallContext(unsigned int,unsigned int)	fefates:bytes	0x2792F8	
0x392238	nn::nex::CallContextRegister::Start()	fefates:bytes	0x279324	
0x392350	nn::nex::CallContextRegister::Register(nn::nex::CallContext*)	fefates:bytes	0x13A9B4	
0x3924AC	nn::nex::CallContextRegister::CallContextRegister()	fefates:bytes	0x13DB3C	
0x3926A0	nn::nex::CallContextRegister::~CallContextRegister()	fefates:callseq	0x27946C	
0x3929EC	nn::nex::ClientStreamManager::SetCredentials(nn::nex::Credentials*)	fefates:bytes	0x2797B8	
0x392A88	nn::nex::ClientStreamManager::~ClientStreamManager()	fefates:bytes	0x279854	
0x392B78	nn::nex::ConnectivityManager::SetRelayPublicAddress()	fefates:callseq	0x2798D0	
0x392DE0	nn::nex::DataStorePermission::DataStorePermission(nn::nex::DataStoreConstants::Permission,const nn::nex::qVector<unsigned int>&)	fefates:bytes	0x2799D4	
0x392E50	nn::nex::DataStorePermission::DataStorePermission(const nn::nex::DataStorePermission&)	fefates:bytes	0x279A44	
0x3931E4	nn::nex::EncryptionAlgorithm::SetKey(const nn::nex::Key&)	fefates:bytes	0x279BA4	
0x393230	nn::nex::EncryptionAlgorithm::Decrypt(nn::nex::Buffer*)	fefates:bytes	0x279BF0	
0x393294	nn::nex::EncryptionAlgorithm::Encrypt(nn::nex::Buffer*)	fefates:bytes	0x279C54	
0x3932EC	nn::nex::EncryptionAlgorithm::~EncryptionAlgorithm()	fefates:bytes	0x279CAC	
0x39333C	nn::nex::HighResolutionClock::GetHighResolutionTime()	fefates:bytes	0x279CE0	
0x393800	nn::nex::JobResolveRelayInfo::SetRelayAddress()	fefates:bytes-fuzzy	0x27A1A0	
0x393950	nn::nex::JobResolveRelayInfo::ResolvedRelayInfo()	fefates:bytes-fuzzy	0x27A2F0	
0x393B34	nn::nex::JobResolveRelayInfo::FailResolvedRelayInfo()	fefates:callseq	0x27A4D4	
0x393DE8	nn::nex::PacketBufferManager::Finalize()	fefates:callseq	0x27A788	
0x3941B8	nn::nex::PacketDispatchQueue::GetNextToDispatch()	fefates:bytes	0x27AA50	
0x394244	nn::nex::PacketDispatchQueue::Purge()	fefates:bytes	0x27AADC	
0x394324	nn::nex::PacketDispatchQueue::Queue(nn::nex::PacketIn*)	fefates:bytes	0x27ABBC	
0x394534	nn::nex::PacketDispatchQueue::PacketDispatchQueue()	fefates:bytes	0x27ADCC	
0x3945E0	nn::nex::PersistentGathering::Reset()	fefates:bytes	0x27AE78	
0x3946AC	nn::nex::PersistentGathering::PersistentGathering()	fefates:bytes	0x27B114	
0x394768	nn::nex::ProtocolCallContext::SetCredentials(nn::nex::Credentials*)	fefates:bytes	0x27B1D0	
0x3947F4	nn::nex::ProtocolCallContext::BeginTransition(nn::nex::CallContext::State,nn::nex::qResult,bool)	fefates:bytes	0x27B25C	
0x394888	nn::nex::ProtocolCallContext::AddReturnValuePtr(void*)	fefates:bytes	0x27B2F0	
0x394A1C	nn::nex::ProtocolCallContext::GetReturnValuePtr(unsigned int)	fefates:callgraph	0x27B484	
0x394A28	nn::nex::ProtocolCallContext::ProtocolCallContext(nn::nex::Credentials*)	fefates:bytes	0x27B490	
0x394A88	nn::nex::ProtocolCallContext::~ProtocolCallContext()	fefates:callseq	0x27B4F0	
0x394A98	nn::nex::ProtocolCallContext::~ProtocolCallContext()	fefates:callgraph	0x1174F8	
0x394B98	nn::nex::VirtualFilterDevice::Match(const nn::nex::InetAddress&)	fefates:bytes	0x27B500	
0x394D18	nn::nex::_DDL_MatchmakeParam::Add(nn::nex::Message*,const nn::nex::_DDL_MatchmakeParam&)	fefates:bytes	0x27B644	
0x394E64	nn::nex::_DDL_MatchmakeParam::Extract(nn::nex::Message*,nn::nex::_DDL_MatchmakeParam*)	fefates:bytes	0x27B790	
0x3951A0	nn::nex::_DDL_MatchmakeParam::~_DDL_MatchmakeParam()	fefates:bytes	0x27BABC	
0x395248	nn::nex::_DDL_MatchmakeParam::operator=(const nn::nex::_DDL_MatchmakeParam&)	fefates:bytes	0x27BB54	
0x3954BC	nn::nex::AuthenticationClient::~AuthenticationClient()	fefates:bytes	0x27BC50	
0x3955AC	nn::nex::BerkeleySocketDriver::BerkeleySocket::Bind(unsigned short&)	fefates:bytes-fuzzy	0x27BD38	
0x395878	nn::nex::BerkeleySocketDriver::BerkeleySocket::Send(unsigned char*,unsigned int,unsigned int*)	fefates:callseq	0x27C034	
0x395964	nn::nex::BerkeleySocketDriver::BerkeleySocket::Close()	fefates:callseq	0x27C120	
0x395BB0	nn::nex::BerkeleySocketDriver::BerkeleySocket::SetTTL(unsigned char)	fefates:callseq	0x27C3D0	
0x395E90	nn::nex::BerkeleySocketDriver::BerkeleySocket::Shutdown()	fefates:callseq	0x27C584	
0x395FDC	nn::nex::BerkeleySocketDriver::Poll(nn::nex::SocketDriver::PollInfo*,unsigned int,unsigned int)	fefates:bytes-fuzzy	0x27C5D4	
0x39615C	nn::nex::BerkeleySocketDriver::Create()	fefates:callseq	0x27C754	
0x3961E4	nn::nex::BerkeleySocketDriver::Delete(nn::nex::SocketDriver::Socket*)	fefates:bytes	0x27C7D4	
0x396218	nn::nex::CompressionAlgorithm::~CompressionAlgorithm()	fefates:callseq	0x27C7F0	
0x3962B4	nn::nex::DataStoreReqPostInfo::DataStoreReqPostInfo()	fefates:bytes	0x27C848	
0x396348	nn::nex::DataStoreReqPostInfo::~DataStoreReqPostInfo()	fefates:bytes	0x27C89C	
0x397478	nn::nex::PRUDPMessageSelector::FastUnpack(nn::nex::ByteStream*,nn::nex::PacketIn*,unsigned int*)	fefates:bytes	0x27CD68	
0x397520	nn::nex::PRUDPMessageSelector::CalcSignature(nn::nex::Packet*,nn::nex::PRUDPMessageInterface::SignatureMethod,const nn::nex::Key*,nn::nex::Stream::Type,nn::nex::TransportSignatureGenerator*,const nn::nex::SignatureBytes*,nn::nex::SignatureBytes&)	fefates:bytes	0x27CE10	
0x397554	nn::nex::PRUDPMessageSelector::CalcSignature(nn::nex::PacketOut*,nn::nex::PRUDPMessageInterface::SignatureMethod,const nn::nex::Key*,nn::nex::Stream::Type,nn::nex::TransportSignatureGenerator*,const nn::nex::SignatureBytes*,nn::nex::SignatureBytes&)	fefates:bytes	0x27CE44	
0x397588	nn::nex::PRUDPMessageSelector::CalcExpectedSignature(const nn::nex::Packet*,nn::nex::PRUDPMessageInterface::SignatureMethod,const nn::nex::Key*,nn::nex::TransportSignatureGenerator*,const nn::nex::SignatureBytes*,nn::nex::SignatureBytes&)	fefates:bytes	0x27CE78	
0x3975BC	nn::nex::PRUDPMessageSelector::DecideSignatureMethod(const nn::nex::Packet*,nn::nex::Stream::Type,bool)	fefates:bytes	0x27CEAC	
0x3975D4	nn::nex::PRUDPMessageSelector::Pack(nn::nex::PacketOut*,nn::nex::ByteStream*)	fefates:bytes	0x27CEC4	
0x39760C	nn::nex::PRUDPMessageSelector::Unpack(nn::nex::ByteStream*,nn::nex::PacketIn*,unsigned int*)	fefates:bytes	0x27CEFC	
0x3977F4	nn::nex::PRUDPMessageSelector::~PRUDPMessageSelector()	fefates:bytes	0x27D194	
0x397A04	nn::nex::PollForCompletionJob::CompleteJob(nn::nex::qResult)	fefates:bytes	0x27D444	
0x397C60	nn::nex::ProtectedPacketQueue::~ProtectedPacketQueue()	fefates:callseq	0x27D6A0	
0x397DD8	nn::nex::SystemComponentGroup::RegisterComponent(nn::nex::SystemComponent*)	fefates:bytes	0x13DD00	
0x397EF8	nn::nex::SystemComponentGroup::UnregisterComponent(nn::nex::SystemComponent*)	fefates:bytes	0x27D7E4	
0x397FA0	nn::nex::SystemComponentGroup::UnregisterAllComponents()	fefates:bytes	0x27D88C	
0x39805C	nn::nex::SystemComponentGroup::DoWork()	fefates:bytes	0x27D944	
0x39816C	nn::nex::SystemComponentGroup::TestState()	fefates:bytes	0x27DA54	
0x39818C	nn::nex::SystemComponentGroup::SystemComponentGroup(const nn::nex::String&)	fefates:bytes	0x13DDF0	
0x398290	nn::nex::SystemComponentGroup::~SystemComponentGroup()	fefates:bytes	0x27DAA4	
0x39842C	nn::nex::DataStoreReqGetInfoV1::DataStoreReqGetInfoV1()	fefates:callseq	0x27DBF4	
0x398430	nn::nex::DataStoreReqGetInfo::DataStoreReqGetInfo()	fefates:bytes	0x279B24	nn::nex::DataStoreReqGetInfoV1::DataStoreReqGetInfoV1()
0x3984E4	nn::nex::DataStoreSearchResult::DataStoreSearchResult()	fefates:bytes	0x27DC70	
0x398648	nn::nex::ErrorDescriptionTable::~ErrorDescriptionTable()	fefates:bytes	0x27DD48	
0x398C94	nn::nex::JobDataStoreGetRating::Initialize(unsigned int,nn::nex::DataStoreLogicServerClientInterface*,const unsigned long long&,nn::nex::qMap<signed char,nn::nex::DataStoreRatingInfo>*,unsigned long long)	fefates:callseq	0x27E2A4	
0x398DC8	nn::nex::JobDataStoreGetRating::CompleteJob(const nn::nex::qResult&)	fefates:bytes	0x27E3D0	
0x399194	nn::nex::JobDataStoreGetRating::StepConvertType()	fefates:bytes	0x27E79C	
0x399C0C	nn::nex::JobDataStoreGetRating::JobDataStoreGetRating()	fefates:bytes	0x27F214	
0x399C88	nn::nex::JobDataStoreGetRating::~JobDataStoreGetRating()	fefates:bytes	0x27F290	
0x399DA4	nn::nex::JobTicketManagerLogin::CompleteJob(nn::nex::CallContext::State,nn::nex::qResult)	fefates:callgraph	0x27F324	
0x399DF4	nn::nex::JobTicketManagerLogin::ValidateKey()	fefates:bytes	0x27F374	
0x399F6C	nn::nex::JobTicketManagerLogin::InitiateLogin()	fefates:bytes	0x27F4EC	
0x39A0F0	nn::nex::JobTicketManagerLogin::ProcessLoginResult()	fefates:bytes	0x27F670	
0x39A1D4	nn::nex::JobTicketManagerLogin::DeriveKey()	fefates:bytes	0x27F754	
0x39A320	nn::nex::JobTicketManagerLogin::JobTicketManagerLogin(unsigned int,nn::nex::TicketManager*,nn::nex::qResult*,const nn::nex::String&,const char*,unsigned int*,nn::nex::RVConnectionData*,nn::nex::String*,nn::nex::AnyObjectHolder<nn::nex::Data,nn::nex::String>*)	fefates:bytes-fuzzy	0x27F8A0	
0x39A448	nn::nex::JobTicketManagerLogin::~JobTicketManagerLogin()	fefates:bytes	0x27F9D0	
0x39A7E4	nn::nex::RandomNumberGenerator::GetRandomNumber(unsigned int)	fefates:bytes-fuzzy	0x27FC24	
0x39AC84	nn::nex::TransportBufferThread::~TransportBufferThread()	fefates:callseq	0x2802D0	
0x39B66C	nn::nex::_DDL_DynamicGathering::StreamOut(nn::nex::Message*)	fefates:bytes	0x2803C8	
0x39B6B8	nn::nex::_DDL_DynamicGathering::~_DDL_DynamicGathering()	fefates:bytes	0x280414	
0x39B72C	nn::nex::_DDL_MatchmakeSession::Add(nn::nex::Message*,const nn::nex::_DDL_MatchmakeSession&)	fefates:callseq	0x280458	
0x39B9C8	nn::nex::_DDL_MatchmakeSession::Extract(nn::nex::Message*,nn::nex::_DDL_MatchmakeSession*)	fefates:bytes	0x2806F4	
0x39BC30	nn::nex::_DDL_MatchmakeSession::~_DDL_MatchmakeSession()	fefates:bytes	0x28095C	
0x39BD24	nn::nex::_DDL_RVConnectionData::Extract(nn::nex::Message*,nn::nex::_DDL_RVConnectionData*)	fefates:bytes	0x2809A0	
0x39BFF4	nn::nex::_DDL_RVConnectionData::~_DDL_RVConnectionData()	fefates:bytes	0x280C60	
0x39C2F8	nn::nex::JobCallContextCallback::CompleteJob(const nn::nex::qResult&)	fefates:bytes	0x280EE4	
0x39C4D4	nn::nex::JobDataStoreFileServer::Initialize(unsigned int,const nn::nex::String&,nn::nex::HttpConnection::Method,nn::nex::HttpEventListener*,unsigned int)	fefates:callseq	0x2810C0	
0x39C638	nn::nex::JobDataStoreFileServer::CompleteJob(const nn::nex::qResult&)	fefates:bytes	0x28121C	
0x39C924	nn::nex::JobDataStoreFileServer::StepWaitingForHttp()	fefates:bytes	0x28129C	
0x39CCBC	nn::nex::JobDataStoreFileServer::StepHttp()	fefates:bytes	0x281578	
0x39CE40	nn::nex::JobDataStoreFileServer::~JobDataStoreFileServer()	fefates:bytes	0x2816FC	
0x39D5A0	nn::nex::KerberosAuthentication::ValidateConnectionRequest(nn::nex::BitStream*,nn::nex::BitStream*,nn::nex::AuthenticationClient*,unsigned int*,nn::nex::Ticket**)	fefates:bytes	0x28176C	
0x39DA74	nn::nex::KeyedChecksumAlgorithm::SetKey(const nn::nex::Key&)	fefates:bytes	0x281C40	
0x39DB10	nn::nex::SecureConnectionClient::ReplaceURL(nn::nex::ProtocolCallContext*,const nn::nex::StationURL&,const nn::nex::StationURL&)	fefates:bytes	0x281CC0	
0x39DB7C	nn::nex::SecureConnectionClient::SendReport(unsigned int,const void*,unsigned int)	fefates:bytes	0x281D2C	
0x39DC74	nn::nex::SecureConnectionClient::PrepareURLs(nn::nex::qList<nn::nex::StationURL>&)	fefates:callgraph	0x281E24	
0x39DDC4	nn::nex::SecureConnectionClient::~SecureConnectionClient()	fefates:bytes	0x281F54	
0x39DE20	nn::nex::SecurityContextManager::GetInstance()	fefates:bytes	0x281F84	
0x39DE34	nn::nex::SecurityContextManager::StaticGetCurrentCID()	fefates:bytes	0x281F98	
0x39DE7C	nn::nex::SecurityContextManager::StaticGetCurrentPID()	fefates:bytes	0x281FE0	
0x39DEC4	nn::nex::SecurityContextManager::Pop()	fefates:bytes	0x282028	
0x39DF20	nn::nex::SecurityContextManager::Push(unsigned int,unsigned int,unsigned int)	fefates:bytes	0x282084	
0x39E014	nn::nex::SecurityContextManager::SecurityContextManager()	fefates:callseq	0x13DEC0	
0x39E200	nn::nex::SingleThreadCallPolicy::EndCallImpl()	fefates:bytes	0x2821AC	
0x39E264	nn::nex::SingleThreadCallPolicy::SingleThreadCallPolicy()	fefates:bytes	0x282210	
0x39E654	nn::nex::TransportStreamManager::UnregisterStream(nn::nex::Stream::Type,unsigned char)	fefates:callgraph	0x282624	
0x39EAE0	nn::nex::TransportStreamManager::TransportStreamManager()	fefates:bytes	0x282B30	
0x39EC70	nn::nex::TransportStreamManager::~TransportStreamManager()	fefates:bytes	0x282C90	
0x39EDA4	nn::nex::_DDL_DataStoreMetaInfo::Extract(nn::nex::Message*,nn::nex::_DDL_DataStoreMetaInfo*)	fefates:bytes	0x282D48	
0x39F070	nn::nex::_DDL_DataStoreMetaInfo::_DDL_DataStoreMetaInfo()	fefates:bytes	0x283014	
0x39F164	nn::nex::_DDL_DataStoreMetaInfo::~_DDL_DataStoreMetaInfo()	fefates:bytes	0x2830F8	
0x39F1F0	nn::nex::_DDL_DataStoreMetaInfo::operator=(const nn::nex::_DDL_DataStoreMetaInfo&)	fefates:bytes	0x283184	
0x39F2EC	nn::nex::_DDL_NotificationEvent::Extract(nn::nex::Message*,nn::nex::_DDL_NotificationEvent*)	fefates:bytes	0x283280	
0x39FC54	nn::nex::DataStoreProtocolClient::CallRateObject(nn::nex::ProtocolCallContext*,const nn::nex::DataStoreRatingTarget&,const nn::nex::DataStoreRateObjectParam&,const bool&,nn::nex::DataStoreRatingInfo*)	fefates:callgraph	0x283640	
0x39FFDC	nn::nex::DataStoreProtocolClient::CallRateObjects(nn::nex::ProtocolCallContext*,const nn::nex::qVector<nn::nex::DataStoreRatingTarget>&,const nn::nex::qVector<nn::nex::DataStoreRateObjectParam>&,const bool&,const bool&,nn::nex::qVector<nn::nex::DataStoreRatingInfo>*,nn::nex::qVector<nn::nex::qResult>*)	fefates:callgraph	0x28377C	
0x3A3254	nn::nex::DataStoreProtocolClient::CallGetPersistenceInfo(nn::nex::ProtocolCallContext*,const unsigned int&,const unsigned short&,nn::nex::DataStorePersistenceInfo*)	fefates:callgraph	0x2841A0	
0x3A88D4	nn::nex::DataStoreProtocolClient::ProtoReturn_GetSpecificMeta(nn::nex::Message*,nn::nex::ProtocolCallContext*)	fefates:bytes	0x2862FC	
0x3A9F10	nn::nex::DataStoreProtocolClient::ProtoReturn_PrepareGetObject(nn::nex::Message*,nn::nex::ProtocolCallContext*)	fefates:bytes	0x286B18	
0x3A9F8C	nn::nex::DataStoreProtocolClient::ProtoReturn_GetSpecificMetaV1(nn::nex::Message*,nn::nex::ProtocolCallContext*)	fefates:bytes	0x286B94	
0x3AA830	nn::nex::DataStoreProtocolClient::ProtoReturn_PreparePostObject(nn::nex::Message*,nn::nex::ProtocolCallContext*)	fefates:bytes	0x287438	
0x3AAE98	nn::nex::DataStoreProtocolClient::ProtoReturn_GetNotificationUrl(nn::nex::Message*,nn::nex::ProtocolCallContext*)	fefates:bytes	0x2877D4	
0x3AB0D0	nn::nex::DataStoreProtocolClient::ProtoReturn_GetPersistenceInfo(nn::nex::Message*,nn::nex::ProtocolCallContext*)	fefates:bytes	0x287A0C	
0x3AB14C	nn::nex::DataStoreProtocolClient::ProtoReturn_PrepareGetObjectV1(nn::nex::Message*,nn::nex::ProtocolCallContext*)	fefates:bytes	0x287A88	
0x3ADF8C	nn::nex::DataStoreProtocolClient::ProtoReturn_GetNewArrivedNotifications(nn::nex::Message*,nn::nex::ProtocolCallContext*)	fefates:bytes	0x2883F8	
0x3AED98	nn::nex::DataStoreProtocolClient::ProtoReturn_GetNewArrivedNotificationsV1(nn::nex::Message*,nn::nex::ProtocolCallContext*)	fefates:bytes	0x288C30	
0x3AF5B8	nn::nex::DataStoreProtocolClient::ProtoReturn_PrepareGetObjectOrMetaBinary(nn::nex::Message*,nn::nex::ProtocolCallContext*)	fefates:bytes	0x289450	
0x3AF880	nn::nex::DataStoreProtocolClient::DataStoreProtocolClient(unsigned short)	fefates:callseq-callee	0x289718	
0x3AF97C	nn::nex::JobBackEndServicesLogin::CompleteJob(nn::nex::qResult)	fefates:bytes	0x2897F4	
0x3AFC10	nn::nex::JobBackEndServicesLogin::RegisterURLs()	fefates:bytes	0x289B50	
0x3AFFA0	nn::nex::JobBackEndServicesLogin::CompleteLogout()	fefates:bytes	0x289ED8	
0x3AFFC4	nn::nex::JobBackEndServicesLogin::ValidateArguments()	fefates:bytes	0x289EFC	
0x3B0050	nn::nex::JobBackEndServicesLogin::ProcessAuthConnectionResult()	fefates:bytes	0x289F88	
0x3B0150	nn::nex::JobBackEndServicesLogin::ProcessAuthenticationResult()	fefates:bytes	0x28A088	
0x3B0298	nn::nex::JobBackEndServicesLogin::ConnectToAuthenticationService()	fefates:bytes	0x28A1D0	
0x3B0530	nn::nex::JobBackEndServicesLogin::ProcessSecConnConnectionResult()	fefates:bytes	0x28A468	
0x3B0638	nn::nex::JobBackEndServicesLogin::ConnectToSecureConnectionService()	fefates:bytes	0x28A570	
0x3B083C	nn::nex::JobBackEndServicesLogin::DisconnectFromAuthenticationService()	fefates:bytes	0x28A774	
0x3B0940	nn::nex::JobBackEndServicesLogin::CancelJob()	fefates:bytes	0x28A878	
0x3B0A04	nn::nex::JobBackEndServicesLogin::JobBackEndServicesLogin(unsigned int,nn::nex::BackEndServices*,nn::nex::qResult*,const nn::nex::String&,const char*,const wchar_t*,unsigned short,nn::nex::Credentials**,nn::nex::String*,nn::nex::AnyObjectHolder<nn::nex::Data,nn::nex::String>*,int,nn::nex::StreamManager* (*)())	fefates:bytes-fuzzy	0x28A93C	
0x3B0BB8	nn::nex::JobBackEndServicesLogin::~JobBackEndServicesLogin()	fefates:bytes	0x28AAFC	
0x3B0D74	nn::nex::JobLoginOrCreateAccount::CreateAccount()	fefates:bytes	0x28ABE0	
0x3B0E28	nn::nex::JobLoginOrCreateAccount::ProcessRVLoginResult()	fefates:bytes	0x28AC94	
0x3B0F0C	nn::nex::JobLoginOrCreateAccount::ProcessCreateAccountResult()	fefates:bytes	0x28AD78	
0x3B1100	nn::nex::JobProcessProtocolEvent::~JobProcessProtocolEvent()	fefates:bytes	0x28AF70	
0x3B12F4	nn::nex::NATTraversalRelayClient::CallReportNATProperties(nn::nex::ProtocolCallContext*,const unsigned int&,const unsigned int&,const unsigned int&)	fefates:callgraph	0x28AFAC	
0x3B1310	nn::nex::NATTraversalRelayClient::ConnectionStateHasChanged()	fefates:bytes	0x28B0B4	
0x3B13A4	nn::nex::NATTraversalRelayClient::CallReportNATTraversalResult(nn::nex::ProtocolCallContext*,const unsigned int&,const bool&,const unsigned int&)	fefates:callgraph	0x28B148	
0x3B13C0	nn::nex::NATTraversalRelayClient::CreateNATTraversalRelayProtocol()	fefates:bytes	0x28B24C	
0x3B1430	nn::nex::NATTraversalRelayClient::UpdateProtocolsDefaultCredentials(nn::nex::Credentials*)	fefates:bytes	0x28B2BC	
0x3B14A8	nn::nex::NATTraversalRelayClient::Init()	fefates:bytes-fuzzy	0x28B334	
0x3B1580	nn::nex::NATTraversalRelayClient::NATTraversalRelayClient()	fefates:bytes	0x28B40C	
0x3B160C	nn::nex::NATTraversalRelayClient::~NATTraversalRelayClient()	fefates:bytes	0x28B434	
0x3B1674	nn::nex::_DDL_AuthenticationInfo::Extract(nn::nex::Message*,nn::nex::_DDL_AuthenticationInfo*)	fefates:bytes	0x28B49C	
0x3B1D7C	nn::nex::ConnectionOrientedStream::ConnectionOrientedStream(nn::nex::Stream::Type,nn::nex::RootTransport*)	fefates:bytes-fuzzy	0x28B76C	
0x3B1E1C	nn::nex::ConnectionOrientedStream::~ConnectionOrientedStream()	fefates:bytes	0x28B80C	
0x3B1E9C	nn::nex::ConnectionOrientedStream::~ConnectionOrientedStream()	fefates:bytes	0x28B88C	
0x3B2320	nn::nex::DataStorePersistenceInfo::DataStorePersistenceInfo()	fefates:bytes	0x28B910	
0x3B2348	nn::nex::DataStorePrepareGetParam::DataStorePrepareGetParam()	fefates:bytes	0x28B934	
0x3B24C0	nn::nex::JobBackEndServicesLogout::CompleteLogout()	fefates:bytes	0x28BA04	
0x3B2530	nn::nex::JobBackEndServicesLogout::CompleteLogoutFailure()	fefates:bytes	0x28BA74	
0x3B2720	nn::nex::JobBackEndServicesLogout::TerminateStreamManager()	fefates:bytes	0x28BC54	
0x3B2778	nn::nex::JobBackEndServicesLogout::ProcessAuthDisconnectionResult()	fefates:bytes	0x28BCAC	
0x3B282C	nn::nex::JobBackEndServicesLogout::WaitForStreamManagerTermination()	fefates:bytes	0x28BD60	
0x3B28B8	nn::nex::JobBackEndServicesLogout::ProcessSecConnDisconnectionResult()	fefates:bytes	0x28BDEC	
0x3B2954	nn::nex::JobBackEndServicesLogout::DisconnectFromSecureConnectionService()	fefates:bytes	0x28BE88	
0x3B2A8C	nn::nex::JobConnectSecureEndPoint::BuildListURLs(nn::nex::qList<nn::nex::StationURL>*)	fefates:bytes	0x28BFA0	
0x3B2BAC	nn::nex::JobConnectSecureEndPoint::PerformConnect()	fefates:bytes-fuzzy	0x28C0C0	
0x3B2D58	nn::nex::JobConnectSecureEndPoint::ProcessConnectResult()	fefates:bytes-fuzzy	0x28C26C	
0x3B2EAC	nn::nex::JobConnectSecureEndPoint::RequestConnectionData()	fefates:bytes-fuzzy	0x28C3C0	
0x3B3070	nn::nex::JobConnectSecureEndPoint::InitializeBufferRequest()	fefates:bytes	0x28C584	
0x3B32A8	nn::nex::JobConnectSecureEndPoint::Execute()	fefates:callseq	0x28C7B8	
0x3B33A0	nn::nex::JobConnectSecureEndPoint::ParseURL()	fefates:bytes-fuzzy	0x28C8B0	
0x3B35E0	nn::nex::JobConnectSecureEndPoint::CancelJob()	fefates:bytes	0x28CAF0	
0x3B35FC	nn::nex::JobConnectSecureEndPoint::JobConnectSecureEndPoint(nn::nex::SecureEndPoint*,const nn::nex::StationURL*,nn::nex::Buffer*,nn::nex::Buffer*,void (*)(nn::nex::EndPoint*,nn::nex::qResult,const nn::nex::UserContext*),const nn::nex::UserContext&,unsigned int)	fefates:bytes-fuzzy	0x28CB0C	
0x3B3B08	nn::nex::JobDataStoreUpdateObject::CompleteJob(const nn::nex::qResult&)	fefates:bytes	0x28D02C	
0x3B3B88	nn::nex::JobDataStoreUpdateObject::StepFileServerPostObject()	fefates:bytes	0x28D0AC	
0x3B3EA4	nn::nex::JobDataStoreUpdateObject::StepLogicServerPrepareUpdateObject()	fefates:bytes	0x28D3C8	
0x3B3FB8	nn::nex::JobDataStoreUpdateObject::StepLogicServerCompleteUpdateObject()	fefates:bytes	0x28D4DC	
0x3B4130	nn::nex::JobDataStoreUpdateObject::StepWaitingLogicServerCompleteUpdateObject()	fefates:bytes	0x28D654	
0x3B4204	nn::nex::JobDataStoreUpdateObject::JobDataStoreUpdateObject()	fefates:bytes	0x28D728	
0x3B4378	nn::nex::JobDataStoreUpdateObject::~JobDataStoreUpdateObject()	fefates:bytes	0x28D89C	
0x3B4458	nn::nex::JobRetrieveGameAuthToken::Initialize(unsigned int,unsigned int,const nn::nex::String&,nn::nex::String*,nn::nex::String*)	fefates:callgraph	0x28D97C	
0x3B45B8	nn::nex::JobRetrieveGameAuthToken::CompleteJob(const nn::nex::qResult&)	fefates:bytes	0x28DAD4	
0x3B465C	nn::nex::JobRetrieveGameAuthToken::StepDeriveKey()	fefates:bytes	0x28DB78	
0x3B473C	nn::nex::JobRetrieveGameAuthToken::StepDummyToComplete()	fefates:bytes	0x28DC58	
0x3B47B8	nn::nex::JobRetrieveGameAuthToken::~JobRetrieveGameAuthToken()	fefates:callseq	0x28DCD4	
0x3B4A88	nn::nex::MatchmakeExtensionClient::Bind(nn::nex::Credentials*)	fefates:bytes	0x28E5A4	
0x3B4B5C	nn::nex::MatchmakeExtensionClient::Unbind()	fefates:bytes	0x1175F8	
0x3B4B94	nn::nex::MatchmakeExtensionClient::MatchmakeExtensionClient()	fefates:bytes	0x28E678	
0x3B4C1C	nn::nex::MatchmakeExtensionClient::~MatchmakeExtensionClient()	fefates:bytes	0x117630	
0x3B4C5C	nn::nex::NotificationEventManager::IsEventValid(const nn::nex::NotificationEvent&)	fefates:bytes	0x28E6C4	
0x3B5244	nn::nex::NotificationEventManager::NotificationEventManager(nn::nex::NotificationEventManager*)	fefates:bytes	0x28EBAC	
0x3B5428	nn::nex::NotificationEventManager::~NotificationEventManager()	fefates:callseq	0x28ED90	
0x3B5438	nn::nex::NotificationEventManager::~NotificationEventManager()	fefates:bytes	0x28EDA0	
0x3B55C0	nn::nex::PseudoGlobalVariableList::AddVariable(nn::nex::PseudoGlobalVariableRoot*)	fefates:callgraph	0x28EF28	
0x3B572C	nn::nex::PseudoGlobalVariableRoot::PseudoGlobalVariableRoot()	fefates:callgraph	0x28F07C	
0x3B57CC	nn::nex::_DDL_DataStorePermission::operator=(const nn::nex::_DDL_DataStorePermission&)	fefates:bytes	0x28F0A4	
0x3B57F8	nn::nex::_DDL_DataStoreRatingInfo::Extract(nn::nex::Message*,nn::nex::_DDL_DataStoreRatingInfo*)	fefates:bytes	0x28F0D0	
0x3B5A44	nn::nex::_DDL_DataStoreReqGetInfo::Extract(nn::nex::Message*,nn::nex::_DDL_DataStoreReqGetInfo*)	fefates:bytes	0x28F314	
0x3B5DBC	nn::nex::_DDL_PersistentGathering::Extract(nn::nex::Message*,nn::nex::_DDL_PersistentGathering*)	fefates:bytes	0x28F620	
0x3B5F70	nn::nex::_DDL_PersistentGathering::~_DDL_PersistentGathering()	fefates:bytes	0x28F7D4	
0x3B5FA8	nn::nex::DataStoreFileServerClient::ApiImpl(nn::nex::CallContext*,const nn::nex::String&,nn::nex::HttpEventListener*,nn::nex::HttpConnection::Method,unsigned int)	fefates:bytes	0x28F80C	
0x3B618C	nn::nex::DataStorePreparePostParam::SetRatingSetting(const nn::nex::qMap<signed char,nn::nex::DataStoreRatingInitParam>&)	fefates:bytes	0x28F9EC	
0x3B6E50	nn::nex::DataStorePreparePostParam::DataStorePreparePostParam()	fefates:callgraph	0x28FFAC	
0x3B6F70	nn::nex::JobProcessProtocolMessage::Execute()	fefates:bytes	0x2902DC	
0x3B6FBC	nn::nex::JobProcessProtocolMessage::JobProcessProtocolMessage(nn::nex::ProtocolRequestBrokerInterface*,nn::nex::EndPoint*,nn::nex::Buffer*)	fefates:callgraph	0x290328	
0x3B708C	nn::nex::JobProcessProtocolMessage::~JobProcessProtocolMessage()	fefates:bytes	0x290404	
0x3B77B0	nn::nex::MatchMakingProtocolClient::CallUnregisterGathering(nn::nex::ProtocolCallContext*,bool*,const unsigned int&)	fefates:callgraph	0x2904A4	
0x3B790C	nn::nex::MatchMakingProtocolClient::ProtoReturn_FindByOwner(nn::nex::Message*,nn::nex::ProtocolCallContext*)	fefates:bytes	0x2905C0	
0x3B7C5C	nn::nex::DataStoreProtocolClient::ExtractCallSpecificResults(nn::nex::Message*,nn::nex::ProtocolCallContext*)	fefates:bytes	0x286278	nn::nex::MatchMakingProtocolClient::ExtractCallSpecificResults(nn::nex::Message*,nn::nex::ProtocolCallContext*) | nn::nex::MatchmakeExtensionProtocolClient::ExtractCallSpecificResults(nn::nex::Message*,nn::nex::ProtocolCallContext*)
0x3B7E18	nn::nex::MatchMakingProtocolClient::ProtoReturn_GetSessionURLs(nn::nex::Message*,nn::nex::ProtocolCallContext*)	fefates:bytes	0x290994	
0x3B8414	nn::nex::NATTraversalRelayProtocol::~NATTraversalRelayProtocol()	fefates:bytes	0x290DD0	
0x3B8554	nn::nex::PacketHistoryChainDequeue(nn::nex::qChain<nn::nex::Packet*,nn::nex::ChainPolicyHistoryPacket<nn::nex::Packet*>>*,nn::nex::qChain<nn::nex::Packet*,nn::nex::ChainPolicyHistoryPacket<nn::nex::Packet*>>::iterator)	fefates:bytes	0x290E54	
0x3B8D24	nn::nex::DataStoreLogicServerClient::RateObject(nn::nex::ProtocolCallContext*,const nn::nex::DataStoreRatingTarget&,const nn::nex::DataStoreRateObjectParam&,nn::nex::DataStoreRatingInfo*)	fefates:bytes	0x2911C0	
0x3B8DF0	nn::nex::DataStoreLogicServerClient::RateObject(nn::nex::ProtocolCallContext*,const nn::nex::qVector<nn::nex::DataStoreRatingTarget>&,const nn::nex::qVector<nn::nex::DataStoreRateObjectParam>&,bool,nn::nex::qVector<nn::nex::DataStoreRatingInfo>*,nn::nex::qVector<nn::nex::qResult>*)	fefates:bytes	0x2911F4	
0x3B9134	nn::nex::DataStoreLogicServerClient::GetPersistenceInfo(nn::nex::ProtocolCallContext*,unsigned int,unsigned short,nn::nex::DataStorePersistenceInfo*)	fefates:bytes	0x29123C	
0x3B963C	nn::nex::DataStoreLogicServerClient::Bind(nn::nex::Credentials*)	fefates:bytes	0x29126C	
0x3B9670	nn::nex::DataStoreLogicServerClient::Unbind()	fefates:bytes	0x117670	
0x3B9818	nn::nex::InsertToHistoryPacketQueue(nn::nex::qChain<nn::nex::Packet*,nn::nex::ChainPolicyHistoryPacket<nn::nex::Packet*>>*,nn::nex::PacketQueue*)	fefates:bytes-fuzzy	0x2912A0	
0x3B9A9C	nn::nex::InvokeCallbackOnCompletion(nn::nex::CallContext*,const nn::nex::UserContext*)	fefates:bytes	0x291524	
0x3BA4F0	nn::nex::NATTraversalRelayClient::CallRequestProbeInitiationExt(nn::nex::ProtocolCallContext*,const nn::nex::qList<nn::nex::StationURL>&,const nn::nex::StationURL&)	fefates:callgraph	0x2915E0	
0x3BA68C	nn::nex::NATTraversalProtocolClient::NATTraversalProtocolClient(unsigned short)	fefates:callgraph	0x29173C	
0x3BB148	nn::nex::TransportBufferMultiThread::Stop()	fefates:callseq	0x29241C	
0x3BB79C	nn::nex::TransportBufferMultiThread::~TransportBufferMultiThread()	fefates:callseq	0x292A18	
0x3BBCEC	nn::nex::_DDL_DataStoreRatingTarget::Add(nn::nex::Message*,const nn::nex::_DDL_DataStoreRatingTarget&)	fefates:bytes	0x292CAC	
0x3BBE30	nn::nex::_DDL_DataStoreSearchResult::Extract(nn::nex::Message*,nn::nex::_DDL_DataStoreSearchResult*)	fefates:bytes	0x292DA0	
0x3BC298	nn::nex::CallProtocolMethodOperation::InitializeForNewCallAttempt()	fefates:bytes	0x29316C	
0x3BC368	nn::nex::ClientProtocolRequestBroker::ProcessMessage(nn::nex::CallProtocolMethodOperation*,nn::nex::EndPoint*,nn::nex::Buffer*)	fefates:bytes	0x29320C	
0x3BC634	nn::nex::ClientProtocolRequestBroker::ProcessMessageCore(nn::nex::CallProtocolMethodOperation*,nn::nex::EndPoint*,nn::nex::Buffer*)	fefates:callgraph	0x29356C	
0x3BC9B4	nn::nex::ClientProtocolRequestBroker::ProcessCallResponse(unsigned short,nn::nex::Message*,nn::nex::EndPoint*)	fefates:bytes	0x2938A4	
0x3BCBAC	nn::nex::ClientProtocolRequestBroker::~ClientProtocolRequestBroker()	fefates:callseq	0x293A58	
0x3BCFEC	nn::nex::JobBackEndServicesTerminate::StepLogoutComplete()	fefates:bytes	0x293A90	
0x3BD060	nn::nex::JobBackEndServicesTerminate::StepWaitOnLoginCancel()	fefates:bytes	0x293B04	
0x3BD0CC	nn::nex::JobBackEndServicesTerminate::StepWaitOnPendingJobs()	fefates:bytes	0x293B70	
0x3BD190	nn::nex::JobBackEndServicesTerminate::StepInitLogoutIfRequired()	fefates:bytes	0x293C34	
0x3BD2EC	nn::nex::RetrieveGameAuthTokenClient::RetrieveGameAuthToken(nn::nex::CallContext*,unsigned int,const nn::nex::String&,nn::nex::String*,nn::nex::String*)	fefates:bytes	0x293D5C	
0x3BD454	nn::nex::TransportSignatureGenerator::TransportSignatureGenerator()	fefates:bytes	0x293EC4	
0x3BDAC8	nn::nex::MatchMakingProtocolExtClient::CallEndParticipation(nn::nex::ProtocolCallContext*,bool*,const unsigned int&,const nn::nex::String&)	fefates:callgraph	0x2940EC	
0x3BDC34	nn::nex::MatchMakingProtocolExtClient::ExtractCallSpecificResults(nn::nex::Message*,nn::nex::ProtocolCallContext*)	fefates:bytes	0x294218	
0x3BE3CC	nn::nex::TicketGrantingProtocolClient::CallLoginEx(nn::nex::ProtocolCallContext*,nn::nex::qResult*,const nn::nex::String&,unsigned int*,nn::nex::Buffer*,nn::nex::RVConnectionData*,nn::nex::String*,const nn::nex::AnyObjectHolder<nn::nex::Data,nn::nex::String>&)	fefates:callgraph	0x2949EC	
0x3BECD4	nn::nex::TicketGrantingProtocolClient::CallLoginWithContext(nn::nex::ProtocolCallContext*,nn::nex::qResult*,const nn::nex::AnyObjectHolder<nn::nex::Data,nn::nex::String>&,unsigned int*,nn::nex::Buffer*,nn::nex::RVConnectionData*)	fefates:callgraph	0x2952B8	
0x3BEE84	nn::nex::TicketGrantingProtocolClient::ProtoReturn_RequestTicket(nn::nex::Message*,nn::nex::ProtocolCallContext*)	fefates:bytes	0x29542C	
0x3BF08C	nn::nex::TicketGrantingProtocolClient::ExtractCallSpecificResults(nn::nex::Message*,nn::nex::ProtocolCallContext*)	fefates:bytes	0x295634	
0x3BF118	nn::nex::TicketGrantingProtocolClient::ProtoReturn_LoginWithContext(nn::nex::Message*,nn::nex::ProtocolCallContext*)	fefates:bytes	0x2956C0	
0x3BF438	nn::nex::TicketGrantingProtocolClient::RequestTicket_PrepareRequest(nn::nex::ProtocolCallContext*,nn::nex::Message*,nn::nex::qResult*,const unsigned int&,const unsigned int&,nn::nex::Buffer*)	fefates:callseq	0x2959E0	
0x3BF538	nn::nex::TicketGrantingProtocolClient::CallLogin(nn::nex::ProtocolCallContext*,nn::nex::qResult*,const nn::nex::String&,unsigned int*,nn::nex::Buffer*,nn::nex::RVConnectionData*,nn::nex::String*)	fefates:callgraph	0x295AE4	
0x3BF6DC	nn::nex::TicketGrantingProtocolClient::TicketGrantingProtocolClient(unsigned short)	fefates:callgraph	0x295C4C	
0x3BF7A8	nn::nex::DataStoreReqGetAdditionalMeta::DataStoreReqGetAdditionalMeta()	fefates:bytes	0x295CC8	
0x3BF818	nn::nex::JobDataStoreCheckNotification::Initialize(unsigned int,nn::nex::DataStoreLogicServerClientInterface*,unsigned int,int,const nn::nex::String&,nn::nex::String*,unsigned long long,unsigned long long*,unsigned int,unsigned int*,unsigned int,bool*,bool)	fefates:callseq	0x295D18	
0x3BF9D0	nn::nex::JobDataStoreCheckNotification::CompleteJob(const nn::nex::qResult&)	fefates:bytes	0x295ED0	
0x3BFD94	nn::nex::JobDataStoreCheckNotification::StepFileServerCheckNotificationFile()	fefates:bytes	0x296154	
0x3BFECC	nn::nex::JobDataStoreCheckNotification::StepWaitingLogicServerGetNotificationUrl()	fefates:bytes	0x29628C	
0x3C006C	nn::nex::JobDataStoreCheckNotification::StepWaitingFileServerCheckNotificationFile()	fefates:bytes	0x29642C	
0x3C028C	nn::nex::JobDataStoreCheckNotification::JobDataStoreCheckNotification()	fefates:bytes	0x29664C	
0x3C038C	nn::nex::JobDataStoreCheckNotification::~JobDataStoreCheckNotification()	fefates:bytes	0x296744	
0x3C06E0	nn::nex::JobTicketManagerAcquireTicket::ProcessResponse()	fefates:bytes	0x296A54	
0x3C0928	nn::nex::JobTicketManagerAcquireTicket::~JobTicketManagerAcquireTicket()	fefates:bytes	0x296C9C	
0x3C097C	nn::nex::JobTicketManagerLoginWithData::CompleteJob(nn::nex::CallContext::State,nn::nex::qResult)	fefates:callgraph	0x296CC8	
0x3C09CC	nn::nex::JobTicketManagerLoginWithData::ValidateKey()	fefates:bytes	0x296D18	
0x3C0B24	nn::nex::JobTicketManagerLoginWithData::InitiateLogin()	fefates:bytes	0x296E70	
0x3C0C54	nn::nex::JobTicketManagerLoginWithData::ProcessLoginResult()	fefates:bytes	0x296FA0	
0x3C0D14	nn::nex::JobTicketManagerLoginWithData::DeriveKey()	fefates:bytes	0x297060	
0x3C0E68	nn::nex::JobTicketManagerLoginWithData::~JobTicketManagerLoginWithData()	fefates:bytes	0x2971B4	
0x3C11E0	nn::nex::NATTraversalRelayProtocolImpl::InitiateProbe(const nn::nex::StationURL&)	fefates:bytes	0x297208	
0x3C1200	nn::nex::NATTraversalRelayProtocolImpl::~NATTraversalRelayProtocolImpl()	fefates:bytes	0x297228	
0x3C1530	nn::nex::_DDL_DataStoreChangeMetaParam::~_DDL_DataStoreChangeMetaParam()	fefates:bytes	0x29742C	
0x3C1720	nn::nex::_DDL_DataStorePersistenceInfo::Extract(nn::nex::Message*,nn::nex::_DDL_DataStorePersistenceInfo*)	fefates:bytes	0x2974B8	
0x3C180C	nn::nex::_DDL_DataStorePrepareGetParam::Add(nn::nex::Message*,const nn::nex::_DDL_DataStorePrepareGetParam&)	fefates:bytes	0x29759C	
0x3C1A48	nn::nex::_DDL_DataStorePrepareGetParam::~_DDL_DataStorePrepareGetParam()	fefates:callgraph	0x297788	
0x3C1A94	nn::nex::_DDL_DataStoreRateObjectParam::Add(nn::nex::Message*,const nn::nex::_DDL_DataStoreRateObjectParam&)	fefates:bytes	0x2977D4	
0x3C1B74	nn::nex::_DDL_DataStoreRatingInitParam::Add(nn::nex::Message*,const nn::nex::_DDL_DataStoreRatingInitParam&)	fefates:bytes	0x2978D0	
0x3C1CB4	nn::nex::_DDL_DataStoreRatingInitParam::operator=(const nn::nex::_DDL_DataStoreRatingInitParam&)	fefates:bytes	0x297A08	
0x3C1D00	nn::nex::DataStorePostHttpEventListener::PrepareRequest(nn::nex::HttpConnection*)	fefates:bytes-fuzzy	0x297A54	
0x3C20F8	nn::nex::DataStorePostHttpEventListener::PostChunkedBuffer(nn::nex::HttpConnection*,unsigned char*,unsigned int,bool*)	fefates:bytes	0x297E4C	
0x3C23CC	nn::nex::DataStorePostHttpEventListener::DataStorePostHttpEventListener(unsigned int,const nn::nex::qVector<nn::nex::DataStoreKeyValue>&,const nn::nex::qVector<nn::nex::DataStoreKeyValue>&,const nn::nex::qVector<unsigned char>&,unsigned int,unsigned int,const unsigned char*,unsigned int,nn::nex::DataStorePostObjectEventListener*)	fefates:bytes	0x298120	
0x3C2420	nn::nex::DataStorePostHttpEventListener::~DataStorePostHttpEventListener()	fefates:bytes	0x298174	
0x3C247C	nn::nex::GlobalNotificationEventManager::DispatchProtocolMessage(nn::nex::Message*,nn::nex::Message*,bool*,nn::nex::EndPoint*)	fefates:bytes	0x2981A4	
0x3C262C	nn::nex::GlobalNotificationEventManager::RegisterGlobalNotificationEventManager(nn::nex::NotificationEventManager*)	fefates:callgraph	0x298354	
0x3C2B90	nn::nex::MatchmakeSessionSearchCriteria::SetMaxParticipants(unsigned short)	fefates:bytes	0x2987B0	
0x3C2BB0	nn::nex::MatchmakeSessionSearchCriteria::SetMinParticipants(unsigned short)	fefates:bytes	0x2987C8	
0x3C2BCC	nn::nex::MatchmakeSessionSearchCriteria::Reset()	fefates:bytes	0x2987F4	
0x3C2F18	nn::nex::MatchmakeSessionSearchCriteria::MatchmakeSessionSearchCriteria()	fefates:bytes	0x298B40	
0x3C3034	nn::nex::MatchmakeSessionSearchCriteria::~MatchmakeSessionSearchCriteria()	fefates:callseq	0x298BE8	
0x3C30A4	nn::nex::ProtocolRequestBrokerInterface::ProtocolRequestBrokerInterface()	fefates:bytes	0x298C58	
0x3C313C	nn::nex::ProtocolRequestBrokerInterface::~ProtocolRequestBrokerInterface()	fefates:callseq	0x298CF0	
0x3C3164	nn::nex::ProtocolRequestBrokerInterface::~ProtocolRequestBrokerInterface()	fefates:callseq	0x298D18	
0x3C3188	nn::nex::SecureConnectionProtocolClient::CallRegister(nn::nex::ProtocolCallContext*,nn::nex::qResult*,const nn::nex::qList<nn::nex::StationURL>&,unsigned int*,nn::nex::StationURL*)	fefates:callgraph	0x298D3C	
0x3C3318	nn::nex::SecureConnectionProtocolClient::CallRegisterEx(nn::nex::ProtocolCallContext*,nn::nex::qResult*,const nn::nex::qList<nn::nex::StationURL>&,unsigned int*,nn::nex::StationURL*,const nn::nex::AnyObjectHolder<nn::nex::Data,nn::nex::String>&)	fefates:callgraph	0x298E90	
0x3C34CC	nn::nex::SecureConnectionProtocolClient::CallReplaceURL(nn::nex::ProtocolCallContext*,const nn::nex::StationURL&,const nn::nex::StationURL&)	fefates:callgraph	0x299008	
0x3C3638	nn::nex::SecureConnectionProtocolClient::CallSendReport(nn::nex::ProtocolCallContext*,const unsigned int&,const nn::nex::qBuffer&)	fefates:callgraph	0x299138	
0x3C3C20	nn::nex::SecureConnectionProtocolClient::ExtractCallSpecificResults(nn::nex::Message*,nn::nex::ProtocolCallContext*)	fefates:bytes	0x2997C0	
0x3C3CAC	nn::nex::SecureConnectionProtocolClient::ProtoReturn_RequestConnectionData(nn::nex::Message*,nn::nex::ProtocolCallContext*)	fefates:bytes	0x299850	
0x3C433C	nn::nex::_DDL_DataStorePreparePostParam::Add(nn::nex::Message*,const nn::nex::_DDL_DataStorePreparePostParam&)	fefates:bytes	0x299EDC	
0x3C46F0	nn::nex::_DDL_DataStorePreparePostParam::~_DDL_DataStorePreparePostParam()	fefates:bytes	0x29A280	
0x3C47E0	nn::nex::_DDL_DataStorePreparePostParam::operator=(const nn::nex::_DDL_DataStorePreparePostParam&)	fefates:bytes	0x29A370	
0x3C4A7C	nn::nex::_DDL_NintendoNotificationEvent::Extract(nn::nex::Message*,nn::nex::_DDL_NintendoNotificationEvent*)	fefates:bytes	0x29A440	
0x3C4C10	nn::nex::AccountManagementProtocolClient::CallCreateAccount(nn::nex::ProtocolCallContext*,nn::nex::qResult*,const nn::nex::String&,const nn::nex::String&,const unsigned int&,const nn::nex::String&)	fefates:callgraph	0x29A568	
0x3C4D9C	nn::nex::AccountManagementProtocolClient::CallUpdateAccount(nn::nex::ProtocolCallContext*,const nn::nex::String&,const nn::nex::String&,const nn::nex::AnyObjectHolder<nn::nex::Data,nn::nex::String>&,const nn::nex::AnyObjectHolder<nn::nex::Data,nn::nex::String>&)	fefates:callgraph	0x29A6B4	
0x3C5090	nn::nex::AccountManagementProtocolClient::CallCustomCreateAccount(nn::nex::ProtocolCallContext*,const nn::nex::String&,const nn::nex::String&,const unsigned int&,const nn::nex::String&,const nn::nex::AnyObjectHolder<nn::nex::Data,nn::nex::String>&,unsigned int*)	fefates:callgraph	0x29A80C	
0x3C53A4	nn::nex::AccountManagementProtocolClient::CallNintendoCreateAccount(nn::nex::ProtocolCallContext*,const nn::nex::String&,const nn::nex::String&,const unsigned int&,const nn::nex::String&,const nn::nex::AnyObjectHolder<nn::nex::Data,nn::nex::String>&,unsigned int*,nn::nex::String*)	fefates:callgraph	0x29A97C	
0x3C5560	nn::nex::AccountManagementProtocolClient::ProtoReturn_CreateAccount(nn::nex::Message*,nn::nex::ProtocolCallContext*)	fefates:bytes	0x29AAF8	
0x3C55F0	nn::nex::AccountManagementProtocolClient::CallCreateAccountWithCustomData(nn::nex::ProtocolCallContext*,const nn::nex::String&,const nn::nex::String&,const unsigned int&,const nn::nex::String&,const nn::nex::AnyObjectHolder<nn::nex::Data,nn::nex::String>&,const nn::nex::AnyObjectHolder<nn::nex::Data,nn::nex::String>&)	fefates:callgraph	0x29AB88	
0x3C57A0	nn::nex::AccountManagementProtocolClient::ProtoReturn_CustomCreateAccount(nn::nex::Message*,nn::nex::ProtocolCallContext*)	fefates:bytes	0x29ACFC	nn::nex::MatchmakeExtensionProtocolClient::ProtoReturn_CreateCommunity(nn::nex::Message*,nn::nex::ProtocolCallContext*)
0x3C5840	nn::nex::AccountManagementProtocolClient::ProtoReturn_NintendoCreateAccount(nn::nex::Message*,nn::nex::ProtocolCallContext*)	fefates:bytes	0x29AD9C	
0x3C5974	nn::nex::DataStoreChangeMetaCompareParam::DataStoreChangeMetaCompareParam()	fefates:bytes	0x29AED0	
0x3C5B44	nn::nex::DataStoreChangeMetaCompareParam::~DataStoreChangeMetaCompareParam()	fefates:callgraph	0x29B090	
0x3C5C18	nn::nex::JobBackEndServicesLoginWithData::CompleteJob(nn::nex::qResult)	fefates:bytes	0x29B118	
0x3C5D68	nn::nex::JobBackEndServicesLoginWithData::Authenticate()	fefates:bytes	0x29B268	
0x3C5EAC	nn::nex::JobBackEndServicesLoginWithData::RegisterURLs()	fefates:bytes	0x29B3AC	
0x3C6194	nn::nex::JobBackEndServicesLoginWithData::CompleteLogout()	fefates:bytes	0x29B698	
0x3C61B8	nn::nex::JobBackEndServicesLoginWithData::ValidateArguments()	fefates:bytes	0x29B6BC	
0x3C6248	nn::nex::JobBackEndServicesLoginWithData::ProcessAuthConnectionResult()	fefates:bytes	0x29B74C	
0x3C6348	nn::nex::JobBackEndServicesLoginWithData::ProcessAuthenticationResult()	fefates:bytes	0x29B84C	
0x3C6490	nn::nex::JobBackEndServicesLoginWithData::ConnectToAuthenticationService()	fefates:bytes	0x29B994	
0x3C66B4	nn::nex::JobBackEndServicesLoginWithData::ProcessSecConnConnectionResult()	fefates:bytes	0x29BBB8	
0x3C67BC	nn::nex::JobBackEndServicesLoginWithData::ConnectToSecureConnectionService()	fefates:bytes	0x29BCC0	
0x3C6A04	nn::nex::JobBackEndServicesLoginWithData::DisconnectFromAuthenticationService()	fefates:bytes	0x29BF08	
0x3C6DE8	nn::nex::_DDL_DataStorePersistenceTarget::operator=(const nn::nex::_DDL_DataStorePersistenceTarget&)	fefates:bytes	0x29C00C	
0x3C8E28	nn::nex::MatchmakeExtensionProtocolClient::ProtoReturn_AutoMatchmakeWithSearchCriteria_Postpone(nn::nex::Message*,nn::nex::ProtocolCallContext*)	fefates:bytes	0x29C96C	
0x3CA5F4	nn::nex::NintendoNotificationEventManager::ProcessNintendoNotificationEvent(const nn::nex::NintendoNotificationEvent&)	fefates:bytes	0x29CB30	
0x3CA6A0	nn::nex::NintendoNotificationEventManager::NintendoNotificationEventManager(nn::nex::NintendoNotificationEventManager*)	fefates:bytes	0x29CBDC	
0x3CA7D0	nn::nex::NintendoNotificationEventManager::~NintendoNotificationEventManager()	fefates:callseq	0x29CD0C	
0x3CA7E0	nn::nex::NintendoNotificationEventManager::~NintendoNotificationEventManager()	fefates:bytes	0x29CD1C	
0x3CA8DC	nn::nex::_DDL_DataStorePreparePostParamV1::Add(nn::nex::Message*,const nn::nex::_DDL_DataStorePreparePostParamV1&)	fefates:bytes	0x29CDDC	
0x3CAC3C	nn::nex::_DDL_DataStorePrepareUpdateParam::Add(nn::nex::Message*,const nn::nex::_DDL_DataStorePrepareUpdateParam&)	fefates:bytes	0x29D070	
0x3CB194	nn::nex::_Proto_NATTraversalProtocolServer::DispatchProtocolMessage(nn::nex::Message*,nn::nex::Message*,bool*,nn::nex::EndPoint*)	fefates:bytes-fuzzy	0x29D1FC	
0x3CB6F8	nn::nex::_Proto_NotificationProtocolServer::DispatchProtocolMessage(nn::nex::Message*,nn::nex::Message*,bool*,nn::nex::EndPoint*)	fefates:bytes	0x29D760	
0x3CB820	nn::nex::DataStoreReqGetNotificationUrlInfo::DataStoreReqGetNotificationUrlInfo()	fefates:bytes	0x29D888	
0x3CB8AC	nn::nex::DataStoreReqGetNotificationUrlInfo::~DataStoreReqGetNotificationUrlInfo()	fefates:bytes	0x29D8D4	
0x3CB92C	nn::nex::_DDL_DataStorePersistenceInitParam::operator=(const nn::nex::_DDL_DataStorePersistenceInitParam&)	fefates:bytes	0x29D910	
0x3CB984	nn::nex::_DDL_MatchmakeSessionSearchCriteria::Add(nn::nex::Message*,const nn::nex::_DDL_MatchmakeSessionSearchCriteria&)	fefates:bytes	0x29D92C	
0x3CBBCC	nn::nex::_DDL_MatchmakeSessionSearchCriteria::~_DDL_MatchmakeSessionSearchCriteria()	fefates:callseq	0x29DB00	
0x3CBEC4	nn::nex::_DDL_DataStoreChangeMetaCompareParam::Add(nn::nex::Message*,const nn::nex::_DDL_DataStoreChangeMetaCompareParam&)	fefates:bytes	0x29DB70	
0x3CC15C	nn::nex::_DDL_DataStoreChangeMetaCompareParam::operator=(const nn::nex::_DDL_DataStoreChangeMetaCompareParam&)	fefates:bytes	0x29DCF4	
0x3CC3F8	nn::nex::_DDL_DataStoreRatingInitParamWithSlot::operator=(const nn::nex::_DDL_DataStoreRatingInitParamWithSlot&)	fefates:bytes	0x29DDB4	
0x3CC594	nn::nex::Job::SetToWaiting(int)	fefates:bytes	0x29DE98	
0x3CC5B0	nn::nex::JobDataStoreHpp::CompleteJob(const nn::nex::qResult&)	fefates:bytes	0x29DEB4	
0x3CC630	nn::nex::Job::SetToComplete()	fefates:callgraph	0x29DF34	
0x3CC63C	nn::nex::Job::SetToSuspended()	fefates:callgraph	0x29DF3C	
0x3CC650	nn::nex::Job::WaitForCompletion(unsigned int)	fefates:callgraph	0x29DF50	
0x3CC720	nn::nex::PeriodicJob::SetDefaultPostExecutionState()	fefates:bytes	0x1407E8	
0x3CC750	nn::nex::Job::SetState(nn::nex::Job::State)	fefates:bytes	0x140818	
0x3CC778	nn::nex::Job::Job(nn::nex::Job::JobType,const nn::nex::DebugString&)	fefates:callgraph	0x13AB10	
0x3CC80C	nn::nex::Job::~Job()	fefates:callgraph	0x29E04C	
0x3CC824	nn::nex::Key::PrepareContentPtr(unsigned int)	fefates:bytes	0x29E064	
0x3CC840	nn::nex::Key::Key(const unsigned char*,unsigned int)	fefates:bytes	0x29E080	
0x3CC8A4	nn::nex::Key::Key(const nn::nex::String&)	fefates:bytes	0x29E0E4	
0x3CC95C	nn::nex::Key::Key(const nn::nex::Key&)	fefates:bytes	0x29E19C	
0x3CCA2C	nn::nex::Key::Key()	fefates:bytes	0x29E26C	
0x3CCA8C	nn::nex::Key::~Key()	fefates:bytes	0x29E2CC	
0x3CCAE4	nn::nex::KerberosEncryption::SetKey(const nn::nex::Key&)	fefates:bytes	0x29E324	
0x3CCB14	nn::nex::Key::operator=(const nn::nex::Key&)	fefates:bytes	0x29E354	
0x3CCE94	nn::nex::Log::Log()	fefates:bytes	0x14083C	
0x3CD070	nn::nex::NATTraversalReportInternalProtocolClient::ExtractCallSpecificResults(nn::nex::Message*,nn::nex::ProtocolCallContext*)	fefates:bytes	0x29E548	
0x3CD224	nn::nex::CreateBunldingStreamFromHistoryPacketQueue(nn::nex::qChain<nn::nex::Packet*,nn::nex::ChainPolicyHistoryPacket<nn::nex::Packet*>>*,nn::nex::PacketOut*,nn::nex::Time,unsigned int,nn::nex::ByteStream*)	fefates:bytes-fuzzy	0x29E6C8	
0x3CD708	nn::nex::_Proto_NintendoNotificationEventProtocolServer::DispatchProtocolMessage(nn::nex::Message*,nn::nex::Message*,bool*,nn::nex::EndPoint*)	fefates:bytes	0x29EB8C	
0x3CD83C	nn::nex::Core::GetInstance()	fefates:callgraph	0x1356A0	
0x3CD994	nn::nex::Core::AcquireInstance()	fefates:callseq	0x29ECC0	
0x3CDA04	nn::nex::Core::ReleaseInstance()	fefates:callgraph	0x29ED2C	
0x3CDBC8	nn::nex::Core::Core()	fefates:callseq	0x13AB80	
0x3CE054	nn::nex::Data::Data()	fefates:callgraph	0x29EFA8	
0x3CE074	nn::nex::Time::ConvertDeadlineToTimeout(nn::nex::Time)	fefates:callgraph	0x29EFC4	
0x3CE0B8	nn::nex::Time::ConvertTimeoutToDeadline(unsigned int)	fefates:bytes	0x29F008	
0x3CE128	nn::nex::Time::GetTime()	fefates:callgraph	0x29F078	
0x3CE134	nn::nex::qMap<nn::nex::String,nn::nex::String>::qMap()	fefates:bytes	0x29F084	
0x3CE1D0	nn::nex::qMap<nn::nex::String,unsigned int>::qMap()	fefates:bytes	0x29F120	
0x3CE26C	nn::nex::qMap<signed char,nn::nex::DataStoreRatingInfo>::qMap(const nn::nex::qMap<signed char,nn::nex::DataStoreRatingInfo>&)	fefates:bytes	0x29F1BC	
0x3CE37C	nn::nex::qMap<signed char,nn::nex::DataStoreRatingInitParam>::qMap()	fefates:bytes	0x29F2CC	
0x3CE418	nn::nex::qMap<unsigned int,unsigned int>::qMap()	fefates:callseq-callee	0x1408FC	
0x3CE550	nn::nex::qMap<unsigned short,nn::nex::ServerProtocol*>::~qMap()	fefates:callgraph	0x29F404	
0x3CE73C	nn::nex::qMap<unsigned short,nn::nex::Protocol*>::~qMap()	fefates:callgraph	0x29F5F0	
0x3CEDB4	nn::nex::Relay::ShouldRelay(const nn::nex::InetAddress*)	fefates:bytes	0x29F758	
0x3CEFC4	nn::nex::Relay::EnableRelay(bool)	fefates:callseq-callee	0x29F9F0	
0x3CF25C	nn::nex::qList<nn::nex::StationURL>::qList(const nn::nex::qList<nn::nex::StationURL>&)	fefates:bytes	0x29FB84	
0x3CF340	nn::nex::qList<nn::nex::StationURL>::qList()	fefates:bytes	0x29FC68	
0x3CF3A0	nn::nex::qList<nn::nex::ConnectionData>::qList()	fefates:bytes	0x29FCC8	
0x3CF4B8	nn::nex::qList<nn::nex::AnyObjectHolder<nn::nex::Gathering,nn::nex::String>>::qList()	fefates:bytes	0x29FD54	
0x3CF518	nn::nex::qList<nn::nex::SecurityContext>::qList(const nn::nex::qList<nn::nex::SecurityContext>&)	fefates:bytes	0x141B88	
0x3CF6A8	nn::nex::qList<nn::nex::SecurityContext>::~qList()	fefates:bytes	0x140998	
0x3CF8EC	nn::nex::ByteStream::AppendRaw(const unsigned char*,unsigned int)	fefates:callgraph	0x29FE08	
0x3CF8F8	nn::nex::Buffer::AppendData(const void*,unsigned int,unsigned int)	fefates:callgraph	0x29FE14	
0x3CF97C	nn::nex::Buffer::Initialize(unsigned int,unsigned char)	fefates:bytes	0x29FF40	
0x3CF9AC	nn::nex::Buffer::AttemptExpand(unsigned int)	fefates:callgraph	0x29FF70	
0x3CFA38	nn::nex::Buffer::ComputeCheckSum(unsigned int,unsigned char)	fefates:bytes	0x2A009C	
0x3CFC30	nn::nex::Buffer::ResizeByRealSize(unsigned int)	fefates:bytes	0x2A017C	
0x3CFCBC	nn::nex::Buffer::AllocateDataBuffer(unsigned int)	fefates:callgraph	0x2A0208	
0x3CFDA8	nn::nex::Buffer::GetDefaultBufferSize()	fefates:callgraph	0x2A0260	
0x3CFF38	nn::nex::Buffer::Buffer(const nn::nex::Buffer&)	fefates:bytes	0x2A0270	
0x3CFFBC	nn::nex::Buffer::Buffer(unsigned int)	fefates:bytes	0x2A02F4	
0x3D0010	nn::nex::Buffer::Buffer()	fefates:bytes	0x2A0348	
0x3D0078	nn::nex::Buffer::~Buffer()	fefates:bytes	0x2A03AC	
0x3D00D0	nn::nex::Buffer::operator=(const nn::nex::Buffer&)	fefates:bytes	0x2A0404	
0x3D016C	nn::nex::Buffer::operator[](unsigned int)	fefates:bytes	0x2A04A0	
0x3D03CC	nn::nex::Packet::Packet()	fefates:callgraph	0x2A0518	
0x3D05FC	nn::nex::Router::ShouldRoute(const nn::nex::InetAddress*)	fefates:bytes-fuzzy	0x2A06B4	
0x3D07C8	nn::nex::Router::Router()	fefates:bytes-fuzzy	0x2A0908	
0x3D0988	nn::nex::Router::~Router()	fefates:bytes-fuzzy	0x2A0A98	
0x3D0BE8	nn::friends::CTR::detail::GetFriendScreenName(wchar_t(*)[11],const nnfriendsFriendKey*,unsigned int,bool,unsigned char*)	fefates:bytes	0x30D43C	
0x3D0C08	nn::nex::Socket::Bind(nn::nex::InetAddress*,bool)	fefates:callseq-callee	0x2A0D38	
0x3D0C8C	nn::nex::Socket::Open(bool)	fefates:bytes	0x2A0DA8	
0x3D0E58	nn::nex::Socket::Close()	fefates:bytes	0x2A1028	
0x3D0E8C	nn::friends::CTR::detail::GetFriendScreenNameEx(wchar_t(*)[11],const nnfriendsFriendKey*,unsigned int,bool,unsigned char*,bool)	fefates:callgraph	0x30D45C	
0x3D1060	nn::nex::Stream::GetSettings(nn::nex::Stream::Type)	fefates:callseq-callee	0x2A105C	
0x3D10BC	nn::nex::Stream::GetThisSettings()	fefates:callseq-callee	0x2A10B4	
0x3D1140	nn::nex::String::ReleaseCopy(char*)	fefates:bytes	0x2A1118	
0x3D1168	nn::nex::String::Format(const wchar_t*,...)	fefates:bytes	0x140AA8	
0x3D11A4	nn::nex::String::IsEqual(const wchar_t*,const wchar_t*)	fefates:bytes	0x13E0F8	
0x3D11F4	nn::nex::String::Reserve(int)	fefates:bytes	0x2A1140	
0x3D1250	nn::nex::String::String(const char*)	fefates:bytes	0x2A119C	
0x3D12AC	nn::nex::String::String(const wchar_t*)	fefates:bytes	0x2A11F8	
0x3D12D8	nn::nex::String::String(const nn::nex::String&)	fefates:bytes	0x2A1224	
0x3D1300	nn::nex::String::String()	fefates:bytes	0x2A124C	nn::boss::TaskIdList::TaskIdList()
0x3D135C	nn::nex::String::~String()	fefates:bytes	0x13E148	
0x3D13A4	nn::nex::String::operator=(const char*)	fefates:bytes	0x2A1278	
0x3D1424	nn::nex::String::operator=(const wchar_t*)	fefates:bytes	0x140AE4	
0x3D1484	nn::nex::String::operator=(const nn::nex::String&)	fefates:bytes	0x2A1300	
0x3D14DC	nn::nex::String::operator+=(const nn::nex::String&)	fefates:bytes	0x2A1358	
0x3D1518	nn::nex::Ticket::Decrypt(nn::nex::KerberosEncryption*,const nn::nex::Key&)	fefates:bytes	0x2A1394	
0x3D1764	nn::nex::Ticket::Ticket(const nn::nex::Buffer&,unsigned int)	fefates:bytes	0x2A15E0	
0x3D17B0	nn::nex::Ticket::Ticket(const nn::nex::Buffer&,unsigned int,unsigned int,const nn::nex::Key&,nn::nex::DateTime)	fefates:bytes	0x2A162C	
0x3D180C	nn::nex::Ticket::~Ticket()	fefates:bytes	0x2A1688	
0x3D1860	nn::nex::JobHttp::Initialize(unsigned int,const nn::nex::String&,nn::nex::HttpConnection::Method,nn::nex::HttpEventListener*,unsigned int)	fefates:callseq	0x2A16B4	
0x3D1930	nn::nex::JobHttp::CompleteJob(const nn::nex::qResult&)	fefates:bytes-fuzzy	0x2A1784	
0x3D227C	nn::nex::JobHttp::~JobHttp()	fefates:bytes-fuzzy	0x2A20C4	
0x3D2324	nn::nex::Message::AddDataFromMessage(const nn::nex::Message&)	fefates:bytes	0x2A216C	
0x3D2348	nn::nex::Message::SetSize()	fefates:bytes	0x2A2190	
0x3D23B8	nn::nex::Message::GetBuffer()	fefates:bytes	0x2A2200	
0x3D23CC	nn::nex::Message::Message(nn::nex::Buffer*)	fefates:bytes-fuzzy	0x2A2214	
0x3D2490	nn::nex::Message::Message()	fefates:bytes-fuzzy	0x2A22D8	
0x3D25AC	nn::nex::Message::~Message()	fefates:bytes-fuzzy	0x2A23F4	
0x3D2600	nn::nex::Message::~Message()	fefates:bytes-fuzzy	0x2A2448	
0x3D2828	nn::nex::Network::GetInstance()	fefates:callgraph	0x2A26C8	
0x3D2980	nn::nex::Network::ReleaseInstance()	fefates:bytes	0x2A28CC	
0x3D2BB0	nn::nex::Network::ReplaceLocalURL(const nn::nex::StationURL&,const nn::nex::StationURL&)	fefates:callgraph	0x2A2C0C	
0x3D2D04	nn::nex::Network::InitP2PChecksumAlgorithmKey()	fefates:callseq	0x2A2DC4	
0x3D2E14	nn::nex::Network::Network()	fefates:callseq-callee	0x2A2ED4	
0x3D3794	nn::nex::Timeout::SetRelativeExpirationTime(int)	fefates:bytes	0x2A37E0	
0x3D3824	nn::nex::Variant::Variant(const nn::nex::String&)	fefates:bytes	0x2A3860	
0x3D3844	nn::nex::Variant::Variant(const nn::nex::DateTime&)	fefates:bytes	0x2A3880	
0x3D3860	nn::nex::Variant::Variant(const nn::nex::Variant&)	fefates:bytes	0x2A389C	
0x3D38B4	nn::nex::Variant::Variant()	fefates:callgraph	0x2A38DC	
0x3D38E0	nn::nex::Variant::~Variant()	fefates:bytes	0x2A3908	
0x3D3AE4	nn::nex::Variant::operator=(const nn::nex::Variant&)	fefates:bytes-fuzzy	0x2A394C	
0x3D3BD0	nn::nex::qBuffer::initialize(unsigned int)	fefates:bytes	0x2A3A38	
0x3D3C38	nn::nex::qBuffer::clear()	fefates:bytes	0x2A3AA0	
0x3D3C64	nn::nex::qBuffer::resize(unsigned int,const unsigned char*,unsigned int)	fefates:bytes	0x2A3ACC	
0x3D3D2C	nn::nex::qBuffer::push_back(const unsigned char*,unsigned int)	fefates:bytes	0x2A3B94	
0x3D3DAC	nn::nex::qBuffer::qBuffer(const nn::nex::qBuffer&)	fefates:bytes	0x2A3C14	
0x3D3E60	nn::nex::qBuffer::qBuffer(unsigned int,unsigned int)	fefates:bytes	0x2A3CC8	
0x3D3EAC	nn::nex::qBuffer::~qBuffer()	fefates:bytes	0x2A3D14	
0x3D3F20	nn::nex::qBuffer::~qBuffer()	fefates:bytes	0x2A3D88	
0x3D3F78	nn::nex::qBuffer::operator=(const nn::nex::qBuffer&)	fefates:bytes	0x2A3DE0	
0x3D3FDC	nn::nex::qResult::qResult(const bool&)	fefates:callgraph	0x2A3E44	
0x3D4010	nn::nex::qResult::qResult(const int&)	fefates:callgraph	0x1356E4	
0x3D4030	nn::nex::qResult::qResult()	fefates:callgraph	0x2A3E78	
0x3D4054	nn::nex::qResult::operator=(const nn::nex::qResult&)	fefates:callgraph	0x2A3E9C	
0x3D4070	nn::nex::qVector<nn::nex::DataStoreKeyValue>::~qVector()	fefates:callgraph	0x2A3EEC	
0x3D42B0	nn::nex::qVector<nn::nex::DataStoreRatingInfoWithSlot>::qVector(const nn::nex::qVector<nn::nex::DataStoreRatingInfoWithSlot>&)	fefates:bytes	0x2A402C	
0x3D4418	nn::nex::qVector<nn::nex::String>::qVector(const nn::nex::qVector<nn::nex::String>&)	fefates:bytes	0x2A4194	
0x3D44C8	nn::nex::qVector<nn::nex::qVector<nn::nex::DataStoreRatingInfoWithSlot>>::~qVector()	fefates:bytes	0x2A4244	
0x3D4708	nn::nex::qVector<unsigned char>::qVector(const nn::nex::qVector<unsigned char>&)	fefates:bytes	0x2A42A4	
0x3D4798	nn::nex::qVector<unsigned char>::~qVector()	fefates:bytes	0x2A4334	
0x3D47B0	nn::nex::qVector<unsigned int>::~qVector()	fefates:bytes	0x2A434C	
0x3D47E8	nn::nex::zerohex(nn::nex::StringStream&)	fefates:callgraph	0x2A4384	
0x3D494C	nn::nex::DateTime::GetSystemTime(nn::nex::DateTime&)	fefates:bytes	0x2A4394	
0x3D4B40	nn::nex::DateTime::DateTime(const nn::nex::DateTime&)	fefates:callgraph	0x2A44AC	
0x3D4B4C	nn::nex::DateTime::DateTime(unsigned short,unsigned char,unsigned char,unsigned char,unsigned char,unsigned char)	fefates:bytes-fuzzy	0x2A44B8	
0x3D4C3C	nn::nex::DateTime::DateTime()	fefates:callgraph	0x2A45A8	
0x3D4C4C	nn::nex::DateTime::operator=(const nn::nex::DateTime&)	fefates:callgraph	0x2A45B8	
0x3D4C70	nn::nex::EndPoint::SetPrincipalID(unsigned int)	fefates:bytes-fuzzy	0x2A45D4	
0x3D4CCC	nn::nex::EndPoint::SetConnectionID(unsigned int)	fefates:bytes-fuzzy	0x2A4630	
0x3D4D48	nn::nex::EndPoint::RegisterEventHandler(nn::nex::EndPointEventHandler*)	fefates:callgraph	0x2A46A0	
0x3D4D84	nn::nex::EndPoint::Open()	fefates:bytes	0x2A46DC	
0x3D4D98	nn::nex::EndPoint::Close()	fefates:callgraph	0x2A46F0	
0x3D4DAC	nn::nex::EndPoint::EndPoint(nn::nex::ConnectionOrientedStream*,const nn::nex::StationURL*)	fefates:bytes	0x2A4704	
0x3D4E24	nn::nex::EndPoint::~EndPoint()	fefates:bytes-fuzzy	0x2A474C	
0x3D5064	nn::nex::JobLogin::Complete(const nn::nex::qResult&)	fefates:bytes	0x2A47F8	
0x3D50F4	nn::nex::JobLogin::~JobLogin()	fefates:callseq	0x2A4888	
0x3D5104	nn::nex::JobLogin::~JobLogin()	fefates:bytes	0x2A4898	
0x3D5194	nn::nex::KeyCache::RetrieveKey(unsigned int,const char*,nn::nex::Key*)	fefates:bytes	0x2A4928	
0x3D51FC	nn::nex::KeyCache::RetrieveKey(unsigned int,const nn::nex::Buffer&,nn::nex::Key*)	fefates:callgraph	0x2A4990	
0x3D5338	nn::nex::KeyCache::AddKey(unsigned int,const char*,const nn::nex::Key&)	fefates:bytes	0x2A4AD0	
0x3D5398	nn::nex::KeyCache::AddKey(unsigned int,const nn::nex::Buffer&,const nn::nex::Key&)	fefates:callgraph	0x2A4B30	
0x3D56FC	nn::nex::PacketIn::~PacketIn()	fefates:bytes	0x2A4E4C	
0x3D5828	nn::nex::ClientProtocol::SetCallError(nn::nex::qResult)	fefates:callgraph	0x2A4EF0	
0x3D5830	nn::nex::Platform::GetRandomSeed()	fefates:callseq	0x2A4EF8	
0x3D59A8	nn::nex::Platform::GetRandomNumber(unsigned int)	fefates:callgraph	0x2A5070	
0x3D5A30	nn::nex::Protocol::AddMethodID(nn::nex::Message*,unsigned int)	fefates:bytes	0x2A50F0	
0x3D5A5C	nn::nex::Protocol::AddProtocolKey(nn::nex::Message*,nn::nex::Protocol::_Command,unsigned short)	fefates:bytes	0x2A5118	
0x3D5AE8	nn::nex::Protocol::AddCallResponse(nn::nex::Message*,nn::nex::CallProtocolMethodOperation*,unsigned int,const nn::nex::Message&)	fefates:bytes	0x2A51A4	
0x3D5BBC	nn::nex::Protocol::ExtractMethodID(nn::nex::Message*)	fefates:callgraph	0x2A5278	
0x3D5BD0	nn::nex::Protocol::BeginTermination()	fefates:bytes	0x2A528C	
0x3D5C00	nn::nex::Protocol::ExtractCallOutcome(nn::nex::Message*,nn::nex::qResult*)	fefates:bytes	0x2A52BC	
0x3D5D08	nn::nex::Protocol::ExtractProtocolKey(nn::nex::Message*,nn::nex::Protocol::_Command&,unsigned short&)	fefates:bytes	0x2A53C4	
0x3D5D8C	nn::nex::Protocol::BeginInitialization()	fefates:bytes	0x2A5448	
0x3D5DBC	nn::nex::Protocol::RegisterCallContext(nn::nex::Message*,nn::nex::ProtocolCallContext*)	fefates:bytes	0x2A5478	
0x3D5E20	nn::nex::SpinTest::SpinOnce(wchar_t*,unsigned int,wchar_t*)	fefates:bytes-fuzzy	0x12C680	
0x3D5EAC	nn::nex::SpinTest::SpinTest(unsigned int,unsigned int)	fefates:bytes	0x12C70C	
0x3D6110	nn::nex::URLProbe::URLProbe(const nn::nex::StationURL&,int,int,unsigned int)	fefates:bytes	0x2A54EC	
0x3D620C	nn::nex::BitStream::Extract(unsigned char*,unsigned int,unsigned int)	fefates:callgraph	0x2A55B4	
0x3D6218	nn::nex::BitStream::ExtractRaw(unsigned char*,unsigned int)	fefates:bytes-fuzzy	0x2A55C0	
0x3D63FC	nn::nex::BitStream::AdjustLength()	fefates:callgraph	0x2A57A4	
0x3D6410	nn::nex::BitStream::Append(const unsigned char*,unsigned int,unsigned int)	fefates:callgraph	0x2A57B8	
0x3D641C	nn::nex::BitStream::AppendRaw(const unsigned char*,unsigned int)	fefates:bytes	0x2A57C4	
0x3D6618	nn::nex::BitStream::BitStream(nn::nex::Buffer*)	fefates:bytes	0x2A59C0	
0x3D6670	nn::nex::BitStream::BitStream()	fefates:bytes	0x2A5A18	
0x3D66B4	nn::nex::BitStream::~BitStream()	fefates:bytes	0x2A5A5C	
0x3D6734	nn::nex::BitStream::~BitStream()	fefates:callgraph	0x2A5ADC	
0x3D679C	nn::nex::BitStream::operator<<(const nn::nex::Buffer&)	fefates:bytes	0x2A5B44	
0x3D67EC	nn::nex::BitStream::operator>>(nn::nex::Buffer&)	fefates:bytes	0x2A5B94	
0x3D687C	nn::nex::BitStream::operator>>(nn::nex::BitStream&)	fefates:bytes	0x2A5C24	
0x3D6950	nn::nex::Condition::~Condition()	fefates:callseq	0x2A5CC8	
0x3D6A1C	nn::nex::MatchmakeSession::SetMatchmakeSystemType(nn::nex::MatchmakeSystemType,unsigned int)	fefates:bytes	0x2A5D94	
0x3D6A50	nn::nex::Gathering::SetParticipationPolicy(unsigned int,unsigned int)	fefates:callgraph	0x2A5DC8	
0x3D6A5C	nn::nex::Gathering::Reset()	fefates:bytes	0x2A5DD4	
0x3D6A90	nn::nex::Gathering::Gathering()	fefates:bytes	0x2A5E08	
0x3D6B0C	nn::nex::Gathering::~Gathering()	fefates:callgraph	0x2A5E84	
0x3D6CC4	nn::nex::NgsFacade::LoginAndRequestAuthenticationTokenImpl(nn::nex::ProtocolCallContext*,unsigned int,const wchar_t*,const char*,char*,const void*,int,unsigned int)	fefates:bytes	0x2A6158	
0x3D7164	nn::nex::NgsFacade::Login(nn::nex::ProtocolCallContext*,unsigned int,const wchar_t*,int,unsigned int)	fefates:bytes	0x2A65F8	
0x3D719C	nn::nex::NgsFacade::Logout(nn::nex::ProtocolCallContext*)	fefates:bytes	0x117718	
0x3D725C	nn::nex::NgsFacade::NgsFacade()	fefates:bytes-fuzzy	0x2A6630	
0x3D73D0	nn::nex::NgsFacade::~NgsFacade()	fefates:bytes	0x2A67A4	
0x3D753C	nn::nex::Operation::Operation(unsigned int)	fefates:bytes	0x1357D4	
0x3D7580	nn::nex::PacketOut::Initialize(nn::nex::PRUDPEndPoint*,nn::nex::PacketType,unsigned short,nn::nex::Buffer*,unsigned int,nn::nex::Timeout*)	fefates:bytes	0x2A6910	
0x3D7780	nn::nex::PacketOut::PacketOut(nn::nex::PRUDPEndPoint*,nn::nex::PacketType,unsigned short,nn::nex::Buffer*,unsigned int)	fefates:bytes	0x2A6B04	
0x3D7884	nn::nex::PacketOut::~PacketOut()	fefates:bytes	0x2A6C04	
0x3D7A2C	nn::nex::Scheduler::GetInstance()	fefates:callseq	0x2A6CB8	
0x3D80B0	nn::nex::Scheduler::PreventBlockCall(bool,unsigned int,bool,bool (*)(nn::nex::RootObject*,unsigned int),nn::nex::RootObject*,bool*)	fefates:bytes-fuzzy	0x1212CC	
0x3D8280	nn::nex::Scheduler::QueueNewlyReadyJobs()	fefates:callseq	0x140B3C	
0x3D87C0	nn::nex::Scheduler::PreventRegularBlockCall(bool,unsigned int,bool (*)(nn::nex::RootObject*,unsigned int),nn::nex::RootObject*,nn::nex::qResult*)	fefates:bytes-fuzzy	0x2A6D78	
0x3D89FC	nn::nex::Scheduler::WaitForAllJobsToComplete(unsigned int,bool)	fefates:callseq	0x2A6FB4	
0x3D8CC4	nn::nex::Scheduler::GlobalSingleThreadDispatch(unsigned int)	fefates:callseq	0x12C784	
0x3D8F84	nn::nex::Scheduler::GlobalSingleThreadSpecialDispatch()	fefates:callseq	0x2A7248	
0x3D912C	nn::nex::ClientStreamManager::Receive(nn::nex::EndPoint*,nn::nex::Buffer*,unsigned char)	fefates:bytes	0x13EBBC	
0x3D91EC	nn::nex::Scheduler::Cancel(nn::nex::Job*)	fefates:callgraph	0x2A7400	
0x3D9408	nn::nex::Scheduler::QueueImpl(nn::nex::Job*,bool)	fefates:callseq	0x13B0F8	
0x3D95FC	nn::nex::Scheduler::Scheduler(unsigned int,nn::nex::Scheduler::SchedulerWorkerThread*)	fefates:callseq	0x13EC7C	
0x3D9B04	nn::nex::_DDL_Data::Add(nn::nex::Message*,const nn::nex::_DDL_Data&)	fefates:bytes	0x2A78E8	
0x3D9B78	nn::nex::_DDL_Data::Extract(nn::nex::Message*,nn::nex::_DDL_Data*)	fefates:bytes	0x2A795C	
0x3D9BC0	nn::nex::qMultiMap<unsigned int,nn::nex::EndPoint*>::qMultiMap()	fefates:bytes	0x2A79A4	
0x3D9C60	nn::nex::qMultiMap<unsigned int,nn::nex::EndPoint*>::~qMultiMap()	fefates:bytes	0x2A7A44	
0x3DA0A0	nn::nex::operator<<(nn::nex::StringStream&,const nn::nex::String&)	fefates:callgraph	0x2A7BD0	
0x3DA184	nn::nex::operator+(const wchar_t*,const nn::nex::String&)	fefates:bytes	0x2A7BD8	
0x3DA284	nn::nex::operator+(const nn::nex::String&,const wchar_t*)	fefates:bytes	0x2A7CD8	
0x3DA388	nn::nex::operator+(const nn::nex::String&,const nn::nex::String&)	fefates:bytes	0x2A7DDC	
0x3DA48C	nn::nfc::CTR::NfcIpcMaster::Disconnect()	fefates:bytes	0x2A7EE0	
0x3DA4B4	nn::nfc::CTR::NfcIpc::Initialize(nn::nfc::CTR::Mode)	fefates:bytes	0x2A7F58	
0x3DA4EC	nn::nfc::CTR::NfcIpc::GetNfpRomInfo(nn::nfp::RomInfo*)	fefates:bytes	0x2A7F90	
0x3DA528	nn::nfc::CTR::NfcIpc::StopDetection()	fefates:bytes	0x2A7FCC	
0x3DA550	nn::nfc::CTR::NfcIpc::StartDetection(unsigned short)	fefates:callgraph	0x2A7FF4	
0x3DA588	nn::nfc::CTR::NfcIpc::GetConnectResult(nn::Result*)	fefates:bytes	0x2A802C	
0x3DA5BC	nn::nfc::CTR::NfcIpc::GetTargetConnectionStatus(int*)	fefates:bytes	0x2A82EC	
0x3DA668	nn::nfc::CTR::NfcIpc::Finalize(nn::nfc::CTR::Mode)	fefates:bytes	0x12149C	
0x3DA6C8	nn::nfc::CTR::NfcIpc::GetStatus(nn::nfc::CTR::NfcState*)	fefates:bytes	0x2A841C	
0x3DA6FC	nn::nfp::CTR::Disconnect()	fefates:callseq	0x2A8450	
0x3DA730	nn::nfp::CTR::Initialize()	fefates:bytes	0x2A8550	
0x3DA758	nn::nfp::CTR::GetNfpState()	fefates:bytes	0x2A8578	
0x3DA788	nn::nfp::CTR::GetNfpRomInfo(nn::nfp::RomInfo*)	fefates:bytes	0x2A85A8	nn::nfp::CTR::GetNfpCommonInfo(nn::nfp::CommonInfo*) | nn::nfp::CTR::GetNfpRegisterInfo(nn::nfp::RegisterInfo*) | nn::nfp::CTR::InitializeCreateInfo(nn::nfp::ApplicationAreaCreateInfo*)
0x3DA7D0	nn::nfp::CTR::StopDetection()	fefates:callseq	0x2A85F0	
0x3DA804	nn::nfp::CTR::StartDetection()	fefates:bytes	0x2A8624	
0x3DA83C	nn::nfp::CTR::GetConnectResult(nn::Result*)	fefates:bytes	0x2A865C	
0x3DA944	nn::nfp::CTR::StartAmiiboSettings(nn::nfp::CTR::Parameter*)	fefates:bytes	0x2A88D0	
0x3DAA3C	nn::nfp::CTR::GetTargetConnectionStatus(nn::nfp::TargetConnectionStatus*)	fefates:bytes	0x2A8AC0	
0x3DAA9C	nn::nfp::CTR::IsAmiiboSettingsAvailable()	fefates:bytes	0x2A8B24	
0x3DAABC	nn::nfp::CTR::InitializeParameterForUpdate(nn::nfp::CTR::Parameter*)	fefates:bytes	0x2A8B44	
0x3DAB60	nn::nfp::CTR::anonymous_namespace::ConvertResult(nn::Result)	fefates:bytes	0x1214D4	
0x3DABB4	nn::nfp::CTR::anonymous_namespace::InitializeCommon(const char*)	fefates:bytes	0x2A8BE8	
0x3DACEC	nn::nfp::CTR::Finalize()	fefates:bytes	0x1177D8	
0x3DAD74	nn::ngc::RegexMatch::JumpAtomicZeroWidthAssersion(int)	fefates:bytes	0x2A8DBC	
0x3DB0DC	nn::ngc::RegexMatch::IsMatch(const nn::ngc::UnitList<nn::ngc::RegexDfaState>*,const wchar_t*)	fefates:bytes	0x2A8E10	
0x3DB27C	nn::ngc::RegexScanner::ScanRootDot(nn::ngc::UnitList<nn::ngc::RegexToken>::Iterator&)	fefates:bytes	0x2A8FB0	
0x3DB2BC	nn::ngc::RegexScanner::ScanRootPlus(nn::ngc::UnitList<nn::ngc::RegexToken>::Iterator&)	fefates:bytes	0x2A8FF0	
0x3DB2FC	nn::ngc::RegexScanner::ScanRootDollar(nn::ngc::UnitList<nn::ngc::RegexToken>::Iterator&)	fefates:bytes	0x2A9030	
0x3DB34C	nn::ngc::RegexScanner::ScanRootHyphen(nn::ngc::UnitList<nn::ngc::RegexToken>::Iterator&)	fefates:bytes	0x2A9080	
0x3DB3BC	nn::ngc::RegexScanner::LexicalAnalysis(nn::ngc::ProfanityFilterTemporaryPool*,const wchar_t*,unsigned int)	fefates:bytes	0x2A90C0	
0x3DB624	nn::ngc::RegexScanner::ScanBackslash_0(nn::ngc::UnitList<nn::ngc::RegexToken>::Iterator&)	fefates:bytes	0x2A9328	
0x3DB754	nn::ngc::RegexScanner::ScanBackslash_A(nn::ngc::UnitList<nn::ngc::RegexToken>::Iterator&)	fefates:bytes	0x2A9458	
0x3DB780	nn::ngc::RegexScanner::ScanBackslash_B(nn::ngc::UnitList<nn::ngc::RegexToken>::Iterator&)	fefates:bytes	0x2A9484	
0x3DB7AC	nn::ngc::RegexScanner::ScanBackslash_D(nn::ngc::UnitList<nn::ngc::RegexToken>::Iterator&)	fefates:bytes	0x2A94B0	
0x3DB7D8	nn::ngc::RegexScanner::ScanBackslash_P(nn::ngc::UnitList<nn::ngc::RegexToken>::Iterator&)	fefates:bytes	0x2A94DC	
0x3DB86C	nn::ngc::RegexScanner::ScanBackslash_S(nn::ngc::UnitList<nn::ngc::RegexToken>::Iterator&)	fefates:bytes	0x2A9570	
0x3DB898	nn::ngc::RegexScanner::ScanBackslash_W(nn::ngc::UnitList<nn::ngc::RegexToken>::Iterator&)	fefates:bytes	0x2A959C	
0x3DB8C4	nn::ngc::RegexScanner::ScanBackslash_Z(nn::ngc::UnitList<nn::ngc::RegexToken>::Iterator&)	fefates:bytes	0x2A95C8	
0x3DB8F0	nn::ngc::RegexScanner::ScanBackslash_a(nn::ngc::UnitList<nn::ngc::RegexToken>::Iterator&)	fefates:bytes	0x2A95F4	
0x3DB91C	nn::ngc::RegexScanner::ScanBackslash_b(nn::ngc::UnitList<nn::ngc::RegexToken>::Iterator&)	fefates:bytes	0x2A9620	
0x3DB948	nn::ngc::RegexScanner::ScanBackslash_c(nn::ngc::UnitList<nn::ngc::RegexToken>::Iterator&)	fefates:bytes	0x2A964C	
0x3DB9B4	nn::ngc::RegexScanner::ScanBackslash_d(nn::ngc::UnitList<nn::ngc::RegexToken>::Iterator&)	fefates:bytes	0x2A96B8	
0x3DB9E0	nn::ngc::RegexScanner::ScanBackslash_e(nn::ngc::UnitList<nn::ngc::RegexToken>::Iterator&)	fefates:bytes	0x2A96E4	
0x3DBA0C	nn::ngc::RegexScanner::ScanBackslash_f(nn::ngc::UnitList<nn::ngc::RegexToken>::Iterator&)	fefates:bytes	0x2A9710	
0x3DBA38	nn::ngc::RegexScanner::ScanBackslash_n(nn::ngc::UnitList<nn::ngc::RegexToken>::Iterator&)	fefates:bytes	0x2A973C	
0x3DBA64	nn::ngc::RegexScanner::ScanBackslash_p(nn::ngc::UnitList<nn::ngc::RegexToken>::Iterator&)	fefates:bytes	0x2A9768	
0x3DBAF8	nn::ngc::RegexScanner::ScanBackslash_r(nn::ngc::UnitList<nn::ngc::RegexToken>::Iterator&)	fefates:bytes	0x2A97FC	
0x3DBB24	nn::ngc::RegexScanner::ScanBackslash_s(nn::ngc::UnitList<nn::ngc::RegexToken>::Iterator&)	fefates:bytes	0x2A9828	
0x3DBB50	nn::ngc::RegexScanner::ScanBackslash_t(nn::ngc::UnitList<nn::ngc::RegexToken>::Iterator&)	fefates:bytes	0x2A9854	
0x3DBB7C	nn::ngc::RegexScanner::ScanBackslash_u(nn::ngc::UnitList<nn::ngc::RegexToken>::Iterator&)	fefates:bytes	0x2A9880	
0x3DBBA0	nn::ngc::RegexScanner::ScanBackslash_w(nn::ngc::UnitList<nn::ngc::RegexToken>::Iterator&)	fefates:bytes	0x2A98A4	
0x3DBBCC	nn::ngc::RegexScanner::ScanBackslash_x(nn::ngc::UnitList<nn::ngc::RegexToken>::Iterator&)	fefates:bytes	0x2A98D0	
0x3DBBF0	nn::ngc::RegexScanner::ScanBackslash_z(nn::ngc::UnitList<nn::ngc::RegexToken>::Iterator&)	fefates:bytes	0x2A98F4	
0x3DBC1C	nn::ngc::RegexScanner::ScanRootDefault(nn::ngc::UnitList<nn::ngc::RegexToken>::Iterator&)	fefates:callgraph	0x2A9920	
0x3DBC50	nn::ngc::RegexScanner::ScanRootAsterisk(nn::ngc::UnitList<nn::ngc::RegexToken>::Iterator&)	fefates:bytes	0x2A9954	
0x3DBC90	nn::ngc::RegexScanner::ScanRootQuestion(nn::ngc::UnitList<nn::ngc::RegexToken>::Iterator&)	fefates:bytes	0x2A9994	
0x3DBCD0	nn::ngc::RegexScanner::ScanRootAmpersand(nn::ngc::UnitList<nn::ngc::RegexToken>::Iterator&)	fefates:bytes	0x2A99D4	
0x3DBD50	nn::ngc::RegexScanner::ScanRootBackslash(nn::ngc::UnitList<nn::ngc::RegexToken>::Iterator&)	fefates:bytes	0x2A9A54	
0x3DBDBC	nn::ngc::RegexScanner::ScanRootOpenBrace(nn::ngc::UnitList<nn::ngc::RegexToken>::Iterator&)	fefates:bytes	0x2A9AC0	
0x3DBFE4	nn::ngc::RegexScanner::ScanRootCircumflex(nn::ngc::UnitList<nn::ngc::RegexToken>::Iterator&)	fefates:bytes	0x2A9CE8	
0x3DC024	nn::ngc::RegexScanner::ScanRootVerticalBar(nn::ngc::UnitList<nn::ngc::RegexToken>::Iterator&)	fefates:bytes	0x2A9D28	
0x3DC064	nn::ngc::RegexScanner::ScanBackslashDefault(nn::ngc::UnitList<nn::ngc::RegexToken>::Iterator&)	fefates:callgraph	0x2A9D68	
0x3DC0A0	nn::ngc::RegexScanner::ScanUnicodeHexadecimal(nn::ngc::UnitList<nn::ngc::RegexToken>::Iterator&,int)	fefates:bytes	0x2A9DA4	
0x3DC180	nn::ngc::RegexScanner::ScanRootOpenParenthesis(nn::ngc::UnitList<nn::ngc::RegexToken>::Iterator&)	fefates:bytes	0x2A9E84	
0x3DC1C0	nn::ngc::RegexScanner::ScanRootCloseParenthesis(nn::ngc::UnitList<nn::ngc::RegexToken>::Iterator&)	fefates:bytes	0x2A9EC4	
0x3DC200	nn::ngc::RegexScanner::ScanRootOpenSqureBracket(nn::ngc::UnitList<nn::ngc::RegexToken>::Iterator&)	fefates:bytes	0x2A9F04	
0x3DC268	nn::ngc::RegexScanner::ScanRootCloseSqureBracket(nn::ngc::UnitList<nn::ngc::RegexToken>::Iterator&)	fefates:bytes	0x2A9F6C	
0x3DC294	nn::ngc::RegexScanner::RegexScanner()	fefates:bytes	0x2A9F98	
0x3DC2B8	nn::ngc::RegexDfaState::Initialize(nn::ngc::ProfanityFilterTemporaryPool*,unsigned int,bool)	fefates:bytes	0x2A9FBC	
0x3DC350	nn::ngc::RegexDfaState::RegexDfaState()	fefates:bytes	0x2AA054	
0x3DC384	nn::ngc::RegexFastMatch::IsMatchString(nn::ngc::UnitList<nn::ngc::RegexToken>::ConstIterator,unsigned int,unsigned int)	fefates:bytes	0x2AA088	
0x3DC43C	nn::ngc::RegexFastMatch::MatchFast(const nn::ngc::UnitList<nn::ngc::RegexToken>*,const wchar_t*)	fefates:bytes	0x2AA140	
0x3DC75C	nn::ngc::RegexFastMatch::RegexFastMatch()	fefates:callgraph	0x2AA460	
0x3DC76C	nn::ngc::RegexNfaParser::ParseBranch(nn::ngc::UnitList<nn::ngc::RegexNfaState>::Iterator*,nn::ngc::UnitList<nn::ngc::RegexNfaState>::Iterator)	fefates:bytes	0x2AA470	
0x3DC864	nn::ngc::RegexNfaParser::PushBackNewState()	fefates:bytes	0x2AA568	
0x3DC8CC	nn::ngc::RegexNfaParser::ParseCharClassInner(nn::ngc::CharacterRangeList*)	fefates:bytes	0x2AA5D0	
0x3DCF20	nn::ngc::RegexNfaParser::ParseRegularExpression(nn::ngc::UnitList<nn::ngc::RegexNfaState>::Iterator*,nn::ngc::UnitList<nn::ngc::RegexNfaState>::Iterator)	fefates:bytes	0x2AAC24	
0x3DD188	nn::ngc::RegexNfaParser::ParseRepeat_TokenRange(nn::ngc::UnitList<nn::ngc::RegexNfaState>::Iterator*,nn::ngc::UnitList<nn::ngc::RegexNfaState>::Iterator,nn::ngc::UnitList<nn::ngc::RegexNfaState>::Iterator)	fefates:bytes	0x2AAE8C	
0x3DD4D0	nn::ngc::RegexNfaParser::ParseClass_RegisterChar(nn::ngc::CharacterRangeList*,wchar_t)	fefates:bytes	0x2AB1D4	
0x3DD558	nn::ngc::RegexNfaParser::ParseRepeat_TokenMoreThan(nn::ngc::UnitList<nn::ngc::RegexNfaState>::Iterator*,nn::ngc::UnitList<nn::ngc::RegexNfaState>::Iterator,nn::ngc::UnitList<nn::ngc::RegexNfaState>::Iterator)	fefates:bytes	0x2AB25C	
0x3DD7D4	nn::ngc::RegexNfaParser::ParseStatement_TokenAnyOf(nn::ngc::UnitList<nn::ngc::RegexNfaState>::Iterator*,nn::ngc::UnitList<nn::ngc::RegexNfaState>::Iterator)	fefates:bytes	0x2AB4D8	
0x3DD884	nn::ngc::RegexNfaParser::ParseRepeat_TokenOneOrZero(nn::ngc::UnitList<nn::ngc::RegexNfaState>::Iterator*,nn::ngc::UnitList<nn::ngc::RegexNfaState>::Iterator,nn::ngc::UnitList<nn::ngc::RegexNfaState>::Iterator)	fefates:bytes	0x2AB588	
0x3DD8EC	nn::ngc::RegexNfaParser::ParseStatement_TokenAnyBut(nn::ngc::UnitList<nn::ngc::RegexNfaState>::Iterator*,nn::ngc::UnitList<nn::ngc::RegexNfaState>::Iterator)	fefates:bytes	0x2AB5F0	
0x3DD9C8	nn::ngc::RegexNfaParser::ParseRepeat_TokenMoreThanOne(nn::ngc::UnitList<nn::ngc::RegexNfaState>::Iterator*,nn::ngc::UnitList<nn::ngc::RegexNfaState>::Iterator,nn::ngc::UnitList<nn::ngc::RegexNfaState>::Iterator)	fefates:bytes	0x2AB6CC	
0x3DDA3C	nn::ngc::RegexNfaParser::ParseStatement_TokenEndGroup(nn::ngc::UnitList<nn::ngc::RegexNfaState>::Iterator*,nn::ngc::UnitList<nn::ngc::RegexNfaState>::Iterator)	fefates:bytes	0x2AB740	
0x3DDA50	nn::ngc::RegexNfaParser::ParseRepeat_TokenMoreThanZero(nn::ngc::UnitList<nn::ngc::RegexNfaState>::Iterator*,nn::ngc::UnitList<nn::ngc::RegexNfaState>::Iterator,nn::ngc::UnitList<nn::ngc::RegexNfaState>::Iterator)	fefates:bytes	0x2AB754	
0x3DDAB8	nn::ngc::RegexNfaParser::ParseRepeat_TokenRepeatEquals(nn::ngc::UnitList<nn::ngc::RegexNfaState>::Iterator*,nn::ngc::UnitList<nn::ngc::RegexNfaState>::Iterator,nn::ngc::UnitList<nn::ngc::RegexNfaState>::Iterator)	fefates:bytes	0x2AB7BC	
0x3DDD4C	nn::ngc::RegexNfaParser::ParseStatement_TokenCharacter(nn::ngc::UnitList<nn::ngc::RegexNfaState>::Iterator*,nn::ngc::UnitList<nn::ngc::RegexNfaState>::Iterator)	fefates:bytes	0x2ABA50	
0x3DDE78	nn::ngc::RegexNfaParser::ParseStatement_TokenBeginGroup(nn::ngc::UnitList<nn::ngc::RegexNfaState>::Iterator*,nn::ngc::UnitList<nn::ngc::RegexNfaState>::Iterator)	fefates:bytes	0x2ABB7C	
0x3DDEEC	nn::ngc::RegexNfaParser::ParseStatement_TokenAtomicZeroWidth(nn::ngc::UnitList<nn::ngc::RegexNfaState>::Iterator*,nn::ngc::UnitList<nn::ngc::RegexNfaState>::Iterator)	fefates:bytes	0x2ABBF0	
0x3DDF7C	nn::ngc::RegexNfaParser::ParseStatement_TokenDenialCharClass(nn::ngc::UnitList<nn::ngc::RegexNfaState>::Iterator*,nn::ngc::UnitList<nn::ngc::RegexNfaState>::Iterator)	fefates:bytes	0x2ABC80	
0x3DE038	nn::ngc::RegexNfaParser::ParseStatement_TokenBuiltInCharClass(nn::ngc::UnitList<nn::ngc::RegexNfaState>::Iterator*,nn::ngc::UnitList<nn::ngc::RegexNfaState>::Iterator)	fefates:bytes	0x2ABD3C	
0x3DE0E0	nn::ngc::RegexNfaParser::Parse(nn::ngc::ProfanityFilterTemporaryPool*,const nn::ngc::UnitList<nn::ngc::RegexToken>*)	fefates:bytes	0x2ABDE4	
0x3DE19C	nn::ngc::RegexNfaParser::RegexNfaParser()	fefates:bytes	0x2ABEA0	
0x3DE1C4	nn::ngc::RegexDfaConverter::RegisterDfaState(const bool*)	fefates:bytes	0x2ABEC8	
0x3DE2B8	nn::ngc::RegexDfaConverter::GatherEpsilonLinks(bool*)	fefates:bytes	0x2ABFBC	
0x3DE33C	nn::ngc::RegexDfaConverter::CreateCharClassLink(nn::ngc::UnitList<nn::ngc::RegexDfaState>::Iterator)	fefates:bytes	0x2AC040	
0x3DE870	nn::ngc::RegexDfaConverter::CreateCharacterLink(nn::ngc::UnitList<nn::ngc::RegexDfaState>::Iterator)	fefates:bytes	0x2AC574	
0x3DEB20	nn::ngc::RegexDfaConverter::CopyLinksFromNfaStates(nn::ngc::UnitList<nn::ngc::RegexDfaState>::Iterator)	fefates:bytes	0x2AC824	
0x3DEBF8	nn::ngc::RegexDfaConverter::CreateAtomicZeroWidthAssersionLink(nn::ngc::UnitList<nn::ngc::RegexDfaState>::Iterator)	fefates:bytes	0x2AC8FC	
0x3DEDDC	nn::ngc::RegexDfaConverter::Convert(nn::ngc::ProfanityFilterTemporaryPool*,const nn::ngc::UnitList<nn::ngc::RegexNfaState>*,nn::ngc::UnitList<nn::ngc::RegexNfaState>::ConstIterator)	fefates:bytes	0x2ACAE0	
0x3DF038	nn::ngc::RegexDfaConverter::RegexDfaConverter()	fefates:bytes	0x2ACD3C	
0x3DF05C	nn::ngc::CharacterRangeList::RemoveFromClass(const nn::ngc::CharacterRangeList*)	fefates:bytes	0x2ACD60	
0x3DF174	nn::ngc::CharacterRangeList::RemoveFromClass(wchar_t)	fefates:bytes	0x2ACE78	
0x3DF260	nn::ngc::CharacterRangeList::AddCharacterRange(wchar_t,wchar_t)	fefates:bytes	0x2ACF64	
0x3DF404	nn::ngc::CharacterRangeList::MergeCharacterRanges(const nn::ngc::CharacterRangeList*)	fefates:bytes	0x2AD108	
0x3DF44C	nn::ngc::CharacterRangeList::Inverse()	fefates:bytes	0x2AD150	
0x3DF7B8	nn::ngc::CharacterRangeList::Intersect(const nn::ngc::CharacterRangeList*)	fefates:bytes	0x2AD4BC	
0x3DF98C	nn::ngc::GetCaseFoldingPair(wchar_t)	fefates:bytes	0x2AD690	
0x3DF9E8	nn::ngc::RegexNfaStateCopier::CopyStates(nn::ngc::UnitList<nn::ngc::RegexNfaState>::Iterator*,nn::ngc::UnitList<nn::ngc::RegexNfaState>::Iterator,nn::ngc::UnitList<nn::ngc::RegexNfaState>::Iterator)	fefates:bytes	0x2AD6EC	
0x3DFC10	nn::ngc::RegexNfaStateCopier::GetStatePair(nn::ngc::UnitList<nn::ngc::RegexNfaState>::Iterator)	fefates:bytes	0x2AD914	
0x3DFC58	nn::ngc::RegexNfaStateCopier::RegexNfaStateCopier(nn::ngc::UnitList<nn::ngc::RegexNfaState>*,nn::ngc::ProfanityFilterTemporaryPool*)	fefates:bytes	0x2AD95C	
0x3DFC78	nn::ngc::CombineBuiltInCharClass(nn::ngc::CharacterRangeList*,nn::ngc::BuiltInCharClassType)	fefates:bytes	0x2AD97C	
0x3DFCE0	nn::ngc::GetCharClassTypeFromName(const wchar_t*,unsigned int,unsigned int*)	fefates:bytes	0x2AD9E4	
0x3DFD50	nn::ngc::ProfanityFilterTemporaryPool::Initialize(unsigned int)	fefates:bytes	0x2ADA54	
0x3DFD70	nn::ngc::ProfanityFilterTemporaryPool::Free(void*,unsigned int)	fefates:bytes	0x2ADA74	
0x3DFDA4	nn::ngc::ProfanityFilterTemporaryPool::Allocate(unsigned int)	fefates:bytes	0x2ADAA8	
0x3DFEE4	nn::ngc::ProfanityFilterTemporaryPool::ProfanityFilterTemporaryPool()	fefates:callgraph	0x2ADBE8	
0x3DFEF8	nn::ngc::CTR::CountNumbers(const wchar_t*)	fefates:bytes	0x2ADBFC	
0x3DFFFC	nn::ngc::CTR::ProfanityFilter::CheckWords(unsigned int*,const wchar_t*,unsigned int,const wchar_t**,unsigned int)	fefates:bytes	0x2ADD00	
0x3E01E4	nn::ngc::CTR::ProfanityFilter::Initialize(unsigned int)	fefates:bytes	0x10D400	
0x3E0640	nn::ngc::CTR::ProfanityFilter::CheckProfanityWords(unsigned int*,bool,const wchar_t**,unsigned int)	fefates:bytes	0x2ADEE8	
0x3E0834	nn::ngc::CTR::ProfanityFilter::MountSharedContents()	fefates:bytes	0x11782C	
0x3E08D0	nn::ngc::CTR::ProfanityFilter::CheckProfanityWords_Impl(unsigned int*,nn::fs::FileInputStream*,const wchar_t**,unsigned int)	fefates:bytes	0x2AE0DC	
0x3E1504	nn::ngc::CTR::ProfanityFilter::ProfanityFilter()	fefates:bytes	0x10D45C	
0x3E1554	nn::ngc::CTR::ProfanityFilter::~ProfanityFilter()	fefates:bytes	0x2AE2D4	
0x3E1640	nn::ngc::CTR::ProfanityFilterBase::IsIncludesAtSign(const wchar_t*,int)	fefates:bytes	0x2AE34C	
0x3E192C	nn::ngc::CTR::ProfanityFilterBase::ConvertUserInputForWord(wchar_t*,int,const wchar_t*)	fefates:bytes	0x2AE398	
0x3E1BA8	nn::ngc::CTR::ProfanityFilterBase::GetPatternListsFromRegion(nn::ngc::CTR::ProfanityFilterPatternList*,int*,bool)	fefates:bytes-fuzzy	0x2AE614	
0x3E227C	nn::nwm::ScanResultReaderBase::ProcessBssPointer()	fefates:bytes	0x2AECA8	
0x3E22C0	nn::nwm::ScanResultReaderBase::ScanResultReaderBase(const void*,unsigned char*)	fefates:bytes	0x2AECEC	
0x3E22F4	nn::nwm::BeaconDescriptionReader::BeaconDescriptionReader(const nn::nwm::BssDescription*)	fefates:bytes	0x2AED18	
0x3E238C	nn::nwm::BeaconDescriptionReader::~BeaconDescriptionReader()	fefates:bytes	0x2AED7C	
0x3E23D4	nn::nwm::CTR::GetMacAddress(nn::nwm::Mac&)	fefates:bytes	0x2AEDA8	
0x3E2598	nn::pia::inet::BeginSetup()	fefates:bytes	0x2AEE00	
0x3E25E4	nn::pia::inet::Initialize(const nn::pia::inet::Setting&)	fefates:bytes	0x2AEE4C	
0x3E2F30	nn::pia::inet::NatDetecter::OpenSocket()	fefates:callgraph	0x2AEFF4	
0x3E3078	nn::pia::inet::NatDetecter::CloseSocket()	fefates:bytes	0x2AF144	
0x3E3148	nn::pia::inet::NatDetecter::AddSendMessage(const nn::pia::inet::NatDetecter::SendNatCheckMessage&,unsigned short)	fefates:bytes	0x2AF264	
0x3E32F4	nn::pia::inet::NatDetecter::GetPerceivedPort()	fefates:callgraph	0x2AF570	
0x3E3300	nn::pia::inet::NatDetecter::sendDummyMessage()	fefates:bytes	0x2AF57C	
0x3E3458	nn::pia::inet::NatDetecter::GetReceiveMessage(unsigned int)	fefates:callgraph	0x2AF6D4	
0x3E3468	nn::pia::inet::NatDetecter::SendAllQueuedMessage()	fefates:bytes	0x2AF6E4	
0x3E3568	nn::pia::inet::NatDetecter::GetDifferentPortNumber(unsigned short)	fefates:bytes	0x2AF7E4	
0x3E35E4	nn::pia::inet::NatDetecter::InitializeReceiveMessage()	fefates:bytes	0x2AF858	
0x3E3618	nn::pia::inet::NatDetecter::TraceReceivedMessageArray(unsigned long long)	fefates:bytes	0x2AF88C	
0x3E362C	nn::pia::inet::NatDetecter::GetPrimaryServerPrimaryPortAddress()	fefates:bytes	0x2AF8A0	
0x3E365C	nn::pia::inet::NatDetecter::GetPrimaryServerSecondaryPortAddress()	fefates:bytes	0x2AF8D0	
0x3E3698	nn::pia::inet::NatDetecter::Cleanup()	fefates:bytes	0x2AF90C	
0x3E3730	nn::pia::inet::NatPortDetecter::Startup(nn::pia::common::CallContext*,const nn::pia::common::InetAddress&)	fefates:bytes	0x2AF9A4	
0x3E375C	nn::pia::inet::NatDetecter::Startup(nn::pia::common::CallContext*,const nn::pia::common::InetAddress&)	fefates:callseq	0x2AF9D0	
0x3E37F0	nn::pia::inet::NatDetecter::RetryBind()	fefates:callgraph	0x2AFAE0	
0x3E38D0	nn::pia::inet::NatDetecter::NatDetecter()	fefates:bytes	0x2AFB44	
0x3E3A08	nn::pia::inet::NatDetecter::~NatDetecter()	fefates:bytes	0x2AFC34	
0x3E3A4C	nn::pia::inet::NatProperty::SetNexNatProperties(const nn::nex::NATProperties&)	fefates:bytes	0x2AFC78	
0x3E3B08	nn::pia::inet::NatProperty::NatProperty()	fefates:bytes	0x2AFD30	
0x3E3E48	nn::pia::inet::NexNatRelay::ReportNatProperties(const unsigned int&,const unsigned int&,const unsigned int&)	fefates:bytes	0x2B00B0	
0x3E3EC4	nn::pia::inet::NexNatRelay::ReportNatTraversalResult(const unsigned int&,const bool&,const unsigned int&)	fefates:bytes	0x2B012C	
0x3E3F28	nn::pia::inet::NexNatRelay::NexNatRelay()	fefates:bytes	0x2B0190	
0x3E4154	nn::pia::inet::NexNatRelay::~NexNatRelay()	fefates:bytes	0x2B03BC	
0x3E44B8	nn::pia::inet::NatProbeData::Deserialize(const unsigned char*,unsigned int)	fefates:bytes	0x2B05B4	
0x3E4528	nn::pia::inet::NatProbeData::NatProbeData()	fefates:bytes	0x2B0624	
0x3E4554	nn::pia::inet::NatProbeList::ProcessProbe(const nn::pia::transport::StationLocation&,unsigned char)	fefates:bytes	0x2B0648	
0x3E4698	nn::pia::inet::NatProbeList::ProcessProbeReply(const nn::pia::transport::StationLocation&,nn::pia::common::Time,unsigned char)	fefates:bytes	0x2B078C	
0x3E4794	nn::pia::inet::NatProbeList::FindByConnectionId(unsigned int)	fefates:bytes	0x2B0888	
0x3E47C4	nn::pia::inet::NatProbeList::removeNotReceivedProbes(unsigned int)	fefates:bytes	0x2B08B8	
0x3E4868	nn::pia::inet::NatProbeList::RemoveProbesByConnectionId(unsigned int)	fefates:bytes	0x2B095C	
0x3E4900	nn::pia::inet::NatProbeList::FindByAddressAndConnectionId(const nn::pia::transport::StationLocation&)	fefates:bytes	0x2B09F4	
0x3E4958	nn::pia::inet::NatProbeList::FindByAddressPortAndConnectionId(const nn::pia::transport::StationLocation&)	fefates:bytes	0x2B0A4C	
0x3E49CC	nn::pia::inet::NatProbeList::RemoveSameAddressPortAndConnectionIdProbes(const nn::pia::transport::StationLocation&)	fefates:bytes	0x2B0AC0	
0x3E4AA0	nn::pia::inet::NatProbeList::removeDifferentConnectionIdAndSameAddressPortProbes(const nn::pia::transport::StationLocation&)	fefates:bytes	0x2B0B94	
0x3E4B68	nn::pia::inet::NatProbeList::removeDifferentPortAndSameAddressAndConnectionIdProbes(const nn::pia::transport::StationLocation&)	fefates:bytes	0x2B0C5C	
0x3E4C14	nn::pia::inet::NatProbeList::AddProbe(const nn::pia::inet::NatProbe&)	fefates:bytes	0x2B0D08	
0x3E4E80	nn::pia::inet::NatProbeList::NatProbeList()	fefates:bytes	0x2B0F74	
0x3E5070	nn::pia::inet::NatProbeList::~NatProbeList()	fefates:callgraph	0x2B10AC	
0x3E5124	nn::pia::inet::NatTraverser::stopNatSession()	fefates:callgraph	0x2B1160	
0x3E526C	nn::pia::inet::NatTraverser::CreateProtocols()	fefates:bytes	0x2B1400	
0x3E53C0	nn::pia::inet::NatTraverser::ClearNatTraversal(const nn::pia::transport::StationLocation&,bool)	fefates:callgraph	0x2B1704	
0x3E53F8	nn::pia::inet::NatTraverser::StartNatTraversal()	fefates:bytes	0x2B175C	
0x3E5438	nn::pia::inet::NatTraverser::IsStartupCancelled()	fefates:bytes	0x2B179C	
0x3E544C	nn::pia::inet::NatTraverser::startNatPortDetection()	fefates:callseq	0x2B180C	
0x3E56D4	nn::pia::inet::NatTraverser::UpdateNatServerAddress()	fefates:bytes	0x2B1974	
0x3E5F98	nn::pia::inet::NatTraverser::ReportNatTraversalResult(const nn::pia::transport::StationLocation&,nn::Result,bool)	fefates:callgraph	0x2B24A8	
0x3E651C	nn::pia::inet::NatTraverser::CheckLatestStationLocation(nn::pia::transport::StationLocation&)	fefates:bytes	0x2B2A80	
0x3E6694	nn::pia::inet::NatTraverser::Cleanup()	fefates:bytes	0x2B3144	
0x3E67D8	nn::pia::inet::NatTraverser::NatTraverser()	fefates:bytes	0x2B344C	
0x3E68B4	nn::pia::inet::NatTraverser::~NatTraverser()	fefates:bytes	0x2B3528	
0x3E6A9C	nn::pia::inet::CreateMeshJob::StartupImpl()	fefates:bytes	0x2B3620	
0x3E6B84	nn::pia::inet::IsInSetupMode()	fefates:callgraph	0x2B36D8	
0x3E6B94	nn::pia::inet::IsInitialized()	fefates:callgraph	0x2B36E8	
0x3E6BA4	nn::pia::inet::SocketAddress::GetSockAddrIn()	fefates:callgraph	0x2B36F8	
0x3E6BB4	nn::pia::inet::SocketAddress::SetSockAddrIn(const nn::pia::inet::SockAddrIn&)	fefates:callgraph	0x2B3708	
0x3E6BC4	nn::pia::inet::SocketAddress::GetAddressInfo(const char*,const char*,const nn::pia::inet::AddrInfo*)	fefates:bytes	0x2B3718	
0x3E6C10	nn::pia::inet::SocketAddress::GetInetAddress(nn::pia::common::InetAddress*)	fefates:bytes	0x2B3764	
0x3E6C50	nn::pia::inet::SocketAddress::SetInetAddress(const nn::pia::common::InetAddress&)	fefates:bytes	0x2B37A4	
0x3E6C7C	nn::pia::inet::SocketAddress::Init()	fefates:bytes	0x2B37D0	
0x3E70C8	nn::pia::inet::NatDetectionJob::StepPreTest()	fefates:bytes	0x2B3800	
0x3E71BC	nn::pia::inet::NatDetectionJob::StepComplete()	fefates:bytes	0x2B38F4	
0x3E72B0	nn::pia::inet::NatDetectionJob::CancelCleanup()	fefates:bytes	0x2B39E8	
0x3E72EC	nn::pia::inet::NatDetectionJob::stopReceivingMessage()	fefates:bytes	0x2B3A24	
0x3E73F0	nn::pia::inet::NatDetectionJob::StepEnd()	fefates:bytes	0x2B3BA4	
0x3E7464	nn::pia::inet::NatDetectionJob::StepSend()	fefates:bytes	0x2B3C18	
0x3E7754	nn::pia::inet::NatDetectionJob::StepWait()	fefates:bytes	0x2B3F08	
0x3E785C	nn::pia::inet::NatDetectionJob::StepStart()	fefates:bytes	0x2B4010	
0x3E7990	nn::pia::inet::NatDetectionJob::NatDetectionJob()	fefates:bytes	0x2B4144	
0x3E79E8	nn::pia::inet::NatPortDetecter::CheckRetry()	fefates:bytes	0x2B418C	
0x3E7C60	nn::pia::inet::NatPortDetecter::StartSendingMessage()	fefates:bytes	0x2B452C	
0x3E7D68	nn::pia::inet::NatPortDetecter::Startup(nn::pia::common::CallContext*,const nn::pia::common::InetAddress&,const nn::pia::transport::StationLocation&,const nn::pia::transport::StationLocation&,nn::pia::inet::NexNatTraversalProtocol*,bool)	fefates:callseq	0x2B4634	
0x3E7E10	nn::pia::inet::NatPortDetecter::NatPortDetecter()	fefates:bytes	0x2B4758	
0x3E7E74	nn::pia::inet::NatPortDetecter::~NatPortDetecter()	fefates:bytes	0x2B4790	
0x3E7E9C	nn::pia::inet::NatProbeRequest::NatProbeRequest(const nn::pia::transport::StationLocation&)	fefates:bytes	0x2B47B8	
0x3E7EDC	nn::pia::inet::NatProbeRequest::NatProbeRequest(const nn::pia::transport::StationLocation&,const nn::pia::transport::StationConnectionInfo&,bool,nn::pia::common::CallContext*)	fefates:bytes	0x2B47F8	
0x3E7F84	nn::pia::inet::SocketStreamBase::ImportSocket(nn::pia::inet::Socket*)	fefates:callgraph	0x2B4878	
0x3E7F9C	nn::pia::inet::SocketStreamBase::Startup()	fefates:callgraph	0x2B4890	
0x3E7FAC	nn::pia::inet::SocketStreamBase::SocketStreamBase()	fefates:bytes	0x2B48A0	
0x3E8000	nn::pia::inet::SocketStreamBase::~SocketStreamBase()	fefates:bytes	0x2B48D8	
0x3E8018	nn::pia::inet::NexNetworkFactory::CreateProtocols()	fefates:bytes	0x2B48F0	
0x3E803C	nn::pia::inet::NexNetworkFactory::CreateInputStream()	fefates:callseq	0x2B4914	
0x3E80D8	nn::pia::inet::NexNetworkFactory::CreateOutputStream()	fefates:callseq	0x2B49B0	
0x3E8108	nn::pia::inet::NexNetworkFactory::CreateCreateMeshJob()	fefates:bytes	0x2B49E0	
0x3E828C	nn::pia::inet::NexNetworkFactory::CreateConnectStationJob()	fefates:bytes	0x2B4A4C	
0x3E836C	nn::pia::inet::NexNetworkFactory::CreateMissingStationHandler()	fefates:bytes	0x2B4AAC	
0x3E8898	nn::pia::inet::SocketInputStream::AddIgnoreAddress(const nn::pia::common::InetAddress&)	fefates:callgraph	0x2B4D30	
0x3E88E0	nn::pia::inet::SocketInputStream::SocketInputStream()	fefates:bytes	0x2B4D40	
0x3F8578	nn::pia::inet::SocketOutputStream::SendToMulti(const void*,unsigned int,const nn::pia::inet::SockAddrIn*,int)	fefates:bytes	0x2B4D60	
0x3F85F4	nn::pia::inet::SocketOutputStream::OnStationConnectionEvent()	fefates:bytes	0x2B4DDC	
0x3F86BC	nn::pia::inet::SocketOutputStream::Write(const nn::pia::common::Packet&)	fefates:callseq	0x2B4F94	
0x3F894C	nn::pia::inet::SocketOutputStream::SendTo(const void*,unsigned int,const nn::pia::common::InetAddress&,unsigned char)	fefates:bytes	0x2B510C	
0x3F8A3C	nn::pia::inet::SocketOutputStream::SocketOutputStream()	fefates:bytes	0x2B51FC	
0x3F8A70	nn::pia::inet::NatProbeRequestList::NatProbeRequestList()	fefates:bytes	0x2B521C	
0x3F8C5C	nn::pia::inet::NatProbeRequestList::~NatProbeRequestList()	fefates:callgraph	0x2B5350	
0x3F8D10	nn::pia::inet::NatPropertyDetecter::CheckRetry()	fefates:bytes	0x2B5404	
0x3F8F40	nn::pia::inet::NatPropertyDetecter::CheckAllMessage()	fefates:bytes	0x2B5810	
0x3F8F84	nn::pia::inet::NatPropertyDetecter::sendNatPropertyDetectionMessage()	fefates:bytes	0x2B5854	
0x3F9100	nn::pia::inet::NatPropertyDetecter::Cleanup()	fefates:bytes	0x2B59D0	
0x3F9164	nn::pia::inet::NatPropertyDetecter::Startup(nn::pia::common::CallContext*,const nn::pia::common::InetAddress&)	fefates:callseq	0x2B5A34	
0x3F91FC	nn::pia::inet::NatPropertyDetecter::NatPropertyDetecter()	fefates:bytes	0x2B5B54	
0x3F929C	nn::pia::inet::NatPropertyDetecter::~NatPropertyDetecter()	fefates:bytes	0x2B5BA0	
0x3FFE2C	nn::pia::inet::NatTraversalTimeList::Add(const nn::pia::inet::NatTraversalTime&)	fefates:bytes-fuzzy	0x2B5BEC	
0x3FFF40	nn::pia::inet::NatTraversalTimeList::Find(const nn::pia::transport::StationLocation&)	fefates:bytes	0x2B5CF8	
0x3FFFB0	nn::pia::inet::NatTraversalTimeList::Remove(const nn::pia::transport::StationLocation&)	fefates:bytes	0x2B5D68	
0x400140	nn::pia::inet::NexConnectStationJob::CleanupImpl()	fefates:callseq	0x2B5E1C	
0x4004FC	nn::pia::inet::NexConnectStationJob::tryCurrentAddress()	fefates:bytes	0x2B6208	
0x4005CC	nn::pia::inet::NexConnectStationJob::testCurrentAddress()	fefates:bytes	0x2B62D8	
0x400A24	nn::pia::inet::NexConnectStationJob::resolveCurrentAddress()	fefates:bytes	0x2B6664	
0x4012E4	nn::pia::inet::NexConnectStationJob::NexConnectStationJob()	fefates:bytes	0x2B6D78	
0x401338	nn::pia::inet::NexConnectStationJob::~NexConnectStationJob()	fefates:bytes	0x2B6DCC	
0x4013C8	nn::pia::inet::NexNatRelayInterface::RequestProbe(const nn::nex::StationURL&)	fefates:bytes	0x2B6E14	
0x40143C	nn::pia::inet::NexNatRelayInterface::RelayProbeRequest(const nn::nex::qList<nn::nex::StationURL>&,const nn::nex::StationURL&)	fefates:bytes	0x2B6E78	
0x4014EC	nn::pia::inet::NexNatRelayInterface::UpdateConnectionState(unsigned int,const nn::nex::StationURL&)	fefates:bytes	0x2B6ED4	
0x401570	nn::pia::inet::MissingStationHandler::Execute(nn::pia::transport::StationConnectionInfo*)	fefates:bytes	0x2B6EF8	
0x405044	nn::pia::inet::NexNatTraversalProtocol::sendProbes()	fefates:callseq	0x2B74BC	
0x4054A4	nn::pia::inet::NexNatTraversalProtocol::IsTraversed(const nn::pia::transport::StationLocation&)	fefates:bytes	0x2B7910	
0x405570	nn::pia::inet::NexNatTraversalProtocol::IsTraversed(unsigned int)	fefates:bytes	0x2B79DC	
0x4055B0	nn::pia::inet::NexNatTraversalProtocol::RegisterRelay(nn::pia::inet::NatRelayInterface*)	fefates:bytes	0x2B7A1C	
0x405A64	nn::pia::inet::NexNatTraversalProtocol::UnregisterRelay()	fefates:bytes	0x2B81F8	
0x405A98	nn::pia::inet::NexNatTraversalProtocol::addProbeRequest(const nn::pia::inet::NatProbeRequest&)	fefates:bytes	0x2B822C	
0x405C54	nn::pia::inet::NexNatTraversalProtocol::sendDummyPacket(const nn::pia::transport::StationLocation&,unsigned char,unsigned char)	fefates:bytes	0x2B83E8	
0x405D54	nn::pia::inet::NexNatTraversalProtocol::ResetProbeStatus(const nn::pia::transport::StationLocation&,bool)	fefates:bytes	0x2B84E8	
0x405E3C	nn::pia::inet::NexNatTraversalProtocol::SendProbeRequest(const nn::pia::transport::StationLocation&,const nn::pia::transport::StationLocation&)	fefates:bytes	0x2B85D0	
0x405E64	nn::pia::inet::NexNatTraversalProtocol::getPeer2PeerPort(const nn::pia::transport::StationLocation&)	fefates:bytes	0x2B85F8	
0x406098	nn::pia::inet::NexNatTraversalProtocol::sendProbeRequest(nn::pia::transport::StationLocation,const nn::pia::transport::StationLocation&)	fefates:callgraph	0x2B882C	
0x406508	nn::pia::inet::NexNatTraversalProtocol::sendProbeRequests()	fefates:bytes	0x2B8C30	
0x4067F0	nn::pia::inet::NexNatTraversalProtocol::CleanupNatTraversal()	fefates:bytes-fuzzy	0x2B8FAC	
0x406F28	nn::pia::inet::NexNatTraversalProtocol::ReportNatProperties(const unsigned int&,const unsigned int&,const unsigned int&)	fefates:bytes	0x2B9644	
0x406F44	nn::pia::inet::NexNatTraversalProtocol::StartupNatTraversal(nn::pia::inet::NatPortDetecter*)	fefates:callgraph	0x2B9660	
0x407050	nn::pia::inet::NexNatTraversalProtocol::StartServerKeepAlive()	fefates:bytes	0x2B97F0	
0x407090	nn::pia::inet::NexNatTraversalProtocol::scheduleProbeRequest(const nn::pia::inet::NatProbeRequest&)	fefates:bytes	0x2B9830	
0x40716C	nn::pia::inet::NexNatTraversalProtocol::GetLatestStationLocation(const nn::pia::transport::StationLocation&,nn::pia::transport::StationLocation*)	fefates:bytes	0x2B990C	
0x4071BC	nn::pia::inet::NexNatTraversalProtocol::ReportNatTraversalResult(const nn::pia::transport::StationLocation&,bool)	fefates:bytes	0x2B995C	
0x407240	nn::pia::inet::NexNatTraversalProtocol::findProbeRequestByConnectionId(unsigned int)	fefates:bytes	0x2B99E0	
0x40727C	nn::pia::inet::NexNatTraversalProtocol::eraseProbeRequestByConnectionId(unsigned int)	fefates:bytes	0x2B9A1C	
0x407808	nn::pia::inet::NexNatTraversalProtocol::NexNatTraversalProtocol()	fefates:bytes	0x2B9E50	
0x407AF0	nn::pia::inet::NexNatTraversalProtocol::~NexNatTraversalProtocol()	fefates:bytes	0x2BA12C	
0x40C4A0	nn::pia::inet::NatServerAddressResolveJob::StepComplete()	fefates:bytes	0x2BA568	
0x40C524	nn::pia::inet::NatServerAddressResolveJob::CancelCleanup()	fefates:bytes	0x2BA5EC	
0x40C554	nn::pia::inet::NatServerAddressResolveJob::Startup(nn::pia::common::CallContext*,nn::pia::inet::NatTraverser*)	fefates:callseq	0x2BA61C	
0x40C5FC	nn::pia::inet::NatServerAddressResolveJob::NatServerAddressResolveJob()	fefates:bytes	0x2BA744	
0x40C648	nn::pia::inet::NatServerAddressResolveJob::~NatServerAddressResolveJob()	fefates:callgraph	0x2BA780	
0x40D138	nn::pia::inet::NexProcessHostMigrationJob::StartupMultiImpl(bool,unsigned short)	fefates:bytes-fuzzy	0x2BA8CC	
0x40DA4C	nn::pia::inet::NexProcessHostMigrationJob::CallUpdateSessionHost(unsigned int)	fefates:bytes-fuzzy	0x2BB1D8	
0x40DABC	nn::pia::inet::NexProcessHostMigrationJob::InetCleanupOldHostInfo()	fefates:bytes	0x2BB248	
0x40ED0C	nn::pia::inet::NexProcessHostMigrationJob::WaitAfterPrepareForBecomingHost()	fefates:bytes	0x2BC4EC	
0x40F1D4	nn::pia::inet::NexProcessHostMigrationJob::InetCleanupOldHostInfoOnMultiCandidate()	fefates:bytes	0x2BC9B0	
0x411504	nn::pia::inet::convertSendSocketErrorToResult(int)	fefates:bytes	0x2BD3E4	
0x41243C	nn::pia::inet::Socket::SendToMulti(const void*,int,const nn::pia::inet::SockAddrIn*,int,int*)	fefates:bytes	0x2BD564	
0x412524	nn::pia::inet::Socket::Bind(const nn::pia::common::InetAddress&)	fefates:bytes	0x2BD64C	
0x412650	nn::pia::inet::Socket::Bind(unsigned short)	fefates:bytes	0x2BD778	
0x412698	nn::pia::inet::Socket::Open()	fefates:callgraph	0x2BD7C0	
0x4126A4	nn::pia::inet::Socket::Open(int,int)	fefates:bytes	0x2BD7CC	
0x4127A0	nn::pia::inet::Socket::Close()	fefates:bytes	0x2BD8C8	
0x412898	nn::pia::inet::Socket::SendTo(const void*,int,const nn::pia::common::InetAddress&,int*)	fefates:bytes	0x2BD9C0	
0x41295C	nn::pia::inet::Socket::SetTtl(unsigned char)	fefates:bytes	0x2BDA84	
0x412A6C	nn::pia::inet::Socket::RecvFrom(unsigned char*,int,nn::pia::common::InetAddress*,unsigned char*,int*)	fefates:callseq	0x2BDB94	
0x412BCC	nn::pia::inet::Socket::Socket()	fefates:bytes	0x2BDD7C	
0x412BF4	nn::pia::inet::Socket::~Socket()	fefates:bytes	0x2BDDA4	
0x412C08	nn::pia::inet::EndSetup()	fefates:bytes	0x2BDDB8	
0x412C64	nn::pia::inet::Finalize()	fefates:bytes	0x1178C8	
0x412C90	nn::pia::inet::NatProbe::SprayTargetPort()	fefates:bytes	0x2BDE14	
0x412CCC	nn::pia::inet::NatProbe::UpdateTargetPort(const nn::pia::transport::StationLocation&)	fefates:bytes	0x2BDE50	
0x412CF0	nn::pia::inet::NatProbe::GetPortSprayCount()	fefates:bytes	0x2BDE74	
0x412D04	nn::pia::inet::NatProbe::UpdateTargetAddress(const nn::pia::transport::StationLocation&)	fefates:callgraph	0x2BDE88	
0x412E38	nn::pia::inet::NatProbe::UpdateRtt(const nn::pia::common::Time&,const nn::pia::common::Time&)	fefates:bytes	0x2BDF74	
0x412E70	nn::pia::inet::NatProbe::NatProbe(const nn::pia::transport::StationLocation&,const nn::pia::common::Time&,const nn::pia::common::TimeSpan&,unsigned char,unsigned char,unsigned char)	fefates:bytes	0x2BDFAC	
0x412FB4	nn::pia::inet::NexFacade::initialize()	fefates:bytes	0x2BE0D0	
0x41304C	nn::pia::inet::NexFacade::IsBehindNat(const nn::pia::transport::StationLocation&)	fefates:callgraph	0x2BE168	
0x413058	nn::pia::inet::NexFacade::IsEdmMapping(const nn::pia::transport::StationLocation&)	fefates:bytes	0x2BE174	
0x41306C	nn::pia::inet::NexFacade::IsEimMapping(const nn::pia::transport::StationLocation&)	fefates:callgraph	0x2BE188	
0x41307C	nn::pia::inet::NexFacade::CreateInstance()	fefates:bytes	0x2BE198	
0x41314C	nn::pia::inet::NexFacade::CreateProtocols()	fefates:bytes	0x2BE340	
0x413168	nn::pia::inet::NexFacade::DestroyInstance()	fefates:bytes	0x1178F4	
0x4131BC	nn::pia::inet::NexFacade::startNatSessionCore(nn::pia::common::CallContext*)	fefates:bytes	0x2BE35C	
0x4132A8	nn::pia::inet::NexFacade::GetNatPropertyMapping()	fefates:callgraph	0x2BE45C	
0x4132B8	nn::pia::inet::NexFacade::CompleteStartNatSession(unsigned short)	fefates:bytes	0x2BE46C	
0x413360	nn::pia::inet::NexFacade::GetStartNatSessionResult()	fefates:bytes	0x2BE514	
0x4133B0	nn::pia::inet::NexFacade::IsCompletedStartNatSession()	fefates:bytes	0x2BE53C	
0x4133D4	nn::pia::inet::NexFacade::ConvertNexStationUrlToStationLocation(const nn::nex::StationURL&,nn::pia::transport::StationLocation*)	fefates:bytes	0x2BE560	
0x4134A0	nn::pia::inet::NexFacade::RegisterNexNotificationEventHandler4Pia(nn::nex::NotificationEventHandler*)	fefates:bytes	0x2BE62C	
0x413554	nn::pia::inet::NexFacade::UnregisterNexNotificationEventHandler4Pia(nn::nex::NotificationEventHandler*)	fefates:bytes	0x2BE6E0	
0x413594	nn::pia::inet::NexFacade::ConvertNexStationUrlToStationConnectionInfo(const nn::nex::qList<nn::nex::StationURL>&,nn::pia::transport::StationConnectionInfo*)	fefates:callseq	0x2BE720	
0x413624	nn::pia::inet::NexFacade::Bind(nn::pia::inet::NexFacade::LoginInfo*)	fefates:bytes	0x2BE800	
0x4136A4	nn::pia::inet::NexFacade::Cleanup()	fefates:bytes	0x2BE880	
0x41387C	nn::pia::inet::NexFacade::IsGlobal(const nn::pia::transport::StationLocation&)	fefates:bytes	0x2BEB04	
0x4138A0	nn::pia::inet::NexFacade::IsPublic(const nn::pia::transport::StationLocation&)	fefates:callgraph	0x2BEB28	
0x4138B0	nn::pia::inet::NexFacade::finalize()	fefates:bytes	0x2BEB38	
0x413978	nn::pia::util::IsPiaResult(const nn::Result&)	fefates:bytes	0x2BEBE4	
0x414598	nn::pia::local::BeginSetup()	fefates:bytes	0x2BF400	
0x4145E4	nn::pia::local::Initialize()	fefates:bytes	0x2BF44C	
0x414678	nn::pia::local::LocalFacade::CreateInstance()	fefates:bytes	0x2BF4E0	
0x414710	nn::pia::local::LocalFacade::DestroyInstance()	fefates:bytes	0x11793C	
0x414740	nn::pia::local::LocalFacade::LocalFacadeUpdateEventCallback(nn::pia::local::LocalUpdateEvent,unsigned char,void*)	fefates:bytes	0x2BF578	
0x4147C8	nn::pia::local::LocalFacade::Cleanup()	fefates:bytes	0x2BF600	
0x4147F8	nn::pia::local::LocalFacade::Startup()	fefates:bytes-fuzzy	0x2BF630	
0x414940	nn::pia::local::LocalMessage::ParseMessageHeader()	fefates:callseq-callee	0x2BF774	
0x414980	nn::pia::local::LocalMessage::UpdateMessageHeader()	fefates:bytes	0x2BF7B4	
0x4149C0	nn::pia::local::LocalMessage::SetData(const void*,int,unsigned short)	fefates:bytes	0x2BF7F4	
0x4149FC	nn::pia::local::UdsAroundNetworkSearchManager::SerializeAroundNetworkStatus(nn::pia::local::LocalAroundNetworkSearchManager::LocalAroundNetworkStatusMessage*,const nn::pia::local::LocalAroundNetworkSearchManager::AroundNetworkStatus*) const	fefates:bytes	0x2BF830	
0x414A2C	nn::pia::local::LocalMessage::SetData(const void*,unsigned short)	fefates:bytes	0x2BF860	
0x414A74	nn::pia::local::LocalMessage::LocalMessage(unsigned char*,unsigned int)	fefates:callseq-callee	0x2BF8A8	
0x414AB4	nn::pia::local::LocalNetwork::CreateJobs()	fefates:bytes-fuzzy	0x2BF938	
0x414B90	nn::pia::local::LocalNetwork::Initialize(const nn::pia::local::LocalNetworkSetting&)	fefates:callseq	0x2BFA14	
0x414C50	nn::pia::local::LocalNetwork::CleanupJobs()	fefates:bytes-fuzzy	0x121528	
0x414D70	nn::pia::local::LocalNetwork::DestroyJobs()	fefates:bytes	0x121648	
0x414EF0	nn::pia::local::LocalNetwork::ScanNetwork(nn::pia::common::CallContext*,unsigned int,unsigned char)	fefates:bytes-fuzzy	0x2BFB90	
0x415350	nn::pia::local::LocalNetwork::DestroyNetwork(nn::pia::common::CallContext*)	fefates:bytes-fuzzy	0x2C0078	
0x415418	nn::pia::local::LocalNetwork::InitializeCore(const nn::pia::local::UdsNetworkSetting&)	fefates:callseq	0x2C0140	
0x4157F8	nn::pia::local::LocalNetwork::DestroyInstance()	fefates:bytes	0x11796C	
0x415838	nn::pia::local::LocalNetwork::SleepBeforeSend()	fefates:callgraph	0x2C04D4	
0x4158AC	nn::pia::local::LocalNetwork::ScanNetworkAsync(unsigned int,unsigned char)	fefates:callseq	0x2C0548	
0x415BF4	nn::pia::local::LocalNetwork::AllowParticipating()	fefates:bytes-fuzzy	0x2C0890	
0x415D20	nn::pia::local::LocalNetwork::DestroyNetworkAsync()	fefates:callseq	0x2C09BC	
0x415D80	nn::pia::local::LocalNetwork::DisallowParticipating(bool)	fefates:bytes-fuzzy	0x2C0A50	
0x415F20	nn::pia::local::LocalNetwork::GetNetworkDescription(unsigned int)	fefates:bytes	0x2C0ACC	
0x4161C0	nn::pia::local::LocalNetwork::UnregisterUpdateEventCallback()	fefates:callgraph	0x2C0E1C	
0x4161D0	nn::pia::local::LocalNetwork::ProcessUpdateEventDisconnected(unsigned char)	fefates:callseq-callee	0x2C0E2C	
0x4161EC	nn::pia::local::LocalNetwork::ProcessUpdateEventMigrationStarted()	fefates:callseq-callee	0x2C0E48	
0x416210	nn::pia::local::LocalNetwork::Cleanup()	fefates:bytes-fuzzy	0x1179AC	
0x416298	nn::pia::local::LocalNetwork::Startup()	fefates:callseq	0x2C0E6C	
0x416314	nn::pia::local::LocalNetwork::Finalize()	fefates:callgraph	0x1217D4	
0x4164D0	nn::pia::local::LocalNetwork::LocalNetwork()	fefates:callseq	0x2C0EE4	
0x416624	nn::pia::local::IsDuringSetup()	fefates:callgraph	0x2C100C	
0x416634	nn::pia::local::IsInitialized()	fefates:callgraph	0x2C101C	
0x416954	nn::pia::local::LocalAckMessage::ParseMessageHeader()	fefates:bytes	0x2C113C	
0x4169A0	nn::pia::local::LocalAckMessage::UpdateMessageHeader()	fefates:bytes	0x2C1188	
0x416A2C	nn::pia::local::LocalStreamBase::LocalStreamBase()	fefates:callgraph	0x2C1214	
0x416A50	nn::pia::local::LocalInputStream::Read(nn::pia::common::Packet*)	fefates:bytes-fuzzy	0x2C122C	
0x416B68	nn::pia::local::LocalInputStream::LocalInputStream()	fefates:bytes	0x2C1344	
0x416BF4	nn::pia::local::LocalOutputStream::Write(const nn::pia::common::Packet&)	fefates:bytes	0x2C136C	
0x416C98	nn::pia::local::LocalOutputStream::LocalOutputStream()	fefates:bytes	0x2C1410	
0x416DC8	nn::pia::local::UdsNetworkManager::Initialize(nn::pia::local::LocalNetworkSetting*)	fefates:callseq	0x2C1448	
0x416F2C	nn::pia::local::UdsNetworkManager::SendToCore(const void*,unsigned int,unsigned short)	fefates:callseq	0x2C15A0	
0x416FD4	nn::pia::local::UdsNetworkManager::EjectClient(const nn::pia::common::StationAddress&)	fefates:bytes	0x2C1644	
0x41718C	nn::pia::local::UdsNetworkManager::ReceiveFromCore(void*,unsigned int,unsigned int*,unsigned short*)	fefates:callseq	0x2C1768	
0x417238	nn::pia::local::UdsNetworkManager::AllowParticipating()	fefates:bytes	0x2C180C	
0x417270	nn::pia::local::UdsNetworkManager::CreateSystemHandle()	fefates:callgraph	0x2C1844	
0x41730C	nn::pia::local::UdsNetworkManager::GetStationInfoList(nn::pia::local::LocalStationInfo*,unsigned char,unsigned int,const void*)	fefates:callseq	0x2C18D8	
0x4174D4	nn::pia::local::UdsNetworkManager::ProcessUpdateEvent()	fefates:callseq	0x2C1A9C	
0x41784C	nn::pia::local::UdsNetworkManager::DestroySystemHandle()	fefates:callgraph	0x2C1DDC	
0x417B64	nn::pia::local::UdsNetworkManager::DisallowParticipating(bool)	fefates:bytes	0x2C2070	
0x417BA0	nn::pia::local::UdsNetworkManager::SetSystemDataToBeacon(void*)	fefates:callseq	0x2C20AC	
0x417C48	nn::pia::local::UdsNetworkManager::ProcessDisconnectEvent(const nn::uds::CTR::ConnectionStatus&,unsigned int)	fefates:callseq	0x2C2150	
0x417FDC	nn::pia::local::UdsNetworkManager::UdsNetworkManager()	fefates:callseq	0x2C23F0	
0x4180C4	nn::pia::local::LocalNetworkFactory::CreateInputStream()	fefates:callseq	0x2C2490	
0x418134	nn::pia::local::LocalNetworkFactory::CreateOutputStream()	fefates:callseq	0x2C2500	
0x418164	nn::pia::local::LocalNetworkFactory::CreateCreateMeshJob()	fefates:callseq	0x2C2530	
0x4181CC	nn::pia::local::LocalNetworkFactory::CreateConnectStationJob()	fefates:callseq	0x2C2570	
0x418214	nn::pia::local::LocalNetworkFactory::CreateDisconnectStationJob()	fefates:callseq	0x2C2590	
0x4183B4	nn::pia::local::LocalNetworkManager::Initialize(nn::pia::local::LocalNetworkSetting*)	fefates:callseq-callee	0x2C2638	
0x418808	nn::pia::local::LocalNetworkManager::ClearNodeList(unsigned short)	fefates:bytes	0x2C2BD4	
0x418844	nn::pia::local::LocalNetworkManager::ClearNodeList()	fefates:bytes	0x2C2C10	
0x418984	nn::pia::local::LocalNetworkManager::SendTo(const void*,unsigned int,unsigned char)	fefates:callgraph	0x2C332C	
0x418C48	nn::pia::local::LocalNetworkManager::IsActiveLocalInputStream()	fefates:callgraph	0x2C2C90	
0x418E1C	nn::pia::local::LocalNetworkManager::ParseUpdateSessionMessage(const void*,unsigned int,unsigned short)	fefates:callseq	0x2C2E54	
0x4196E8	nn::pia::local::LocalNetworkManager::SendTo(const nn::pia::local::LocalMessage*,unsigned char)	fefates:callseq-callee	0x2C3244	
0x4198C8	nn::pia::local::LocalNetworkManager::Startup()	fefates:callseq-callee	0x2C34A8	
0x419A4C	nn::pia::local::LocalNetworkManager::ClearIds()	fefates:bytes	0x2C3578	
0x419C4C	nn::pia::local::LocalNetworkManager::LocalNetworkManager()	fefates:callseq-callee	0x2C37E0	
0x419FB8	nn::pia::local::LocalReceiveFromJob::CheckLocalInputStream()	fefates:bytes	0x2C39BC	
0x41A0E4	nn::pia::local::LocalScanNetworkJob::WaitForCancel()	fefates:bytes	0x2C3AB4	
0x41A290	nn::pia::local::LocalScanNetworkJob::Startup(nn::pia::common::CallContext*,const nn::pia::local::LocalScanNetworkSetting*)	fefates:bytes-fuzzy	0x2C3C24	
0x41A404	nn::pia::local::LocalSendMessageJob::ReceiveAck(unsigned char,unsigned int)	fefates:bytes	0x2C3D54	
0x41A570	nn::pia::local::LocalSendMessageJob::EndSendMessage(unsigned char)	fefates:callseq-callee	0x2C3E9C	
0x41A5B4	nn::pia::local::LocalSendMessageJob::Startup()	fefates:bytes	0x2C3EBC	
0x41A660	nn::pia::local::LocalSendMessageJob::LocalSendMessageJob()	fefates:callseq	0x2C3F58	
0x41AD10	nn::pia::local::LocalCreateNetworkJob::WaitCreateNetwork()	fefates:bytes	0x2C4084	
0x41B000	nn::pia::local::LocalHostMigrationJob::ScanNetwork()	fefates:bytes	0x2C42E0	
0x41B1EC	nn::pia::local::LocalHostMigrationJob::CreateNetwork()	fefates:bytes	0x2C44CC	
0x41B310	nn::pia::local::LocalHostMigrationJob::WaitForCancel()	fefates:bytes	0x2C45F0	
0x41B360	nn::pia::local::LocalHostMigrationJob::ConnectNetwork()	fefates:bytes	0x2C4640	
0x41B760	nn::pia::local::LocalHostMigrationJob::WaitAllClientsAck()	fefates:bytes	0x2C4A28	
0x41B83C	nn::pia::local::LocalHostMigrationJob::WaitCreateNetwork()	fefates:bytes	0x2C4B04	
0x41B9B0	nn::pia::local::LocalHostMigrationJob::WaitConnectNetwork()	fefates:bytes	0x2C4C78	
0x41BAF8	nn::pia::local::LocalHostMigrationJob::SearchNewHostNetwork()	fefates:bytes	0x2C4DC0	
0x41BCA0	nn::pia::local::LocalHostMigrationJob::WaitDisconnectNetwork()	fefates:bytes	0x2C4F68	
0x41BE44	nn::pia::local::LocalHostMigrationJob::HostMigrationFailureProcess()	fefates:bytes	0x2C510C	
0x41C18C	nn::pia::local::LocalHostMigrationJob::Cleanup()	fefates:bytes	0x12C95C	
0x41C1E0	nn::pia::local::LocalHostMigrationJob::Startup(nn::pia::common::CallContext*,bool)	fefates:bytes	0x2C543C	
0x41C284	nn::pia::local::LocalHostMigrationJob::LocalHostMigrationJob()	fefates:bytes	0x2C54E0	
0x41CBE4	nn::pia::local::LocalMigrationManager::Initialize()	fefates:bytes	0x2C5578	
0x41CD78	nn::pia::local::LocalMigrationManager::ClearNodeInfo(unsigned char)	fefates:bytes	0x2C570C	
0x41CDF8	nn::pia::local::LocalMigrationManager::ClearNodeInfo()	fefates:bytes	0x2C578C	
0x41CF78	nn::pia::local::LocalMigrationManager::StartHostMigration()	fefates:callseq	0x2C591C	
0x41D198	nn::pia::local::LocalMigrationManager::CancelHostMigration()	fefates:bytes	0x2C5B30	
0x41D1AC	nn::pia::local::LocalMigrationManager::SetTransportIdToNodeIdTable(unsigned char,unsigned short)	fefates:bytes	0x2C5B44	
0x41D1D0	nn::pia::local::LocalMigrationManager::ClearTransportIdToNodeIdTable(unsigned char)	fefates:bytes	0x2C5B68	
0x41D208	nn::pia::local::LocalMigrationManager::ClearTransportIdToNodeIdTable()	fefates:bytes	0x2C5BA0	
0x41D258	nn::pia::local::LocalMigrationManager::Cleanup()	fefates:bytes	0x121A64	
0x41D2A8	nn::pia::local::LocalMigrationManager::Startup()	fefates:bytes	0x2C5BF0	
0x41D3A0	nn::pia::local::LocalMigrationManager::Finalize()	fefates:bytes	0x121AB4	
0x41D478	nn::pia::local::LocalMigrationManager::LocalMigrationManager()	fefates:bytes	0x2C5CE8	
0x41D524	nn::pia::local::LocalMigrationManager::~LocalMigrationManager()	fefates:bytes	0x2C5D58	
0x41D624	nn::pia::local::LocalConnectNetworkJob::ProcessSucceeded()	fefates:bytes	0x2C5DF0	
0x41E4F4	nn::pia::local::UdsMigrationManagerNew::SetupParams()	fefates:bytes	0x2C6C58	
0x41E5D0	nn::pia::local::UdsMigrationManagerNew::SetNetworkInfo(const nn::pia::local::LocalConnectNetworkSetting&)	fefates:bytes	0x2C6D2C	
0x41E64C	nn::pia::local::UdsMigrationManagerNew::SetSystemDataToBeacon(void*)	fefates:callseq	0x2C6DA8	
0x41E6F4	nn::pia::local::UdsMigrationManagerNew::GetCreateNetworkSetting()	fefates:bytes	0x2C6E48	
0x41E790	nn::pia::local::UdsMigrationManagerNew::GetConnectNetworkSetting(nn::pia::local::LocalNetworkDescription*)	fefates:bytes	0x2C6EE4	
0x41E7C0	nn::pia::local::UdsMigrationManagerNew::UdsMigrationManagerNew()	fefates:bytes	0x2C6F14	
0x41E908	nn::pia::local::UdsMigrationManagerNew::~UdsMigrationManagerNew()	fefates:bytes	0x2C6FF0	
0x41EBF8	nn::pia::local::UdsBackgroundProcessJob::CreateNetwork()	fefates:bytes	0x2C723C	
0x41ED64	nn::pia::local::UdsBackgroundProcessJob::ConnectNetwork()	fefates:bytes	0x2C73A8	
0x41EF58	nn::pia::local::UdsBackgroundProcessJob::DestroyNetwork()	fefates:bytes	0x2C759C	
0x41F000	nn::pia::local::UdsBackgroundProcessJob::DisconnectNetwork()	fefates:bytes	0x2C7644	
0x41F298	nn::pia::local::UdsBackgroundProcessJob::StartupConnectNetwork(nn::pia::common::CallContext*,const nn::pia::local::LocalConnectNetworkSetting*)	fefates:callseq	0x2C79E0	
0x41F41C	nn::pia::local::UdsBackgroundProcessJob::StartupDestroyNetwork(nn::pia::common::CallContext*)	fefates:bytes	0x2C7B50	
0x41F600	nn::pia::local::UdsBackgroundProcessJob::StartupDisconnectNetwork(nn::pia::common::CallContext*)	fefates:bytes	0x2C7D34	
0x41F670	nn::pia::local::UdsBackgroundProcessJob::UdsBackgroundProcessJob()	fefates:bytes	0x2C7E0C	
0x42005C	nn::pia::local::LocalBackgroundProcessJob::PrepareDestroyNetwork()	fefates:bytes	0x2C7E98	
0x4200E4	nn::pia::local::LocalBackgroundProcessJob::PrepareDisconnectNetwork()	fefates:bytes	0x2C7F20	
0x42016C	nn::pia::local::LocalBackgroundProcessJob::Cleanup()	fefates:bytes	0x12CA48	
0x4201B0	nn::pia::local::LocalBackgroundProcessJob::Startup(nn::pia::common::CallContext*,nn::pia::local::LocalBackgroundProcessJob::JobPriority)	fefates:bytes	0x2C7FA8	
0x420228	nn::pia::local::LocalBackgroundProcessJob::LocalBackgroundProcessJob()	fefates:bytes	0x2C8020	
0x42034C	nn::pia::local::LocalDisconnectNetworkJob::WaitDisconnectNetwork()	fefates:bytes	0x2C80A0	
0x420648	nn::pia::local::LocalDisconnectNetworkJob::Startup(nn::pia::common::CallContext*)	fefates:bytes	0x2C8360	
0x420A50	nn::pia::local::LocalUpdateSessionMessage::ParseMessageHeader()	fefates:bytes	0x2C8458	
0x420AAC	nn::pia::local::LocalUpdateSessionMessage::UpdateMessageHeader()	fefates:callseq	0x2C84B4	
0x42151C	nn::pia::local::LocalAroundNetworkSearchJob::LifeTimeProcess()	fefates:bytes	0x2C8610	
0x4215F8	nn::pia::local::LocalAroundNetworkSearchJob::SendAroundNetworkStatus()	fefates:bytes	0x2C86EC	
0x42164C	nn::pia::local::LocalAroundNetworkSearchJob::WaitAroundNetworkSearch()	fefates:bytes	0x2C8740	
0x42194C	nn::pia::local::LocalAroundNetworkSearchJob::ReceiveAroundNetworkInfo()	fefates:bytes	0x2C8A40	
0x421C04	nn::pia::local::LocalAroundNetworkSearchJob::StartAroundNetworkSearch()	fefates:bytes	0x2C8CF8	
0x421D88	nn::pia::local::LocalAroundNetworkSearchJob::WaitHostMigrationCompleted()	fefates:bytes	0x2C8E7C	
0x421ED0	nn::pia::local::LocalAroundNetworkSearchJob::WaitAroundNetworkSearchActivated()	fefates:bytes	0x2C8FC4	
0x4220B8	nn::pia::local::LocalAroundNetworkSearchJob::SendStopAroundNetworkSearchMessage()	fefates:bytes	0x2C91AC	
0x42210C	nn::pia::local::LocalAroundNetworkSearchJob::SendStartAroundNetworkSearchMessage()	fefates:bytes	0x2C9200	
0x422160	nn::pia::local::LocalAroundNetworkSearchJob::WaitSendAroundNetworkStatusCompleted()	fefates:bytes	0x2C9254	
0x422504	nn::pia::local::LocalAroundNetworkSearchJob::WaitSendStopAroundNetworkSearchMessageCompleted()	fefates:bytes	0x2C95F8	
0x422750	nn::pia::local::LocalAroundNetworkSearchJob::WaitSendStartAroundNetworkSearchMessageCompleted()	fefates:bytes	0x2C9844	
0x422AD8	nn::pia::local::LocalAroundNetworkSearchJob::Startup(nn::pia::common::CallContext*)	fefates:bytes	0x2C9B58	
0x422B58	nn::pia::local::LocalAroundNetworkSearchJob::LocalAroundNetworkSearchJob()	fefates:bytes	0x2C9BD8	
0x42343C	nn::pia::local::UdsAroundNetworkSearchManager::CreateLocalAroundNetworkInfo()	fefates:bytes	0x2C9C80	
0x423484	nn::pia::local::UdsAroundNetworkSearchManager::DeserializeAroundNetworkStatus(const nn::pia::local::LocalAroundNetworkSearchManager::LocalAroundNetworkStatusMessage*)	fefates:callseq	0x2C9CC8	
0x423588	nn::pia::local::UdsAroundNetworkSearchManager::CreateLocalAroundNetworkSearchBackgroundJob()	fefates:bytes	0x2C9DCC	
0x4235B0	nn::pia::local::UdsAroundNetworkSearchManager::UdsAroundNetworkSearchManager()	fefates:callseq-callee	0x2C9DF4	
0x423614	nn::pia::local::LocalForceDisconnectNetworkJob::WaitDisconnected()	fefates:bytes	0x2C9E34	
0x4236AC	nn::pia::local::LocalForceDisconnectNetworkJob::WaitHostMigrationEnd()	fefates:bytes	0x2C9ECC	
0x423778	nn::pia::local::LocalForceDisconnectNetworkJob::Cleanup()	fefates:bytes	0x12CB04	
0x4237AC	nn::pia::local::LocalForceDisconnectNetworkJob::Startup(nn::pia::common::CallContext*,nn::pia::local::LocalForceDisconnectNetworkJob::ProcType)	fefates:bytes	0x2C9F98	
0x423984	nn::pia::local::LocalAroundNetworkSearchManager::Initialize()	fefates:bytes	0x2CA150	
0x423A40	nn::pia::local::LocalAroundNetworkSearchManager::EndSendMessage(unsigned char)	fefates:bytes	0x2CA20C	
0x423AC0	nn::pia::local::LocalAroundNetworkSearchManager::EndSendMessage()	fefates:bytes	0x2CA28C	
0x423B44	nn::pia::local::LocalAroundNetworkSearchManager::StartSendCommandMessage(unsigned char)	fefates:bytes	0x2CA310	
0x423B5C	nn::pia::local::LocalAroundNetworkSearchManager::PrepareNextCommandStatus()	fefates:bytes	0x2CA328	
0x423B90	nn::pia::local::LocalAroundNetworkSearchManager::SendAroundNetworkStatusMessage()	fefates:bytes-fuzzy	0x2CA35C	
0x423CF0	nn::pia::local::LocalAroundNetworkSearchManager::ParseAroundNetworkStatusMessage(void*,unsigned int,unsigned short)	fefates:callseq	0x2CA48C	
0x423E8C	nn::pia::local::LocalAroundNetworkSearchManager::ParseAroundNetworkStatusAckMessage(void*,unsigned int,unsigned short)	fefates:callseq	0x2CA5F4	
0x423F9C	nn::pia::local::LocalAroundNetworkSearchManager::SendStopAroundNetworkSearchMessage()	fefates:callgraph	0x2CA700	
0x424040	nn::pia::local::LocalAroundNetworkSearchManager::SendStartAroundNetworkSearchMessage()	fefates:callgraph	0x2CA7A4	
0x424130	nn::pia::local::LocalAroundNetworkSearchManager::ParseAroundNetworkSearchCommandMessage(void*,unsigned int,unsigned short,bool)	fefates:callseq	0x2CA864	
0x4244CC	nn::pia::local::LocalAroundNetworkSearchManager::ParseAroundNetworkSearchCommandAckMessage(void*,unsigned int,unsigned short)	fefates:callseq	0x2CAA2C	
0x424750	nn::pia::local::LocalAroundNetworkSearchManager::Startup()	fefates:callseq	0x2CAAFC	
0x4247EC	nn::pia::local::LocalAroundNetworkSearchManager::Finalize()	fefates:bytes	0x2CAB6C	
0x4249C0	nn::pia::local::LocalAroundNetworkSearchManager::~LocalAroundNetworkSearchManager()	fefates:bytes	0x2CACF8	
0x425BFC	nn::pia::local::UdsAroundNetworkSearchBackgroundJob::UdsAroundNetworkSearchBackgroundJob()	fefates:bytes	0x2CBC60	
0x425C30	nn::pia::local::LocalAroundNetworkSearchBackgroundJob::AroundNetworkSearch()	fefates:bytes	0x2CBC84	
0x425CBC	nn::pia::local::LocalAroundNetworkSearchBackgroundJob::Startup(nn::pia::common::CallContext*,const nn::pia::local::LocalAroundNetworkSearchSetting&)	fefates:bytes	0x2CBCDC	
0x425D74	nn::pia::local::LocalAroundNetworkSearchBackgroundJob::LocalAroundNetworkSearchBackgroundJob()	fefates:bytes	0x2CBD94	
0x425E30	nn::pia::local::Finalize()	fefates:bytes	0x117A34	
0x425E80	nn::pia::local::UdsHandle::CreateHandle(unsigned short)	fefates:bytes	0x2CBE40	
0x425F18	nn::pia::local::UdsHandle::DestroyHandle()	fefates:bytes	0x2CBED8	
0x425F64	nn::pia::local::UdsHandle::UdsHandle()	fefates:bytes	0x2CBF24	
0x425F88	nn::pia::common::BeginSetup()	fefates:bytes	0x2CBF40	
0x4261BC	nn::pia::common::Md5Context::Initialize()	fefates:callgraph	0x2CC16C	
0x4261EC	nn::pia::common::Md5Context::ProcessBlock()	fefates:bytes	0x2CC19C	
0x426504	nn::pia::common::Md5Context::Update(const void*,unsigned int)	fefates:bytes	0x2CC4B4	
0x4265D0	nn::pia::common::Md5Context::GetHash(void*)	fefates:bytes	0x2CC580	
0x426694	nn::pia::common::RootObject::operator delete[](void*)	fefates:callgraph	0x13EEDC	
0x4266C4	nn::pia::common::RootObject::operator new(unsigned int)	fefates:callgraph	0x2CC644	
0x4266E0	nn::pia::common::CachedPrint::DestroyInstance()	fefates:bytes	0x121C08	
0x4267CC	nn::pia::common::CallContext::InitiateCall()	fefates:bytes	0x2CC660	
0x4267E4	nn::pia::common::CallContext::SignalCancel()	fefates:bytes	0x1359D8	
0x426814	nn::pia::common::CallContext::SignalFailure(nn::Result)	fefates:bytes	0x135A08	
0x426860	nn::pia::common::CallContext::SignalSuccess(nn::Result)	fefates:bytes	0x135A54	
0x42691C	nn::pia::common::CallContext::Reset()	fefates:callgraph	0x135AA0	
0x426938	nn::pia::common::CallContext::Cancel()	fefates:callgraph	0x135ABC	
0x426944	nn::pia::common::CallContext::CallContext()	fefates:callgraph	0x2CC684	
0x426960	nn::pia::common::HeapManager::Initialize(void*,unsigned int)	fefates:bytes-fuzzy	0x2CC6A0	
0x4269E4	nn::pia::common::HeapManager::SetCurrentHeap(nn::pia::ModuleType)	fefates:bytes	0x2CC724	
0x4269FC	nn::pia::common::HeapManager::ClearCurrentHeap()	fefates:callgraph	0x121C5C	
0x426A10	nn::pia::common::HeapManager::Setup(nn::pia::ModuleType,unsigned int,const pead::SafeStringBase<char>&)	fefates:bytes	0x2CC73C	
0x426A64	nn::pia::common::HeapManager::Cleanup(nn::pia::ModuleType)	fefates:bytes	0x121C70	
0x426AB0	nn::pia::common::HeapManager::GetHeap(nn::pia::ModuleType)	fefates:callgraph	0x12CB38	
0x426AC8	nn::pia::common::HeapManager::GetHeap()	fefates:bytes	0x121CBC	
0x426AE4	nn::pia::common::HeapManager::convert(nn::pia::ModuleType)	fefates:callgraph	0x135AC8	
0x426B98	nn::pia::common::HeapManager::Finalize()	fefates:bytes	0x121CD8	
0x426BD4	nn::pia::common::InetAddress::Deserialize(const unsigned char*)	fefates:bytes	0x2CC790	
0x426C20	nn::pia::common::InetAddress::InetAddress(const nn::pia::common::InetAddress&)	fefates:callgraph	0x2CC7DC	
0x426C34	nn::pia::common::InetAddress::InetAddress(unsigned int,unsigned short)	fefates:callgraph	0x2CC7F0	
0x426C40	nn::pia::common::InetAddress::InetAddress()	fefates:callgraph	0x13B2EC	
0x426C54	nn::pia::common::InetAddress::operator=(const nn::pia::common::InetAddress&)	fefates:callgraph	0x13EEEC	
0x426C68	nn::pia::common::hashWithMd5(unsigned int)	fefates:bytes	0x2CC800	
0x426CE8	nn::pia::common::ErrorHandler::TraceResult(unsigned long long,const nn::Result&)	fefates:callgraph	0x13B2FC	
0x426CF4	nn::pia::common::serializeU16(unsigned char*,unsigned short)	fefates:callgraph	0x2CC880	
0x426D04	nn::pia::common::serializeU32(unsigned char*,unsigned int)	fefates:bytes	0x2CC890	
0x426D24	nn::pia::common::serializeU64(unsigned char*,unsigned long long)	fefates:bytes	0x2CC8B0	
0x426D74	nn::pia::common::CryptoSetting::CryptoSetting()	fefates:bytes	0x13EF00	
0x426D90	nn::pia::common::IsInSetupMode()	fefates:callgraph	0x2CC900	
0x426DA0	nn::pia::common::IsInitialized()	fefates:callgraph	0x2CC910	
0x426DB0	nn::pia::common::StationAddress::Deserialize(const unsigned char*)	fefates:bytes	0x2CC920	
0x426E00	nn::pia::common::StationAddress::SetExtensionId(unsigned short)	fefates:callgraph	0x2CC970	
0x426E0C	nn::pia::common::StationAddress::SetInetAddress(const nn::pia::common::InetAddress&)	fefates:bytes	0x2CC97C	
0x426E20	nn::pia::common::StationAddress::Clear()	fefates:bytes	0x135B70	
0x426E3C	nn::pia::common::StationAddress::Compare(const nn::pia::common::StationAddress&,const nn::pia::common::StationAddress&)	fefates:bytes	0x2CC998	
0x426EC4	nn::pia::common::StationAddress::StationAddress(const nn::pia::common::StationAddress&)	fefates:bytes	0x2CCA20	
0x426EF0	nn::pia::common::StationAddress::StationAddress()	fefates:bytes	0x135B84	
0x426F30	nn::pia::session::ProcessJoinRequestJob::SetJoiningStationData(nn::pia::StationIndex,const nn::pia::common::StationAddress&)	fefates:callgraph	0x13B324	
0x426F40	nn::pia::common::StationAddress::operator=(const nn::pia::common::StationAddress&)	fefates:bytes	0x13B334	
0x426F70	nn::pia::common::ZlibCompressor::Initialize(void*,unsigned int)	fefates:bytes	0x2CCA4C	
0x426FDC	nn::pia::common::ZlibCompressor::FinishDeflate(unsigned int*)	fefates:bytes	0x2CCAB8	
0x42706C	nn::pia::common::ZlibCompressor::myFree(void*,void*)	fefates:bytes	0x2CCB48	
0x427080	nn::pia::common::ZlibCompressor::Cleanup()	fefates:bytes	0x2CCB5C	
0x42709C	nn::pia::common::ZlibCompressor::Deflate(const unsigned char*,unsigned int)	fefates:bytes	0x2CCB78	
0x42711C	nn::pia::common::ZlibCompressor::Startup(unsigned char*,unsigned int,int,int,int)	fefates:bytes	0x2CCBF8	
0x42723C	nn::pia::common::ZlibCompressor::myAlloc(void*,unsigned int,unsigned int)	fefates:bytes	0x2CCD18	
0x427294	nn::pia::common::ZlibCompressor::ZlibCompressor()	fefates:bytes	0x2CCD70	nn::boss::PlayReport::PlayReport()
0x4272BC	nn::pia::common::deserializeU16(const unsigned char*)	fefates:callgraph	0x2CCD98	
0x4272C8	nn::pia::common::deserializeU32(const unsigned char*)	fefates:bytes	0x2CCDA4	
0x4272E0	nn::pia::common::deserializeU64(const unsigned char*)	fefates:bytes	0x2CCDBC	
0x4273A0	nn::pia::common::CriticalSection::Unlock()	fefates:callgraph	0x13B3B8	
0x4273A4	nn::pia::common::CriticalSection::CriticalSection(int)	fefates:bytes	0x2CCE40	
0x4273C0	nn::pia::common::StepSequenceJob::ExecuteCore()	fefates:bytes	0x2CCE5C	
0x427438	nn::pia::inet::NatDetecter::CancelDetectionJob()	fefates:bytes	0x12CB50	
0x42744C	nn::pia::common::StepSequenceJob::WaitForCompletion(unsigned int)	fefates:bytes	0x12CB64	
0x427514	nn::pia::common::StepSequenceJob::Reset(bool)	fefates:bytes	0x2CCED4	
0x42752C	nn::pia::common::StepSequenceJob::StepSequenceJob()	fefates:bytes	0x2CCEEC	
0x42759C	nn::pia::inet::NatDetectionJob::~NatDetectionJob()	fefates:callgraph	0x2CCF40	
0x4275A0	nn::pia::common::StepSequenceJob::~StepSequenceJob()	fefates:callgraph	0x2CCF44	
0x427680	nn::pia::common::SignatureManager::SetNecessity(bool)	fefates:bytes	0x2CCF54	
0x4276A8	nn::pia::common::SignatureManager::CheckSignature(const nn::pia::common::StationAddress&,const void*,unsigned int,unsigned int*)	fefates:bytes	0x2CCF7C	
0x4277FC	nn::pia::common::SignatureManager::CreateInstance()	fefates:bytes	0x2CD0D0	
0x4278B8	nn::pia::common::SignatureManager::ResetNecessity()	fefates:bytes	0x135BA8	
0x427930	nn::pia::common::SignatureManager::AppendSignature(const nn::pia::common::StationAddress&,void*,unsigned int,unsigned int)	fefates:bytes	0x2CD18C	
0x4279F0	nn::pia::common::SignatureManager::DestroyInstance()	fefates:bytes	0x121D14	
0x427A38	nn::pia::common::SignatureManager::UpdateSignature(const nn::pia::common::StationAddress&,void*,unsigned int)	fefates:bytes	0x2CD24C	
0x427AC0	nn::pia::common::SignatureManager::Cleanup()	fefates:bytes	0x121D5C	
0x427E6C	nn::pia::common::SignatureManager::Specified::Specified()	fefates:bytes	0x2CD730	
0x427E90	nn::pia::common::SignatureManager::Specified::~Specified()	fefates:bytes	0x12CC24	
0x427EB0	nn::pia::common::SignatureSetting::Set(nn::pia::common::SignatureSetting::Mode,const void*,unsigned int)	fefates:bytes-fuzzy	0x2CD754	
0x427F64	nn::pia::common::WatermarkManager::GetWatermark(int)	fefates:bytes	0x2CD7F8	
0x427F84	nn::pia::common::WatermarkManager::DestroyInstance()	fefates:bytes	0x121DD0	
0x427FD4	nn::pia::common::PayloadSizeManager::CreateInstance()	fefates:callgraph	0x2CD820	
0x428058	nn::pia::common::PayloadSizeManager::DestroyInstance()	fefates:callgraph	0x121E20	
0x428080	nn::pia::common::PayloadSizeManager::SetSignatureSize(unsigned int)	fefates:callgraph	0x135C20	
0x42808C	nn::pia::common::PayloadSizeManager::SetMtuSize(unsigned int)	fefates:callgraph	0x2CD818	
0x428128	nn::pia::common::BackgroundScheduler::Dispatch(pead::Thread*,int)	fefates:bytes	0x2CD9C0	
0x428250	nn::pia::common::BackgroundScheduler::ResetJob(nn::pia::common::Job*)	fefates:bytes	0x2CDAE8	
0x42828C	nn::pia::common::BackgroundScheduler::BackgroundScheduler(int,nn::pia::common::CriticalSection*)	fefates:bytes	0x2CDB24	
0x428378	nn::pia::common::BackgroundScheduler::~BackgroundScheduler()	fefates:bytes	0x121E48	
0x4283DC	nn::pia::common::isValidSourceStationIndex(nn::pia::StationIndex)	fefates:bytes	0x2CDC24	
0x4284B8	nn::pia::common::SessionBeginMonitoringContent::GetSerializedSize()	fefates:callgraph	0x2CDCF8	
0x4284C4	nn::pia::common::SessionBeginMonitoringContent::Cleanup()	fefates:callseq-callee	0x12CC44	
0x42871C	nn::pia::common::SessionStateMonitoringContent::Cleanup()	fefates:callseq-callee	0x12CD2C	
0x4288C4	nn::pia::common::Job::Ready(bool)	fefates:bytes	0x2CDDA4	
0x428934	nn::pia::common::Job::Reset(bool)	fefates:bytes-fuzzy	0x2CDE14	
0x4289A4	nn::pia::common::Job::Resume(bool)	fefates:bytes	0x2CDE84	
0x428A14	nn::pia::common::Job::Execute(bool)	fefates:bytes-fuzzy	0x135EC4	
0x428B74	nn::pia::common::Job::Job()	fefates:bytes	0x2CDEF4	
0x428BAC	nn::pia::common::Log::Log()	fefates:bytes	0x2CDF24	
0x428BE0	nn::pia::common::Hmac::Initialize(nn::pia::common::HashContextBase*,const void*,unsigned int)	fefates:bytes	0x136024	
0x428CD4	nn::pia::common::Hmac::Calc(void*,const void*,unsigned int)	fefates:bytes	0x2CDF58	
0x428DB8	nn::pia::common::Hmac::Hmac()	fefates:callgraph	0x2CE03C	
0x428DC4	nn::pia::common::Time::SetNow()	fefates:bytes	0x13B3BC	
0x428DD8	nn::pia::common::Trace::DestroyInstance()	fefates:callgraph	0x121E88	
0x428E00	nn::pia::common::Crypto::GetBlockSize(nn::pia::common::Crypto::Mode)	fefates:callgraph	0x2CE048	
0x428E10	nn::pia::common::Crypto::Decrypt(void*,const void*,unsigned int,const nn::pia::common::Crypto::Setting&)	fefates:callgraph	0x2CE058	
0x428F08	nn::pia::common::Crypto::Encrypt(void*,const void*,unsigned int,const nn::pia::common::Crypto::Setting&)	fefates:callgraph	0x2CE150	
0x429000	nn::pia::common::Packet::AssignPayload(unsigned int)	fefates:bytes	0x2CE248	
0x42902C	nn::pia::common::Packet::Reset()	fefates:bytes	0x2CE274	
0x429098	nn::pia::common::Packet::Decrypt(const nn::pia::common::Crypto::Setting&)	fefates:bytes	0x2CE2E0	
0x42919C	nn::pia::common::Packet::Encrypt(const nn::pia::common::Crypto::Setting&)	fefates:bytes	0x2CE3E4	
0x4292D0	nn::pia::common::Packet::Packet()	fefates:bytes	0x2CE518	
0x429358	nn::pia::common::Packet::~Packet()	fefates:bytes	0x141D18	
0x429388	nn::pia::common::String::Format(const char*,...)	fefates:bytes	0x2CE5A0	
0x4293C0	nn::pia::common::String::String(const char*)	fefates:bytes	0x2CE5D8	
0x4293F0	nn::pia::common::ChunkOld::SetDataSizeLimit(unsigned int)	fefates:bytes	0x13B3D0	
0x429490	nn::pia::common::Finalize()	fefates:bytes	0x117A84	
0x42955C	nn::pia::common::ListBase::PopBackNode()	fefates:bytes	0x136118	
0x42959C	nn::pia::common::ListBase::PopFrontNode()	fefates:bytes	0x136158	
0x4295DC	nn::pia::common::Scheduler::EntryJobNext(nn::pia::common::Job*)	fefates:bytes	0x13B410	
0x4295F0	nn::pia::common::ListBase::InsertAfterNode(nn::pia::common::ListNode*,nn::pia::common::ListNode*)	fefates:bytes	0x13B424	
0x4296B4	nn::pia::common::ListBase::InsertBeforeNode(nn::pia::common::ListNode*,nn::pia::common::ListNode*)	fefates:bytes	0x13F05C	
0x4296DC	nn::pia::inet::NatDetecter::Retry()	fefates:bytes	0x13B44C	
0x429740	nn::pia::common::ListBase::Init()	fefates:bytes	0x13B4B0	
0x429758	nn::pia::common::ListBase::EraseNode(nn::pia::common::ListNode*)	fefates:bytes	0x136198	
0x429784	nn::pia::common::TimeSpan::GetTicksPerSec()	fefates:bytes	0x2CE660	
0x429824	nn::pia::common::TimeSpan::GetTicksPerMSec()	fefates:bytes	0x13B4C8	
0x429870	nn::pia::common::ByteOrder::Swap64(unsigned long long)	fefates:bytes	0x2CE700	
0x429A94	nn::pia::common::PacketOld::SetSignatureSize(unsigned int)	fefates:bytes	0x13B514	
0x429AB8	nn::pia::common::PacketOld::IsValidSignatureSize(unsigned int)	fefates:bytes	0x13B538	
0x429AD4	nn::pia::common::PacketOld::SetDefaultPayloadSize(unsigned int)	fefates:bytes	0x13B554	
0x429B2C	nn::pia::common::Scheduler::CreateInstance(int)	fefates:bytes	0x2CE760	
0x429C44	nn::pia::common::Scheduler::DestroyInstance()	fefates:bytes	0x121EB0	
0x429C9C	nn::pia::common::Scheduler::SetMonitoringData()	fefates:callseq-callee	0x2CE878	
0x429CB0	nn::pia::common::Scheduler::Dispatch(unsigned int)	fefates:bytes	0x12CEA8	
0x429F04	nn::pia::common::Scheduler::EntryJob(nn::pia::common::Job*,bool)	fefates:bytes-fuzzy	0x13EFB8	
0x429FA8	nn::pia::common::Scheduler::ResetJob(nn::pia::common::Job*)	fefates:bytes	0x2CE88C	
0x42A048	nn::pia::common::Watermark::Update(long long)	fefates:bytes	0x2CE92C	
0x42A0B4	nn::pia::session::BeginSetup()	fefates:bytes	0x2CE994	
0x42A100	nn::pia::session::Initialize()	fefates:bytes	0x2CE9E0	
0x42A19C	nn::pia::session::JoinMeshJob::StartupImpl()	fefates:bytes-fuzzy	0x2CEA7C	
0x42A7AC	nn::pia::session::JoinMeshJob::WaitJoinResponse()	fefates:bytes	0x2CEF44	
0x42B884	nn::pia::session::JoinMeshJob::CheckContextCallCanncelled()	fefates:bytes-fuzzy	0x2D003C	
0x42BA6C	nn::pia::session::JoinMeshJob::UpdateLocalAndHostInformation(nn::pia::StationIndex,nn::pia::StationIndex)	fefates:callseq	0x2D0088	
0x42BB60	nn::pia::session::JoinMeshJob::CheckTransportConnectionStatus()	fefates:callgraph	0x2D017C	
0x42BC60	nn::pia::session::JoinMeshJob::CheckConnectionStateWithHostStation()	fefates:callgraph	0x2D0214	
0x42BD24	nn::pia::session::JoinMeshJob::Cleanup(nn::Result)	fefates:callseq-callee	0x12D100	
0x42BE9C	nn::pia::session::JoinMeshJob::Startup(const nn::pia::transport::StationConnectionInfo&,nn::pia::common::CallContext*)	fefates:callseq	0x2D02C4	
0x42C4C0	nn::pia::session::LeaveMeshJob::SendLeaveRequest()	fefates:bytes	0x2D0860	
0x42C544	nn::pia::session::LeaveMeshJob::WaitLeaveResponse()	fefates:bytes	0x2D08E4	
0x42C660	nn::pia::session::LeaveMeshJob::WaitLeavingProcess()	fefates:bytes	0x2D0A00	
0x42C744	nn::pia::session::LeaveMeshJob::RegisterExtraCallback(nn::pia::common::CallContext*)	fefates:bytes	0x2D0AE4	
0x42C76C	nn::pia::session::LeaveMeshJob::StartDisconnectStations()	fefates:bytes	0x2D0B0C	
0x42C8EC	nn::pia::session::LeaveMeshJob::Cleanup()	fefates:bytes	0x12D254	
0x42CAA8	nn::pia::session::LeaveMeshJob::LeaveMeshJob()	fefates:bytes	0x2D0E00	
0x42CE28	nn::pia::session::MeshProtocol::ParseHelper(const nn::pia::transport::ReceivedMessageAccessor&)	fefates:bytes-fuzzy	0x2D10B4	
0x42D7C4	nn::pia::session::MeshProtocol::SendGreeting(nn::pia::StationIndex)	fefates:bytes-fuzzy	0x2D1A50	
0x42DDB8	nn::pia::session::MeshProtocol::SendDestroyMesh(nn::pia::StationIndex)	fefates:bytes-fuzzy	0x2D1F80	
0x42DEFC	nn::pia::session::MeshProtocol::ParseJoinRequest(const nn::pia::transport::ReceivedMessageAccessor&)	fefates:bytes	0x2D20C4	
0x42E0E8	nn::pia::session::MeshProtocol::SendLeaveRequest()	fefates:callgraph	0x2D22B0	
0x42E330	nn::pia::session::MeshProtocol::SendKickoutNotice(nn::pia::StationIndex,unsigned char)	fefates:callgraph	0x2D24F4	
0x42E3EC	nn::pia::session::MeshProtocol::SendLeaveResponse(nn::pia::transport::Station*)	fefates:bytes-fuzzy	0x2D25B0	
0x42E648	nn::pia::session::MeshProtocol::MakeJoinRequestData(unsigned char*)	fefates:bytes	0x2D2708	
0x42E7FC	nn::pia::session::MeshProtocol::SendMigrationFinish(bool)	fefates:bytes-fuzzy	0x2D28BC	
0x42E8F8	nn::pia::session::MeshProtocol::UpdateProtocolEvent(const nn::pia::transport::ProtocolEvent&)	fefates:callseq	0x2D29B8	
0x42E9C8	nn::pia::session::MeshProtocol::MakeJoinResponseData(nn::pia::StationIndex,unsigned char**,unsigned int*)	fefates:callseq	0x2D2A88	
0x42ED90	nn::pia::session::MeshProtocol::SendConnectionReport(nn::pia::StationIndex,unsigned int,unsigned int,unsigned int*)	fefates:bytes-fuzzy	0x2D2E44	
0x42F518	nn::pia::session::MeshProtocol::SendRelayRouteDirections()	fefates:bytes-fuzzy	0x2D3438	
0x42F68C	nn::pia::session::MeshProtocol::SendConnectionFailureNotice(nn::pia::StationIndex,nn::pia::StationIndex,nn::pia::StationIndex,unsigned char,unsigned int)	fefates:bytes-fuzzy	0x2D35AC	
0x42F89C	nn::pia::session::MeshProtocol::SendMultiMigrationRankDecision(nn::pia::StationIndex,long long,unsigned int*)	fefates:bytes-fuzzy	0x2D37FC	
0x42FB10	nn::pia::session::MeshProtocol::Startup()	fefates:callseq-callee	0x2D3A70	
0x430918	nn::pia::session::MeshProtocol::MeshProtocol()	fefates:callseq	0x2D46DC	
0x430A38	nn::pia::session::CreateMeshJob::StartupImpl()	fefates:bytes	0x2D47F4	
0x430EEC	nn::pia::session::CreateMeshJob::SetupSystemProtocols()	fefates:bytes	0x2D4C9C	
0x430FE4	nn::pia::session::CreateMeshJob::Cleanup()	fefates:bytes	0x12D2B8	
0x43102C	nn::pia::session::CreateMeshJob::Startup(nn::pia::common::CallContext*)	fefates:callseq-callee	0x2D4D90	
0x431098	nn::pia::session::CreateMeshJob::CreateMeshJob()	fefates:callgraph	0x2D4DE4	
0x4312D4	nn::pia::session::DestroyMeshJob::AssociateSystemWith(nn::pia::common::CallContext*)	fefates:bytes	0x2D501C	
0x431318	nn::pia::session::DestroyMeshJob::WaitDestroyResponse()	fefates:bytes	0x2D5060	
0x4313D4	nn::pia::session::DestroyMeshJob::ReceiveDestroyResponse(nn::pia::StationIndex)	fefates:bytes	0x2D511C	
0x4313EC	nn::pia::session::DestroyMeshJob::Cleanup()	fefates:bytes	0x12D300	
0x431444	nn::pia::session::DestroyMeshJob::Startup(nn::pia::common::CallContext*,bool)	fefates:bytes-fuzzy	0x2D5134	
0x431540	nn::pia::session::DestroyMeshJob::DestroyMeshJob()	fefates:bytes	0x2D5230	
0x4382C4	nn::pia::session::KickoutManageJob::StartKickout(nn::pia::StationIndex,nn::pia::session::KickoutManageJob::KickoutReason)	fefates:bytes	0x2D528C	
0x438610	nn::pia::session::KickoutManageJob::ClientWaitLeaveMesh()	fefates:bytes	0x2D5560	
0x438690	nn::pia::session::KickoutManageJob::AssociateKickoutWith(nn::pia::common::CallContext*)	fefates:bytes	0x2D55E0	
0x4387F0	nn::pia::session::KickoutManageJob::SetLeaveEventStationIndex(nn::pia::StationIndex)	fefates:callseq-callee	0x12D358	
0x43898C	nn::pia::session::KickoutManageJob::~KickoutManageJob()	fefates:bytes	0x2D57DC	
0x439028	nn::pia::session::SyncClockProtocol::processByClient(const nn::pia::transport::ProtocolMessageReader*)	fefates:bytes	0x2D5800	
0x43949C	nn::pia::session::SyncClockProtocol::Cleanup()	fefates:bytes	0x2D5E20	
0x4395DC	nn::pia::session::SyncClockProtocol::Dispatch()	fefates:callseq	0x2D6118	
0x43976C	nn::pia::session::SyncClockProtocol::response(nn::pia::StationIndex,unsigned long long)	fefates:callseq	0x2D6370	
0x439854	nn::pia::session::SyncClockProtocol::SyncClockProtocol()	fefates:bytes	0x2D651C	
0x4398A4	nn::pia::session::SyncClockProtocol::~SyncClockProtocol()	fefates:bytes	0x2D656C	
0x43A094	nn::pia::session::RelayRouteManageJob::UpdateConnectionReport(nn::pia::StationIndex,const unsigned char*,unsigned int)	fefates:bytes	0x2D6590	
0x43A2E4	nn::pia::session::RelayRouteManageJob::PrepareForBecomingNewHost()	fefates:bytes	0x2D67E0	
0x43A5B0	nn::pia::session::RelayRouteManageJob::Cleanup()	fefates:bytes	0x12D428	
0x43A5EC	nn::pia::session::RelayRouteManageJob::Startup(nn::pia::StationIndex,unsigned int,unsigned int)	fefates:bytes	0x2D6AAC	
0x43A6C4	nn::pia::session::RelayRouteManageJob::RelayRouteManageJob()	fefates:bytes	0x2D6B84	
0x43A860	nn::pia::session::RelayRouteManageJob::~RelayRouteManageJob()	fefates:bytes	0x2D6D20	
0x43B8E0	nn::pia::session::ProcessUpdateMeshJob::CalcTimeLimit(bool)	fefates:bytes-fuzzy	0x2D7844	
0x43BAA8	nn::pia::session::ProcessUpdateMeshJob::ClearStationIndex(nn::pia::StationIndex)	fefates:bytes	0x2D7988	
0x43BACC	nn::pia::session::ProcessUpdateMeshJob::SetMonitoringData()	fefates:callseq-callee	0x2D79AC	
0x43BF90	nn::pia::session::ProcessUpdateMeshJob::SetStationDataList(const unsigned char*,unsigned int)	fefates:bytes	0x2D7E70	
0x43C2F8	nn::pia::session::ProcessUpdateMeshJob::UpdateDataTakeover(unsigned int)	fefates:bytes	0x2D81D8	
0x43D490	nn::pia::session::ProcessUpdateMeshJob::UpdateStationDataList(const unsigned char*,unsigned int)	fefates:bytes-fuzzy	0x2D935C	
0x43D9CC	nn::pia::session::ProcessUpdateMeshJob::SetConnectionFailureNotice(nn::pia::StationIndex,unsigned char)	fefates:bytes	0x2D97E8	
0x43DBB0	nn::pia::session::ProcessUpdateMeshJob::Cleanup()	fefates:callseq-callee	0x12D464	
0x43DC68	nn::pia::session::ProcessUpdateMeshJob::Startup(const unsigned char*,unsigned int,bool)	fefates:bytes-fuzzy	0x2D999C	
0x43F630	nn::pia::session::ProcessDestroyMeshJob::Startup()	fefates:bytes-fuzzy	0x2DA134	
0x43F7FC	nn::pia::session::ProcessDestroyMeshJob::ProcessDestroyMeshJob()	fefates:bytes	0x2DA300	
0x43F848	nn::pia::session::ProcessJoinRequestJob::InitialStep()	fefates:bytes	0x2DA348	
0x43F96C	nn::pia::session::ProcessJoinRequestJob::WaitResponseAck()	fefates:bytes	0x2DA46C	
0x440320	nn::pia::session::ProcessJoinRequestJob::CancellationNotice(nn::pia::StationIndex)	fefates:bytes	0x2DAEC4	
0x440334	nn::pia::session::ProcessJoinRequestJob::SendDenyingJoinResponse()	fefates:bytes	0x2DAED8	
0x440408	nn::pia::session::ProcessJoinRequestJob::Cleanup()	fefates:bytes	0x12D50C	
0x440488	nn::pia::session::ProcessJoinRequestJob::Startup()	fefates:bytes	0x2DAFAC	
0x440520	nn::pia::session::ProcessJoinRequestJob::ProcessJoinRequestJob()	fefates:bytes-fuzzy	0x2DB044	
0x440644	nn::pia::session::ProcessJoinRequestJob::~ProcessJoinRequestJob()	fefates:bytes	0x2DB168	
0x441034	nn::pia::session::ProcessHostMigrationJob::StartupMulti(bool,const unsigned char*,unsigned int,unsigned int)	fefates:callseq	0x2DB1E0	
0x4413C0	nn::pia::session::ProcessHostMigrationJob::DisconnectStation(nn::pia::StationIndex)	fefates:callseq	0x2DB554	
0x441438	nn::pia::session::ProcessHostMigrationJob::SetMonitoringData()	fefates:callseq-callee	0x2DB5C8	
0x442034	nn::pia::session::ProcessHostMigrationJob::WaitUpdateSessionHost()	fefates:bytes	0x2DC158	
0x4420E4	nn::pia::session::ProcessHostMigrationJob::DecideNextHostCommonProc()	fefates:callgraph	0x2DC208	
0x4421DC	nn::pia::session::ProcessHostMigrationJob::MakeHostCandidateRanking(nn::pia::StationIndex,unsigned char*,unsigned int*,unsigned int*,bool)	fefates:bytes-fuzzy	0x2DC300	
0x4426C8	nn::pia::session::ProcessHostMigrationJob::PrepareForBecomingHostCommonProc()	fefates:bytes-fuzzy	0x2DC7E4	
0x44281C	nn::pia::session::ProcessHostMigrationJob::Cleanup()	fefates:bytes	0x12D58C	
0x442848	nn::pia::session::ProcessHostMigrationJob::Startup(bool,nn::pia::StationIndex)	fefates:callseq	0x2DC938	
0x442DF4	nn::pia::session::LeaveWithHostMigrationJob::CleanupStatus()	fefates:bytes	0x2DCBE4	
0x442EE8	nn::pia::session::LeaveWithHostMigrationJob::ReceiveMigrationResponse(nn::pia::StationIndex)	fefates:bytes	0x2DCC10	
0x443420	nn::pia::session::LeaveWithHostMigrationJob::Cleanup()	fefates:bytes	0x12D5B8	
0x443570	nn::pia::session::LeaveWithHostMigrationJob::LeaveWithHostMigrationJob()	fefates:bytes	0x2DCC28	
0x447BCC	nn::pia::session::Mesh::CreateMesh(nn::pia::common::CallContext*)	fefates:callseq	0x2DCC94	
0x4480D8	nn::pia::session::Mesh::CleanupJobs()	fefates:bytes-fuzzy	0x121F08	
0x448280	nn::pia::session::Mesh::DestroyMesh(nn::pia::common::CallContext*)	fefates:callseq	0x2DD1F8	
0x4483F4	nn::pia::session::Mesh::joinMeshCore(const nn::pia::transport::StationConnectionInfo&,nn::pia::common::CallContext*)	fefates:callseq	0x2DD378	
0x4485A4	nn::pia::session::Mesh::CleanupStatus()	fefates:callseq	0x1220B0	
0x448AB4	nn::pia::session::Mesh::FixConnectedId(nn::pia::StationIndex)	fefates:bytes-fuzzy	0x2DD82C	
0x448B88	nn::pia::session::Mesh::LeaveMeshAsync()	fefates:callseq	0x2DD9B8	
0x448BE0	nn::pia::session::Mesh::SetupProtocols()	fefates:callgraph	0x2DDA10	
0x448C00	nn::pia::session::Mesh::CreateMeshAsync()	fefates:callseq	0x2DDA44	
0x448C58	nn::pia::session::Mesh::DestroyInstance()	fefates:callgraph	0x122350	
0x448CD8	nn::pia::session::Mesh::NoticeMeshEvent(nn::pia::session::Mesh::EventType,nn::pia::StationIndex)	fefates:bytes-fuzzy	0x12D600	
0x448DF0	nn::pia::session::Mesh::DestroyMeshAsync()	fefates:callseq	0x2DDA9C	
0x448E48	nn::pia::session::Mesh::CheckApprovalJoin(nn::pia::transport::Station*)	fefates:callseq	0x2DDAF4	
0x448FEC	nn::pia::session::Mesh::MonitoringProcess(nn::pia::session::Mesh::DisconnectReason,unsigned char)	fefates:callseq	0x2DDC84	
0x4491D8	nn::pia::session::Mesh::CleanupStationsJobs()	fefates:bytes	0x2DDE2C	
0x44929C	nn::pia::session::Mesh::UnfixDisconnectedId(nn::pia::StationIndex)	fefates:bytes-fuzzy	0x2DDEDC	
0x4494E8	nn::pia::session::Mesh::NotifyLeaveStationAddress(const nn::pia::common::StationAddress&)	fefates:bytes	0x2DE08C	
0x449534	nn::pia::session::Mesh::SetHostMigrationStartFlag(bool)	fefates:callgraph	0x2DE0E0	
0x449860	nn::pia::session::Mesh::Cleanup()	fefates:callgraph	0x117B5C	
0x4498B0	nn::pia::session::Mesh::Startup(unsigned int,unsigned int,bool,const nn::pia::transport::Station::PlayerName*,const nn::pia::common::CryptoSetting*,const nn::pia::common::SignatureSetting&,const nn::pia::transport::Station::IdentificationToken*)	fefates:callseq	0x2DE0E8	
0x449C04	nn::pia::session::Mesh::StartUse(nn::pia::StationIndex)	fefates:bytes-fuzzy	0x2DE438	
0x449C5C	nn::pia::session::Mesh::LeaveMesh(nn::pia::common::CallContext*)	fefates:callseq	0x2DE490	
0x44D250	nn::pia::session::Finalize()	fefates:bytes	0x117BAC	
0x44D2D0	nn::pia::session::SyncClock::SetBaseTime(const nn::pia::common::Time&)	fefates:bytes	0x2DE92C	
0x44D2EC	nn::pia::session::SyncClock::ClearBaseTime()	fefates:bytes	0x12D718	
0x44D304	nn::pia::session::SyncClock::SyncClock()	fefates:bytes	0x2DE948	
0x44D32C	nn::pia::transport::BeginSetup()	fefates:bytes	0x2DE960	
0x44D378	nn::pia::transport::Initialize()	fefates:bytes	0x2DE9AC	
0x44D5C0	nn::pia::transport::RttProtocol::send(nn::pia::StationIndex,const nn::pia::transport::RttProtocol::Data&)	fefates:callseq	0x2DEE14	
0x44D6D0	nn::pia::transport::RttProtocol::Cleanup()	fefates:bytes	0x2DF00C	
0x44D778	nn::pia::transport::RttProtocol::Dispatch()	fefates:callseq	0x2DF2F8	
0x44DA2C	nn::pia::transport::RttProtocol::Finalize()	fefates:bytes	0x13B594	
0x44DA6C	nn::pia::transport::RttProtocol::RttProtocol()	fefates:bytes	0x2DF6B4	
0x44DAAC	nn::pia::transport::PacketStream::Initialize(unsigned int,unsigned int)	fefates:bytes	0x2DF6F0	
0x44DB78	nn::pia::transport::PacketStream::Reader::PullAll()	fefates:bytes	0x2DF7BC	
0x44DBA8	nn::pia::transport::PacketStream::Reader::PullOne()	fefates:bytes	0x2DF7EC	
0x44DC18	nn::pia::transport::PacketStream::Reader::Release()	fefates:callgraph	0x2DF85C	
0x44DC2C	nn::pia::transport::PacketStream::Writer::Push()	fefates:callgraph	0x2DF870	
0x44DC40	nn::pia::transport::PacketStream::Writer::Assign()	fefates:bytes	0x2DF884	
0x44DD14	nn::pia::transport::PacketStream::Cleanup()	fefates:bytes	0x13B5D4	
0x44DD38	nn::pia::transport::PacketStream::Startup()	fefates:bytes	0x2DF958	
0x44DD70	nn::pia::transport::PacketStream::Accessor::Get(int)	fefates:bytes	0x2DF990	
0x44DDAC	nn::pia::transport::PacketStream::Finalize()	fefates:bytes	0x140E9C	
0x44DE40	nn::pia::transport::PacketStream::PacketStream()	fefates:bytes	0x2DF9CC	
0x44DE74	nn::pia::transport::IsInSetupMode()	fefates:callgraph	0x2DFA00	
0x44DE84	nn::pia::transport::IsInitialized()	fefates:callgraph	0x2DFA10	
0x44DE9C	nn::pia::transport::StationPacketHandler::Cleanup()	fefates:callgraph	0x136210	
0x44DED0	nn::pia::transport::PacketHandler::CleanupCore()	fefates:bytes	0x136244	
0x44DF50	nn::pia::transport::PacketHandler::GetIterator(const nn::pia::transport::ProtocolId&)	fefates:bytes	0x2DFA28	
0x44DF88	nn::pia::transport::PacketHandler::GetIterator(unsigned short)	fefates:bytes	0x2DFA60	
0x44DFD8	nn::pia::transport::PacketHandler::StartupCore(nn::pia::transport::PacketStream::Writer*,nn::pia::transport::PacketStream::Reader*,unsigned int,const nn::pia::common::CryptoSetting*)	fefates:callgraph	0x2DFAB0	
0x44E16C	nn::pia::transport::PacketHandler::AssignPacket(nn::pia::StationIndex,unsigned int,const nn::pia::common::StationAddress&,bool)	fefates:bytes	0x2DFC3C	
0x44E1E8	nn::pia::transport::StationPacketHandler::Finalize()	fefates:callgraph	0x13B5F8	
0x44E21C	nn::pia::transport::PacketHandler::FinalizeCore()	fefates:bytes	0x13B62C	
0x44E2B0	nn::pia::transport::PacketHandler::NextIteration()	fefates:bytes-fuzzy	0x2DFCBC	
0x44E4E4	nn::pia::transport::PacketHandler::BeginIteration()	fefates:bytes	0x2DFEF0	
0x44E518	nn::pia::transport::PacketHandler::InitializeCore(unsigned int,bool,unsigned int)	fefates:bytes	0x2DFF24	
0x44E60C	nn::pia::transport::StationPacketHandler::EndDispatch(const nn::pia::common::Time&)	fefates:bytes	0x2E0018	
0x44E6A0	nn::pia::transport::PacketHandler::EndDispatchCore()	fefates:bytes	0x2E00AC	
0x44E814	nn::pia::transport::PacketHandler::BeginDispatchCore()	fefates:bytes	0x2E0220	
0x44EAC4	nn::pia::transport::PacketHandler::AssignPacketPayload(nn::pia::common::Packet*,unsigned int)	fefates:bytes	0x2E04C8	
0x44EAF4	nn::pia::transport::PacketHandler::ReserveMessageWriter()	fefates:bytes	0x2E04F8	
0x44EB14	nn::pia::transport::PacketHandler::AssignByStationAddress(const nn::pia::transport::ProtocolId&,const nn::pia::common::StationAddress&,unsigned int,bool)	fefates:bytes	0x2E0510	
0x44ECAC	nn::pia::transport::PacketHandler::ClearPacketAnalysisData()	fefates:bytes	0x2E06A8	
0x44ECE8	nn::pia::transport::PacketHandler::Commit()	fefates:bytes	0x2E06E4	
0x44ED18	nn::pia::transport::PacketHandler::PacketHandler()	fefates:bytes	0x2E0714	
0x44ED64	nn::pia::transport::PacketHandler::~PacketHandler()	fefates:bytes	0x2E0760	
0x44ED8C	nn::pia::transport::PacketHandler::~PacketHandler()	fefates:bytes	0x2E0788	
0x44EDC0	nn::pia::transport::RttCalculator::Update(int)	fefates:bytes	0x2E07BC	
0x44EDFC	nn::pia::transport::RttCalculator::Cleanup()	fefates:bytes	0x2E07F8	
0x44EE2C	nn::pia::transport::RttCalculator::Startup()	fefates:bytes	0x2E0828	
0x44EE54	nn::pia::transport::RttCalculator::RttCalculator()	fefates:bytes	0x2E0850	
0x44EE84	nn::pia::transport::Conv2StationId(nn::pia::StationIndex)	fefates:callgraph	0x2E087C	
0x44EF0C	nn::pia::transport::PacketAnalyzer::ClearPacketAnalysisData()	fefates:bytes	0x2E0904	
0x44EF30	nn::pia::transport::PacketAnalyzer::UpdatePacketAnalysisData(const nn::pia::common::Packet&,bool)	fefates:callgraph	0x2E0928	
0x44F100	nn::pia::transport::PacketAnalyzer::Cleanup()	fefates:bytes	0x13B6BC	
0x44F114	nn::pia::transport::PacketAnalyzer::Startup()	fefates:callseq	0x2E0B84	
0x44F1B0	nn::pia::transport::PacketAnalyzer::PacketAnalyzer(const char*,unsigned int)	fefates:bytes	0x2E0CAC	
0x44F228	nn::pia::transport::PacketAnalyzer::~PacketAnalyzer()	fefates:bytes	0x13F088	
0x44F510	nn::pia::transport::StationIdTable::Finalize()	fefates:bytes	0x1362C4	
0x44F5A8	nn::pia::transport::StationIdTable::StationIdTable()	fefates:bytes	0x2E0F60	
0x44F5F0	nn::pia::transport::StationIdTable::~StationIdTable()	fefates:bytes	0x12D730	
0x44F690	nn::pia::transport::StationManager::GetStation(nn::pia::StationIndex)	fefates:callgraph	0x13635C	
0x44F6E4	nn::pia::transport::StationManager::GetStation(nn::pia::StationId)	fefates:bytes	0x2E0FA8	
0x44F754	nn::pia::transport::StationManager::GetStation(const nn::pia::common::StationAddress&)	fefates:bytes	0x2E1018	
0x44F7BC	nn::pia::transport::StationManager::Initialize(nn::pia::transport::NetworkFactory*,unsigned int)	fefates:bytes	0x2E1080	
0x44F980	nn::pia::transport::StationManager::CreateStation()	fefates:bytes	0x2E1244	
0x44FA24	nn::pia::transport::StationManager::CreateInstance()	fefates:callgraph	0x2E12E8	
0x44FA88	nn::pia::transport::StationManager::DestroyStation(nn::pia::transport::Station*)	fefates:bytes	0x12D7D0	
0x44FBD4	nn::pia::transport::StationManager::DestroyInstance()	fefates:bytes	0x12D91C	
0x44FC28	nn::pia::transport::StationManager::CreateLocalStation()	fefates:bytes	0x2E146C	
0x44FCE4	nn::pia::transport::StationManager::Finalize()	fefates:bytes	0x1363B0	
0x44FDAC	nn::pia::transport::StationManager::StationManager()	fefates:bytes	0x2E1528	
0x44FE84	nn::pia::transport::AnalysisPrinter::Write(const char*,...)	fefates:bytes	0x2E1600	
0x44FEC0	nn::pia::transport::AttendanceTable::Initialize()	fefates:bytes	0x2E163C	
0x44FEF0	nn::pia::transport::AttendanceTable::CreateInstance()	fefates:bytes	0x2E166C	
0x44FF6C	nn::pia::transport::AttendanceTable::DestroyInstance()	fefates:callgraph	0x12D970	
0x44FF94	nn::pia::transport::AttendanceTable::Update(bool,nn::pia::StationIndex)	fefates:bytes	0x12D998	
0x44FFF0	nn::pia::transport::AttendanceTable::Cleanup()	fefates:callgraph	0x12D9F4	
0x44FFFC	nn::pia::transport::AttendanceTable::Startup()	fefates:bytes	0x2E16E8	
0x45003C	nn::pia::transport::AttendanceTable::Finalize()	fefates:callgraph	0x136478	
0x450054	nn::pia::transport::KeepAliveSender::SetInterval(int)	fefates:bytes	0x2E1734	
0x45006C	nn::pia::transport::KeepAliveSender::Update(unsigned int,const nn::pia::common::Time&)	fefates:bytes	0x2E174C	
0x450160	nn::pia::transport::KeepAliveSender::KeepAliveSender()	fefates:bytes	0x2E1840	
0x450174	nn::pia::transport::LatencyEmulator::readDispatch()	fefates:callgraph	0x2E1854	
0x4502AC	nn::pia::transport::LatencyEmulator::writeDispatch()	fefates:bytes	0x2E19E4	
0x4504FC	nn::pia::transport::LatencyEmulator::init(unsigned int)	fefates:bytes	0x2E1CF4	
0x4505C0	nn::pia::transport::LatencyEmulator::Clear()	fefates:callgraph	0x13B6D0	
0x4505D0	nn::pia::transport::LatencyEmulator::Write(const nn::pia::common::Packet&)	fefates:callgraph	0x2E1DB8	
0x450708	nn::pia::transport::LatencyEmulator::Dispatch()	fefates:bytes	0x2E1F38	
0x45075C	nn::pia::transport::LatencyEmulator::LatencyEmulator(unsigned int)	fefates:bytes	0x2E1F8C	
0x4507C8	nn::pia::transport::LatencyEmulator::~LatencyEmulator()	fefates:bytes	0x140F30	
0x450858	nn::pia::transport::ProtocolManager::AllocProtocol(unsigned int)	fefates:bytes	0x2E2008	
0x4508A4	nn::pia::transport::ProtocolManager::SearchProtocol(nn::pia::transport::ProtocolId,unsigned short)	fefates:bytes	0x12DA00	
0x450904	nn::pia::transport::ProtocolManager::DestroyProtocol(unsigned int)	fefates:bytes	0x136484	
0x4509BC	nn::pia::transport::ProtocolManager::CleanupProtocols()	fefates:bytes	0x12DA60	
0x450A14	nn::pia::transport::ProtocolManager::StartupProtocols(nn::pia::StationIndex)	fefates:bytes	0x2E2054	
0x450AEC	nn::pia::transport::ProtocolManager::CreateProtocolImpl(nn::pia::transport::Protocol*,nn::pia::transport::ProtocolId)	fefates:callgraph	0x2E212C	
0x450E4C	nn::pia::transport::ProtocolManager::UpdateProtocolEvent(const nn::pia::transport::ProtocolEvent&)	fefates:bytes	0x12DAB8	
0x450ED8	nn::pia::transport::ProtocolManager::Cleanup()	fefates:bytes	0x12DB44	
0x450F30	nn::pia::transport::ProtocolManager::Startup(nn::pia::transport::PacketHandler*)	fefates:bytes	0x2E2464	
0x450FBC	nn::pia::transport::ProtocolManager::Dispatch()	fefates:bytes	0x2E24F0	
0x451034	nn::pia::transport::ProtocolManager::Finalize()	fefates:bytes	0x13653C	
0x451090	nn::pia::transport::ProtocolManager::ProtocolManager()	fefates:bytes	0x2E2568	
0x4510CC	nn::pia::transport::ProtocolManager::~ProtocolManager()	fefates:bytes	0x12DB9C	
0x451138	nn::pia::transport::StationLocation::Deserialize(const unsigned char*)	fefates:bytes	0x2E25A4	
0x45125C	nn::pia::transport::StationLocation::SetStationLocation(const nn::pia::transport::StationLocation&)	fefates:bytes	0x2E26A0	
0x4512C8	nn::pia::transport::StationLocation::StationLocation(const nn::pia::transport::StationLocation&)	fefates:bytes	0x2E270C	
0x451344	nn::pia::transport::StationLocation::StationLocation()	fefates:bytes	0x2E2788	
0x4513B8	nn::pia::transport::StationLocation::~StationLocation()	fefates:bytes	0x2E27D0	
0x4513E0	nn::pia::transport::StationLocation::operator=(const nn::pia::transport::StationLocation&)	fefates:bytes	0x2E27F8	
0x451458	nn::pia::transport::StationProtocol::ParseHelper(const nn::pia::transport::ReceivedMessageAccessor&)	fefates:bytes-fuzzy	0x2E2870	
0x4515E4	nn::pia::transport::StationProtocol::SendDisconnectionRequest(nn::pia::StationIndex,bool)	fefates:bytes	0x2E29FC	
0x45164C	nn::pia::transport::StationProtocol::SendDisconnectionRequest(const nn::pia::common::StationAddress&)	fefates:bytes	0x2E2A64	
0x4516B0	nn::pia::transport::StationProtocol::ParseDisconnectionRequest(const nn::pia::transport::ReceivedMessageAccessor&)	fefates:bytes	0x2E2AC8	
0x45205C	nn::pia::transport::StationProtocol::ParseConnectionResponseCommon(const nn::pia::transport::ReceivedMessageAccessor&,bool)	fefates:callseq	0x2E33B4	
0x45229C	nn::pia::transport::StationProtocol::SendDenyingConnectionResponse(const nn::pia::common::StationAddress&,unsigned char)	fefates:bytes	0x2E35EC	
0x452330	nn::pia::transport::StationProtocol::SendAck(unsigned int,nn::pia::StationIndex)	fefates:bytes	0x2E3674	
0x4523B8	nn::pia::transport::StationProtocol::SendAck(unsigned int,const nn::pia::common::StationAddress&)	fefates:bytes	0x2E36FC	
0x452450	nn::pia::transport::StationProtocol::Dispatch()	fefates:bytes	0x2E3784	
0x45262C	nn::pia::transport::StationProtocol::StationProtocol()	fefates:bytes	0x2E3960	
0x452664	nn::pia::transport::ReliableProtocol::Initialize(unsigned int,unsigned int)	fefates:bytes	0x2E3994	
0x4527C0	nn::pia::transport::ReliableProtocol::ReceiveImpl(nn::pia::StationIndex*,void*,unsigned int*,unsigned int,bool)	fefates:bytes	0x2E3AF0	
0x452924	nn::pia::transport::ReliableProtocol::UpdateProtocolEvent(const nn::pia::transport::ProtocolEvent&)	fefates:bytes	0x2E3C54	
0x4529C0	nn::pia::transport::ReliableProtocol::Send(nn::pia::StationIndex,const void*,unsigned int)	fefates:callgraph	0x2E3CF0	
0x452BCC	nn::pia::transport::ReliableProtocol::Send(nn::pia::StationId,const void*,unsigned int)	fefates:bytes	0x2E3F04	
0x452C18	nn::pia::transport::ReliableProtocol::Cleanup()	fefates:bytes	0x2E3F50	
0x452C84	nn::pia::transport::ReliableProtocol::Receive(nn::pia::StationId*,void*,unsigned int*,unsigned int)	fefates:bytes	0x2E3FBC	
0x452CEC	nn::pia::transport::ReliableProtocol::Startup(nn::pia::StationIndex)	fefates:bytes-fuzzy	0x2E4024	
0x452D4C	nn::pia::transport::ReliableProtocol::Dispatch()	fefates:callseq	0x2E4084	
0x452F48	nn::pia::transport::ReliableProtocol::Finalize()	fefates:bytes	0x122448	
0x452FC4	nn::pia::transport::ReliableProtocol::ReliableProtocol()	fefates:bytes	0x2E430C	
0x453084	nn::pia::transport::ReliableProtocol::~ReliableProtocol()	fefates:bytes	0x2E43CC	
0x4531AC	nn::pia::transport::SendThreadStream::Initialize(nn::pia::common::IPacketOutput*,unsigned int,int,unsigned int,bool)	fefates:bytes	0x2E4464	
0x4532C0	nn::pia::transport::SendThreadStream::ProcessOne()	fefates:bytes	0x2E4578	
0x45343C	nn::pia::transport::SendThreadStream::SetMonitoringData()	fefates:callgraph	0x2E46F4	
0x453460	nn::pia::transport::SendThreadStream::Finalize()	fefates:callgraph	0x13B6E0	
0x453478	nn::pia::transport::SendThreadStream::SendThreadStream()	fefates:callgraph	0x2E4718	
0x4534A8	nn::pia::transport::ConnectStationJob::StartupImpl(nn::pia::common::CallContext*,nn::pia::transport::Station*,const nn::pia::transport::StationConnectionInfo&,bool)	fefates:bytes	0x2E4748	
0x453604	nn::pia::transport::ConnectStationJob::WaitRequestAck()	fefates:bytes	0x2E48A4	
0x453898	nn::pia::transport::ConnectStationJob::ConnectionFailed()	fefates:bytes	0x2E4B38	
0x4538FC	nn::pia::transport::ConnectStationJob::WaitForConnection()	fefates:bytes	0x2E4B9C	
0x453A50	nn::pia::transport::ConnectStationJob::ConnectionSucceeded()	fefates:bytes	0x2E4CF0	
0x453AF4	nn::pia::transport::ConnectStationJob::SendConnectionRequest()	fefates:bytes	0x2E4D94	
0x453CD0	nn::pia::transport::ConnectStationJob::StartupRelayConnection(nn::pia::common::CallContext*,nn::pia::transport::Station*,const nn::pia::transport::StationConnectionInfo&,bool,int)	fefates:bytes	0x2E4F70	
0x453D60	nn::pia::transport::ConnectStationJob::SendRelayConnectionRequest()	fefates:bytes	0x2E5000	
0x453F18	nn::pia::transport::ConnectStationJob::SendConnectionRequestMessage()	fefates:bytes	0x2E51B8	
0x454024	nn::pia::transport::ConnectStationJob::Cleanup()	fefates:bytes	0x136598	
0x4540D0	nn::pia::transport::ConnectStationJob::Startup(nn::pia::common::CallContext*,nn::pia::transport::Station*,const nn::pia::transport::StationConnectionInfo&,bool,int)	fefates:bytes	0x2E52C4	
0x4540F4	nn::pia::transport::ConnectStationJob::ConnectStationJob()	fefates:bytes	0x2E52E8	
0x45414C	nn::pia::transport::ConnectStationJob::~ConnectStationJob()	fefates:callgraph	0x2E5340	
0x454150	nn::pia::transport::Conv2StationIndex(nn::pia::StationId)	fefates:bytes	0x2E5344	
0x45419C	nn::pia::transport::KeepAliveReceiver::Update(unsigned int,const nn::pia::common::Time&)	fefates:bytes	0x2E5390	
0x454210	nn::pia::transport::KeepAliveReceiver::KeepAliveReceiver()	fefates:callgraph	0x2E5404	
0x45421C	nn::pia::transport::NetworkRttManager::GetAverage(const nn::pia::common::StationAddress&)	fefates:bytes	0x2E5410	
0x45435C	nn::pia::transport::NetworkRttManager::WriteToPacket(nn::pia::common::Packet*)	fefates:bytes	0x2E5550	
0x454490	nn::pia::transport::NetworkRttManager::CreateInstance()	fefates:bytes	0x2E5684	
0x454524	nn::pia::transport::NetworkRttManager::DestroyInstnce()	fefates:bytes	0x12DC08	
0x454550	nn::pia::transport::NetworkRttManager::InitializeImpl(unsigned int,unsigned int)	fefates:bytes	0x2E5718	
0x4546D4	nn::pia::transport::NetworkRttManager::ReadFromPacket(const nn::pia::common::Packet*)	fefates:bytes	0x2E589C	
0x454B2C	nn::pia::transport::NetworkRttManager::MeasurementData::UpdateTime(unsigned int)	fefates:bytes	0x2E5CF4	
0x454C20	nn::pia::transport::NetworkRttManager::Finalize()	fefates:bytes	0x136644	
0x454D3C	nn::pia::transport::NetworkRttManager::~NetworkRttManager()	fefates:bytes	0x136748	
0x454E64	nn::pia::transport::RelayRouteManager::Initialize(unsigned int,bool)	fefates:bytes	0x2E5E00	
0x455208	nn::pia::transport::RelayRouteManager::SwitchRelay(unsigned int,unsigned int,unsigned short,unsigned short)	fefates:bytes	0x2E61A4	
0x4553C8	nn::pia::transport::RelayRouteManager::CalcStationType(unsigned int,unsigned int*,unsigned int*)	fefates:bytes	0x2E63DC	
0x455510	nn::pia::transport::RelayRouteManager::ProcStayStation(unsigned int,unsigned int*)	fefates:bytes	0x2E6524	
0x45567C	nn::pia::transport::RelayRouteManager::UpdateRelayTable(unsigned int)	fefates:bytes	0x2E6690	
0x4557A0	nn::pia::transport::RelayRouteManager::ProcNewStationOne(unsigned int,unsigned int)	fefates:bytes	0x2E67B4	
0x455B24	nn::pia::transport::RelayRouteManager::ProcRefusedStation(unsigned int,unsigned int)	fefates:bytes	0x2E6B38	
0x455CCC	nn::pia::transport::RelayRouteManager::RelayRouteOptimization(unsigned int)	fefates:bytes	0x2E6CE0	
0x455DF4	nn::pia::transport::RelayRouteManager::SearchRefugeRelayRoute(nn::pia::StationIndex)	fefates:bytes	0x2E6E08	
0x455FB8	nn::pia::transport::RelayRouteManager::InitRelayRouteManagerData()	fefates:bytes	0x2E6FCC	
0x456060	nn::pia::transport::RelayRouteManager::UpdateDirectConnectionData(const unsigned char*,unsigned int,unsigned int,unsigned int*,nn::pia::StationIndex,unsigned char*)	fefates:callseq	0x2E7074	
0x4565F8	nn::pia::transport::RelayRouteManager::RelayRouteOptimizationRTTOne(unsigned int)	fefates:bytes	0x2E7678	
0x4568D0	nn::pia::transport::RelayRouteManager::DecideBrokenRouteRelayStation(unsigned int,unsigned int*)	fefates:bytes	0x2E7950	
0x456F3C	nn::pia::transport::RelayRouteManager::UpdateRttBetweenRelayNodeData(const unsigned char*,unsigned int)	fefates:bytes	0x2E7FBC	
0x4571E8	nn::pia::transport::RelayRouteManager::Finalize()	fefates:bytes	0x2E82FC	
0x457330	nn::pia::transport::RelayRouteManager::RelayRouteManager()	fefates:bytes	0x2E8444	
0x4573F0	nn::pia::transport::TransportAnalyzer::CreateInstance()	fefates:callgraph	0x2E85F4	
0x4574BC	nn::pia::transport::TransportAnalyzer::DestroyInstance()	fefates:bytes	0x12DC34	
0x457514	nn::pia::transport::TransportAnalyzer::SetMonitoringData()	fefates:callseq	0x2E8840	
0x457894	nn::pia::transport::TransportAnalyzer::Startup()	fefates:callgraph	0x2E8CAC	
0x457924	nn::pia::transport::TransportAnalyzer::Finalize()	fefates:bytes	0x136870	
0x457A9C	nn::pia::transport::ConnectionAnalyzer::Cleanup()	fefates:bytes	0x136898	
0x457AFC	nn::pia::transport::ConnectionAnalyzer::ConnectionAnalyzer()	fefates:bytes	0x2E9108	
0x457B54	nn::pia::transport::PacketAnalysisData::ClearCounters()	fefates:bytes	0x2E91EC	
0x457B94	nn::pia::transport::PacketAnalysisData::ClearExceptName()	fefates:bytes	0x2E922C	
0x457C1C	nn::pia::transport::ReceiveThreadStream::Initialize(nn::pia::common::IPacketInput*,unsigned int,int,unsigned int,bool)	fefates:bytes	0x2E9930	
0x457D38	nn::pia::transport::ReceiveThreadStream::ProcessOne()	fefates:callseq	0x2E9A4C	
0x457ED8	nn::pia::transport::ReceiveThreadStream::SetMonitoringData()	fefates:callgraph	0x2E9BF4	
0x457EFC	nn::pia::transport::ReceiveThreadStream::Finalize()	fefates:callgraph	0x13B6F8	
0x457F28	nn::pia::transport::ReceiveThreadStream::ReceiveThreadStream()	fefates:callgraph	0x2E9C2C	
0x457F54	nn::pia::transport::ReceiveThreadStream::~ReceiveThreadStream()	fefates:callgraph	0x13B710	
0x457F58	nn::pia::transport::ThreadStreamManager::CreateInstance(nn::pia::transport::NetworkFactory*,unsigned int,unsigned int,unsigned int,unsigned int,bool)	fefates:bytes	0x2E9C58	
0x4580A4	nn::pia::transport::ThreadStreamManager::DestroyInstance()	fefates:bytes	0x1368AC	
0x458164	nn::pia::transport::ThreadStreamManager::SetMonitoringData()	fefates:bytes	0x2E9DA4	
0x4581E0	nn::pia::transport::ThreadStreamManager::Cleanup()	fefates:bytes	0x12DD3C	
0x45821C	nn::pia::transport::ThreadStreamManager::Startup()	fefates:bytes	0x2E9DE0	
0x458274	nn::pia::transport::DisconnectStationJob::StartupImpl(nn::pia::transport::Station*)	fefates:bytes	0x2E9E38	
0x458420	nn::pia::transport::DisconnectStationJob::WaitForDisconnection()	fefates:bytes	0x2E9FE4	
0x458588	nn::pia::transport::DisconnectStationJob::DisconnectionSucceeded()	fefates:bytes	0x2EA14C	
0x458664	nn::pia::transport::DisconnectStationJob::SendDisconnectionRequest()	fefates:bytes	0x2EA228	
0x4587B8	nn::pia::transport::DisconnectStationJob::CutRouteOfRelayConnection()	fefates:bytes	0x2EA37C	
0x45885C	nn::pia::transport::DisconnectStationJob::Cleanup()	fefates:bytes	0x13696C	
0x458878	nn::pia::transport::DisconnectStationJob::Startup(nn::pia::transport::Station*)	fefates:callgraph	0x2EA420	
0x458884	nn::pia::transport::DisconnectStationJob::DisconnectStationJob()	fefates:bytes	0x2EA42C	
0x4588EC	nn::pia::transport::SequenceIdController::GetNextSendSequenceId()	fefates:bytes	0x2EA490	
0x458910	nn::pia::transport::SequenceIdController::CheckReceivedSequenceId(unsigned short)	fefates:bytes	0x2EA4B4	
0x458A1C	nn::pia::transport::SequenceIdController::Startup()	fefates:bytes	0x13B714	
0x458A60	nn::pia::transport::StationPacketHandler::Initialize(unsigned int,bool,unsigned int)	fefates:bytes	0x2EA5D0	
0x458A9C	nn::pia::transport::StationPacketHandler::AssignMulti(const nn::pia::transport::ProtocolId&,unsigned int,unsigned int,bool,nn::pia::StationIndex,unsigned int,bool)	fefates:bytes	0x2EA60C	
0x458CCC	nn::pia::transport::StationPacketHandler::CheckPacket(const nn::pia::common::Packet&)	fefates:callseq	0x2EA83C	
0x458D94	nn::pia::transport::StationPacketHandler::AssignPacket(nn::pia::StationIndex,unsigned int,const nn::pia::common::StationAddress&,bool)	fefates:bytes	0x2EA8D0	
0x458E3C	nn::pia::transport::StationPacketHandler::AssignSingle(const nn::pia::transport::ProtocolId&,nn::pia::StationIndex,unsigned int,bool)	fefates:bytes	0x2EA978	
0x458FE0	nn::pia::transport::StationPacketHandler::CheckMessage(const nn::pia::transport::ProtocolMessageReader&)	fefates:bytes	0x2EAB1C	
0x459050	nn::pia::transport::StationPacketHandler::CheckReceive(const nn::pia::transport::ProtocolMessageReader&)	fefates:bytes	0x2EAB8C	
0x4590CC	nn::pia::transport::StationPacketHandler::RelayMessage(const nn::pia::transport::ProtocolMessageReader&)	fefates:bytes	0x2EAC08	
0x459194	nn::pia::transport::StationPacketHandler::BeginDispatch(const nn::pia::common::Time&)	fefates:bytes	0x2EACD0	
0x4592CC	nn::pia::transport::StationPacketHandler::UpdateMyStation()	fefates:bytes	0x2EAE08	
0x459328	nn::pia::transport::StationPacketHandler::AssignAllMessage(unsigned int,unsigned int,unsigned int,bool)	fefates:bytes	0x2EAE64	
0x45946C	nn::pia::transport::StationPacketHandler::AssignHostMessage(unsigned int,unsigned int,bool)	fefates:bytes	0x2EAFA8	
0x45976C	nn::pia::transport::StationPacketHandler::AssignDirectMessage(unsigned int,unsigned int,unsigned int,bool)	fefates:bytes	0x2EB0F0	
0x459974	nn::pia::transport::StationPacketHandler::AssignByStationIndex(const nn::pia::transport::ProtocolId&,nn::pia::StationIndex,unsigned int,bool)	fefates:bytes	0x2EB2F8	
0x459A10	nn::pia::transport::StationPacketHandler::AssignByStationBitmap(const nn::pia::transport::ProtocolId&,unsigned int,unsigned int,bool)	fefates:bytes	0x2EB394	
0x459A7C	nn::pia::transport::StationPacketHandler::AssignRelayNodeMessage(unsigned int,unsigned int,unsigned int,bool)	fefates:bytes	0x2EB400	
0x459C48	nn::pia::transport::StationPacketHandler::AssignRelayStationMessage(nn::pia::StationIndex,unsigned int,unsigned int,unsigned int,bool)	fefates:bytes	0x2EB5CC	
0x459DD4	nn::pia::transport::StationPacketHandler::Startup(nn::pia::transport::PacketStream::Writer*,nn::pia::transport::PacketStream::Reader*,const nn::pia::transport::RelayRouteManager*,const nn::pia::common::StationAddress*,const nn::pia::common::CryptoSetting*)	fefates:bytes	0x2EB758	
0x459EA0	nn::pia::transport::StationPacketHandler::AssignAll(const nn::pia::transport::ProtocolId&,unsigned int,bool)	fefates:bytes	0x2EB824	
0x45A0FC	nn::pia::transport::StationPacketHandler::StationPacketHandler()	fefates:bytes	0x2EBA80	
0x45A12C	nn::pia::transport::StationPacketHandler::~StationPacketHandler()	fefates:bytes	0x2EBAB0	
0x45A1A8	nn::pia::transport::ProtocolMessageReader::Clear()	fefates:bytes	0x2EBAF0	
0x45A1CC	nn::pia::transport::ProtocolMessageReader::Attach(const nn::pia::common::Packet&,unsigned int)	fefates:bytes	0x2EBB14	
0x45A298	nn::pia::transport::ProtocolMessageReader::ProtocolMessageReader()	fefates:bytes	0x2EBBE0	
0x45A2B8	nn::pia::transport::ProtocolMessageReader::~ProtocolMessageReader()	fefates:bytes	0x2EBC00	
0x45A2D8	nn::pia::transport::ProtocolMessageWriter::SetPayload(const void*)	fefates:callgraph	0x132DB4	
0x45A2E8	nn::pia::transport::ProtocolMessageWriter::SetPayload(const void*,unsigned int,unsigned int)	fefates:bytes	0x2EBC20	
0x45A2FC	nn::pia::transport::ProtocolMessageWriter::AddMessageBuffer(nn::pia::common::Packet*,void*,unsigned int,bool,bool)	fefates:bytes	0x2EBC34	
0x45A330	nn::pia::transport::ProtocolMessageWriter::Reset(const nn::pia::transport::ProtocolId&,unsigned int,bool,bool)	fefates:bytes	0x2EBC68	
0x45A35C	nn::pia::transport::ProtocolMessageWriter::Commit()	fefates:bytes	0x2EBC94	
0x45A510	nn::pia::transport::ProtocolMessageWriter::SetSource(nn::pia::StationIndex,unsigned int)	fefates:callgraph	0x2EBE48	
0x45A51C	nn::pia::transport::ProtocolMessageWriter::ProtocolMessageWriter()	fefates:bytes	0x2EBE54	
0x45A540	nn::pia::transport::ReliableSlidingWindow::Initialize(unsigned int,unsigned int)	fefates:bytes	0x2EBE78	
0x45A6D8	nn::pia::transport::ReliableSlidingWindow::CanPushData(unsigned int)	fefates:bytes	0x2EC010	
0x45A738	nn::pia::transport::ReliableSlidingWindow::AnalyzeProtocolMessage(const nn::pia::transport::ProtocolMessageReader&)	fefates:callseq-callee	0x2EC070	
0x45AB34	nn::pia::transport::ReliableSlidingWindow::Cleanup()	fefates:bytes	0x13B740	
0x45AB68	nn::pia::transport::ReliableSlidingWindow::PopData(void*,unsigned int*,unsigned int)	fefates:callgraph	0x2EC460	
0x45ACF4	nn::pia::transport::ReliableSlidingWindow::Startup(nn::pia::transport::PacketHandler*,unsigned int,nn::pia::StationIndex,nn::pia::StationIndex)	fefates:bytes	0x2EC684	
0x45ADE8	nn::pia::transport::ReliableSlidingWindow::Dispatch(nn::pia::transport::PacketHandler*)	fefates:bytes-fuzzy	0x2EC778	
0x45B14C	nn::pia::transport::ReliableSlidingWindow::Finalize()	fefates:bytes	0x13F09C	
0x45B1A8	nn::pia::transport::ReliableSlidingWindow::PushData(const void*,unsigned int)	fefates:bytes	0x2ECADC	
0x45B3E0	nn::pia::transport::ReliableSlidingWindow::ReliableSlidingWindow()	fefates:bytes	0x2ECD14	
0x45B45C	nn::pia::transport::ReliableSlidingWindow::~ReliableSlidingWindow()	fefates:bytes	0x2ECD90	
0x45B518	nn::pia::transport::StationConnectionInfo::Deserialize(const unsigned char*)	fefates:bytes	0x2ECE4C	
0x45B780	nn::pia::transport::StationConnectionInfo::StationConnectionInfo(const nn::pia::transport::StationConnectionInfo&)	fefates:bytes	0x2ECEC4	
0x45B7C4	nn::pia::transport::StationConnectionInfo::StationConnectionInfo()	fefates:bytes	0x2ECF08	
0x45B810	nn::pia::transport::StationConnectionInfo::~StationConnectionInfo()	fefates:callgraph	0x2ECF2C	
0x45B834	nn::pia::transport::StationConnectionInfo::operator=(const nn::pia::transport::StationConnectionInfo&)	fefates:bytes	0x2ECF50	
0x45B9D4	nn::pia::transport::TransportThreadStream::ChangeState(nn::pia::transport::TransportThreadStream::ThreadState)	fefates:bytes-fuzzy	0x13F0F8	
0x45BA6C	nn::pia::transport::TransportThreadStream::FinalizeCore()	fefates:bytes	0x13F190	
0x45BB14	nn::pia::transport::TransportThreadStream::isDropPacket()	fefates:bytes	0x2ED0E0	
0x45BB50	nn::pia::transport::TransportThreadStream::InitializeCore(const char*,int,unsigned int,unsigned int,bool,unsigned int)	fefates:bytes	0x2ED11C	
0x45BC4C	nn::pia::transport::TransportThreadStream::Cleanup()	fefates:bytes	0x136988	
0x45BC98	nn::pia::transport::TransportThreadStream::Startup()	fefates:bytes	0x2ED218	
0x45BD04	nn::pia::transport::TransportThreadStream::TransportThreadStream()	fefates:bytes	0x2ED284	
0x45BD8C	nn::pia::transport::SendThreadStream::~SendThreadStream()	fefates:callgraph	0x13F238	
0x45BD90	nn::pia::transport::TransportThreadStream::~TransportThreadStream()	fefates:bytes	0x13F23C	
0x45BDAC	nn::pia::transport::ConnectionAnalysisData::Clear()	fefates:bytes	0x2ED30C	
0x45BDEC	nn::pia::transport::StationProtocolManager::Initialize(unsigned int)	fefates:callseq	0x2ED34C	
0x45BF54	nn::pia::transport::StationProtocolManager::CreateInstance()	fefates:callgraph	0x2ED590	
0x45BFC8	nn::pia::transport::StationProtocolManager::GetRttProtocol()	fefates:bytes	0x2ED724	
0x45BFE4	nn::pia::transport::StationProtocolManager::DestroyInstance()	fefates:callgraph	0x12DD78	
0x45C00C	nn::pia::transport::StationProtocolManager::GetStationProtocol()	fefates:bytes	0x2ED740	
0x45C028	nn::pia::transport::StationProtocolManager::GetStationProtocolReliable()	fefates:bytes	0x2ED75C	
0x45C044	nn::pia::transport::StationProtocolManager::Finalize()	fefates:bytes	0x1369D4	
0x45C0D0	nn::pia::transport::IdentificationInfoTable::AddToTable(const nn::pia::transport::Station*,const nn::pia::transport::Station::IdentificationInfo*)	fefates:bytes	0x2ED778	
0x45C1EC	nn::pia::transport::IdentificationInfoTable::ClearTable()	fefates:bytes-fuzzy	0x13B364	
0x45C240	nn::pia::transport::IdentificationInfoTable::Initialize(unsigned int)	fefates:bytes	0x2ED894	
0x45C304	nn::pia::transport::IdentificationInfoTable::CreateInstance()	fefates:bytes	0x2EDA1C	
0x45C3A0	nn::pia::transport::IdentificationInfoTable::EraseFromTable(const nn::pia::transport::Station*)	fefates:bytes	0x2EDAB8	
0x45C410	nn::pia::transport::IdentificationInfoTable::DestroyInstance()	fefates:callgraph	0x12DDA0	
0x45C440	nn::pia::transport::IdentificationInfoTable::GetIdentificationInfo(const nn::pia::transport::Station*,nn::pia::transport::Station::IdentificationInfo*)	fefates:bytes	0x2EDB28	
0x45C504	nn::pia::transport::IdentificationInfoTable::GetPlayerName(const nn::pia::transport::Station*,nn::pia::transport::Station::PlayerName*)	fefates:callgraph	0x2ED958	
0x45C5CC	nn::pia::transport::IdentificationInfoTable::GetLocalIdentificationInfo(nn::pia::transport::Station::IdentificationInfo*)	fefates:bytes	0x2EDBEC	
0x45C608	nn::pia::transport::IdentificationInfoTable::SetLocalIdentificationInfo(const nn::pia::transport::Station::IdentificationInfo*)	fefates:bytes	0x2EDC28	
0x45C62C	nn::pia::transport::IdentificationInfoTable::~IdentificationInfoTable()	fefates:bytes	0x2EDC4C	
0x45C6B0	nn::pia::transport::ResendingMessageManager::Initialize(unsigned int)	fefates:bytes	0x2EDC90	
0x45C988	nn::pia::transport::ResendingMessageManager::StopResending(unsigned int)	fefates:bytes	0x13B774	
0x45CA08	nn::pia::transport::ResendingMessageManager::CreateInstance()	fefates:bytes	0x2EDF68	
0x45CA80	nn::pia::transport::ResendingMessageManager::SetSendMessage(unsigned int*,const unsigned char*,unsigned int,nn::pia::StationIndex,const nn::pia::common::StationAddress&,nn::pia::transport::ProtocolId,long long)	fefates:bytes	0x2EDFE0	
0x45CBEC	nn::pia::transport::ResendingMessageManager::DestroyInstance()	fefates:bytes	0x12DDD0	
0x45CC30	nn::pia::transport::ResendingMessageManager::Cleanup()	fefates:bytes	0x12DE14	
0x45CC44	nn::pia::transport::ResendingMessageManager::Startup(nn::pia::transport::PacketHandler*)	fefates:bytes	0x2EE14C	
0x45CC68	nn::pia::transport::ResendingMessageManager::Dispatch()	fefates:bytes	0x2EE170	
0x45CE04	nn::pia::transport::ResendingMessageManager::Finalize()	fefates:bytes	0x136A60	
0x45CF6C	nn::pia::transport::StationProtocolReliable::receiveProc()	fefates:callgraph	0x2EE30C	
0x45D0E8	nn::pia::transport::StationProtocolReliable::UpdateProtocolEvent(const nn::pia::transport::ProtocolEvent&)	fefates:bytes	0x2EE4F8	
0x45D1AC	nn::pia::transport::StationProtocolReliable::Receive(nn::pia::StationIndex,unsigned int,unsigned char*,unsigned int*,nn::pia::common::StationAddress*)	fefates:bytes	0x2EE5BC	
0x45D2DC	nn::pia::transport::StationProtocolReliable::Startup(nn::pia::StationIndex)	fefates:bytes	0x2EE6EC	
0x45D2F4	nn::pia::transport::StationProtocolReliable::Dispatch()	fefates:bytes	0x2EE704	
0x45D388	nn::pia::transport::StationProtocolReliable::StationProtocolReliable()	fefates:bytes	0x2EE798	
0x45E444	nn::pia::transport::StationConnectionInfoTable::AddToTable(const nn::pia::transport::Station*,const nn::pia::transport::StationConnectionInfo&)	fefates:bytes	0x2F0660	
0x45E544	nn::pia::transport::StationConnectionInfoTable::ClearTable()	fefates:bytes	0x12DE28	
0x45E598	nn::pia::transport::StationConnectionInfoTable::Initialize(unsigned int)	fefates:bytes	0x2F0760	
0x45E644	nn::pia::transport::StationConnectionInfoTable::CreateInstance()	fefates:bytes	0x2F080C	
0x45E6E8	nn::pia::transport::StationConnectionInfoTable::EraseFromTable(const nn::pia::transport::Station*)	fefates:bytes	0x2F08B0	
0x45E758	nn::pia::transport::StationConnectionInfoTable::DestroyInstance()	fefates:callgraph	0x12DE7C	
0x45E788	nn::pia::transport::StationConnectionInfoTable::~StationConnectionInfoTable()	fefates:bytes	0x2F0920	
0x45E904	nn::pia::transport::ProcessConnectionRequestJob::WaitResponseAck()	fefates:bytes	0x2F09E0	
0x45E9EC	nn::pia::transport::ProcessConnectionRequestJob::WaitInverseConnection()	fefates:bytes	0x2F0AC8	
0x45EAF8	nn::pia::transport::ProcessConnectionRequestJob::SendConnectionResponse()	fefates:bytes	0x2F0BD4	
0x45EC7C	nn::pia::transport::ProcessConnectionRequestJob::StartupRelayConnection(nn::pia::transport::Station*,int,bool)	fefates:bytes	0x2F0D58	
0x45EE2C	nn::pia::transport::ProcessConnectionRequestJob::ConnectToRequesterStation()	fefates:bytes	0x2F0F08	
0x45EE98	nn::pia::transport::ProcessConnectionRequestJob::Cleanup()	fefates:bytes	0x136BC8	
0x45EEF4	nn::pia::transport::ProcessConnectionRequestJob::Startup(nn::pia::transport::Station*,int,bool)	fefates:bytes	0x2F0F74	
0x45F0A4	nn::pia::transport::ProcessConnectionRequestJob::ProcessConnectionRequestJob()	fefates:bytes	0x2F1124	
0x45F0FC	nn::pia::transport::ProcessConnectionRequestJob::~ProcessConnectionRequestJob()	fefates:bytes	0x2F117C	
0x45F1C0	nn::pia::transport::ProtocolMessageFilteringManager::CreateInstance()	fefates:bytes	0x2F11E4	
0x45F26C	nn::pia::transport::ProtocolMessageFilteringManager::DestroyInstance()	fefates:callgraph	0x12DEAC	
0x45F294	nn::pia::transport::ProtocolMessageFilteringManager::AddNoFilteringProtocolType(unsigned short)	fefates:bytes	0x2F1290	
0x45F2BC	nn::pia::transport::ProtocolMessageFilteringManager::RemoveNoFilteringProtocolType(unsigned short)	fefates:bytes	0x12DED4	
0x45F338	nn::pia::transport::Station::Initialize(nn::pia::transport::NetworkFactory*)	fefates:bytes	0x2F12B8	
0x45F3A0	nn::pia::transport::Station::CleanupJobs()	fefates:bytes	0x12DF50	
0x45F43C	nn::pia::transport::Station::GetPrincipalId(unsigned int*)	fefates:bytes	0x2F135C	
0x45F510	nn::pia::transport::Station::helperStartupCleanup(bool,nn::pia::transport::StationProtocol*,nn::pia::StationIndex,const nn::pia::common::StationAddress&,nn::pia::transport::Station::StationState)	fefates:callgraph	0x136C30	
0x45F5C0	nn::pia::transport::Station::GetPlayerName(nn::pia::transport::Station::PlayerName*)	fefates:bytes	0x2F1320	
0x45F5FC	nn::pia::transport::Station::Cleanup()	fefates:bytes	0x12DFE0	
0x45F658	nn::pia::transport::Station::Startup(nn::pia::transport::StationProtocol*)	fefates:bytes	0x2F1430	
0x45F6D4	nn::pia::transport::Station::Startup(nn::pia::transport::StationProtocol*,nn::pia::StationIndex,const nn::pia::common::StationAddress&)	fefates:bytes	0x2F14AC	
0x45F740	nn::pia::transport::Station::Startup(nn::pia::transport::StationProtocol*,const nn::pia::common::StationAddress&)	fefates:bytes	0x2F1518	
0x45F784	nn::pia::transport::Station::Finalize()	fefates:bytes	0x13B7F4	
0x45F7E4	nn::pia::transport::Station::Station()	fefates:callgraph	0x2F155C	
0x45F894	nn::pia::transport::Station::~Station()	fefates:bytes	0x13B854	
0x45F8FC	nn::pia::transport::EndSetup()	fefates:bytes	0x2F1604	
0x45F958	nn::pia::transport::Finalize()	fefates:bytes	0x122558	
0x45F9DC	nn::pia::transport::Protocol::SetPort(unsigned short)	fefates:bytes	0x2F166C	
0x45FA28	nn::pia::transport::Protocol::Protocol()	fefates:bytes	0x2F16B8	
0x45FA58	nn::pia::transport::Protocol::~Protocol()	fefates:callgraph	0x2F16E4	
0x45FA5C	nn::pia::transport::Transport::initialize(const nn::pia::transport::Transport::Setting&)	fefates:bytes-fuzzy	0x2F16E8	
0x45FD6C	nn::pia::transport::Transport::DispatchJob::ExecuteCore()	fefates:bytes	0x2F19F8	
0x45FEE0	nn::pia::transport::Transport::GetInputStream()	fefates:bytes	0x2F1C84	
0x45FF08	nn::pia::transport::Transport::DestroyInstance()	fefates:bytes	0x12E03C	
0x460000	nn::pia::transport::Transport::GetOutputStream()	fefates:bytes	0x2F1CAC	
0x460060	nn::pia::transport::Transport::OutputStreamUpdateEvent()	fefates:bytes	0x12E120	
0x46009C	nn::pia::transport::Transport::SetMonitoringNetworkRtt(bool)	fefates:callseq-callee	0x2F1D10	
0x460254	nn::pia::transport::Transport::Cleanup()	fefates:bytes	0x1225D0	
0x460330	nn::pia::transport::Transport::Startup(const nn::pia::common::StationAddress*,const nn::pia::common::CryptoSetting*)	fefates:bytes	0x2F1FEC	
0x460408	nn::pia::transport::Transport::dispatch()	fefates:callgraph	0x2F20C4	
0x4605AC	nn::pia::transport::Transport::finalize()	fefates:bytes	0x12E15C	
0x4606B0	nn::pia::transport::Transport::Transport()	fefates:bytes	0x2F231C	
0x460794	nn::snd::CTR::AllocVoice(int,void (*)(nn::snd::CTR::Voice*,unsigned int),unsigned int)	fefates:callgraph	0x2F26A4	
0x460838	nn::snd::CTR::DspFxDelay::IsBufferInUse()	fefates:callgraph	0x2F26BC	
0x4608CC	nn::snd::CTR::DspFxDelay::Attach(nn::snd::CTR::AuxBusId)	fefates:bytes	0x2F2704	
0x46095C	nn::snd::CTR::DspFxDelay::Enable(bool)	fefates:bytes	0x2F2794	
0x4609E8	nn::snd::CTR::DspFxDelay::Finalize()	fefates:bytes	0x2F2820	
0x460AB4	nn::snd::CTR::DspFxDelay::SetParam(const nn::snd::CTR::DspFxDelay::Param&)	fefates:bytes	0x2F28EC	
0x460C44	nn::snd::CTR::Initialize()	fefates:bytes	0x2F2A54	
0x460D00	nn::snd::CTR::ClearEffect(nn::snd::CTR::AuxBusId)	fefates:callgraph	0x2F2B10	
0x460D9C	nn::snd::CTR::DspFxReverb::IsBufferInUse()	fefates:callgraph	0x2F2B20	
0x460E64	nn::snd::CTR::DspFxReverb::Attach(nn::snd::CTR::AuxBusId)	fefates:bytes	0x2F2B68	
0x460EBC	nn::snd::CTR::DspFxReverb::Enable(bool)	fefates:bytes	0x2F2BC0	
0x460F48	nn::snd::CTR::DspFxReverb::Finalize()	fefates:bytes	0x2F2C4C	
0x461014	nn::snd::CTR::DspFxReverb::SetParam(const nn::snd::CTR::DspFxReverb::Param&)	fefates:bytes	0x2F2D18	
0x46143C	nn::snd::CTR::DspFxManager::GetInstance()	fefates:callgraph	0x2F3118	
0x461448	nn::snd::CTR::DspFxManager::GetDspCycles()	fefates:bytes	0x2F3124	
0x4614BC	nn::snd::CTR::DspFxManager::Attach(nn::snd::CTR::DspFxManager::DspEffectType,nn::snd::CTR::AuxBusId)	fefates:bytes	0x2F3198	
0x4614DC	nn::snd::CTR::DspFxManager::Detach(nn::snd::CTR::DspFxManager::DspEffectType,nn::snd::CTR::AuxBusId)	fefates:bytes	0x2F31B8	
0x4614F0	nn::snd::CTR::GetDspCycles()	fefates:callgraph	0x2F31CC	
0x461690	nn::snd::CTR::VoiceManager::SetPriority(nn::snd::CTR::Voice*,int)	fefates:bytes	0x2F336C	
0x4617D4	nn::snd::CTR::VoiceManager::AdjustVoicePlayState(int,int)	fefates:bytes	0x2F34B0	
0x461980	nn::snd::CTR::VoiceManager::Finalize()	fefates:callgraph	0x2F365C	
0x46198C	nn::snd::CTR::VoiceManager::FreeVoice(nn::snd::CTR::Voice*)	fefates:bytes	0x2F3668	
0x461A48	nn::snd::CTR::MasterManager::Initialize()	fefates:bytes	0x2F3724	
0x461B28	nn::snd::CTR::MasterManager::ClearEffect(nn::snd::CTR::AuxBusId)	fefates:bytes	0x2F3804	
0x461B88	nn::snd::CTR::MasterManager::GetDspCycles()	fefates:bytes	0x2F3864	
0x461C08	nn::snd::CTR::MasterManager::ExecuteEffect(nn::snd::CTR::AuxBusId,unsigned int)	fefates:bytes	0x2F38E4	
0x461C7C	nn::snd::CTR::MasterManager::GetAuxCallback(nn::snd::CTR::AuxBusId,void (**)(nn::snd::CTR::AuxBusData*,int,unsigned int),unsigned int*)	fefates:bytes	0x2F3958	
0x461C94	nn::snd::CTR::MasterManager::AuxUserCallback(nn::snd::CTR::AuxBusId,unsigned int)	fefates:bytes	0x2F3970	
0x461CB0	nn::snd::CTR::MasterManager::SetMasterVolume(float)	fefates:bytes	0x2F398C	
0x461CD0	nn::snd::CTR::MasterManager::ClearAuxCallback(nn::snd::CTR::AuxBusId)	fefates:bytes	0x2F39AC	
0x461D40	nn::snd::CTR::MasterManager::RegisterAuxCallback(nn::snd::CTR::AuxBusId,void (*)(nn::snd::CTR::AuxBusData*,int,unsigned int),unsigned int)	fefates:bytes	0x2F39F8	
0x461D64	nn::snd::CTR::MasterManager::SetIsHeadsetConnected(bool)	fefates:callgraph	0x2F3A1C	
0x461D74	nn::snd::CTR::MasterManager::UpdateDroppedSoundFrameCount()	fefates:bytes	0x2F3A4C	
0x461DA0	nn::snd::CTR::MasterManager::Finalize()	fefates:bytes	0x2F3A78	
0x461DD4	nn::snd::CTR::MasterManager::SetEffect(nn::snd::CTR::AuxBusId,nn::snd::CTR::FxDelay*)	fefates:bytes	0x2F3AAC	
0x461E78	nn::snd::CTR::MasterManager::SetEffect(nn::snd::CTR::AuxBusId,nn::snd::CTR::FxReverb*)	fefates:bytes	0x2F3B50	
0x461F20	nn::snd::CTR::OutputCapture::Write(short*,int)	fefates:bytes	0x2F3BF8	
0x461F60	nn::snd::CTR::ThreadManager::GetInstance()	fefates:bytes	0x2F3C38	
0x462008	nn::snd::CTR::ThreadManager::StartSoundThread(void (*)(unsigned int),unsigned int,unsigned int,unsigned int,int,int)	fefates:bytes	0x2F3CE0	
0x46212C	nn::snd::CTR::ThreadManager::StartSoundThread(const nn::snd::CTR::ThreadParameter*,void (*)(unsigned int),unsigned int,const nn::snd::CTR::ThreadParameter*,void (*)(unsigned int),unsigned int,int)	fefates:bytes	0x2F3E04	
0x4621BC	nn::snd::CTR::GetSoundThreadTick()	fefates:callgraph	0x2F3E94	
0x4621E4	nn::snd::CTR::FinalizeSoundThread()	fefates:callgraph	0x2F3EBC	
0x4621F4	nn::snd::CTR::ThreadManager::FinalizeSoundThread()	fefates:bytes	0x2F3ECC	
0x4622F0	nn::snd::CTR::ThreadManager::SoundThreadFuncImpl(unsigned int)	fefates:bytes	0x2F3FC8	
0x462474	nn::snd::CTR::ThreadManager::StartUserSoundThread(unsigned int,unsigned int,int)	fefates:bytes	0x2F414C	
0x46256C	nn::snd::CTR::EnableSoundThreadTickCounter(bool)	fefates:callgraph	0x2F4244	
0x462594	nn::snd::CTR::ThreadManager::~ThreadManager()	fefates:bytes	0x2F426C	
0x462600	nn::snd::CTR::WaitForDspSync(nn::os::Tick*)	fefates:bytes	0x2F42D8	
0x462794	nn::snd::CTR::WaitForDspSync()	fefates:bytes	0x2F446C	
0x4628D8	nn::snd::CTR::DecodeAdpcmData(const unsigned char*,short*,const nn::snd::CTR::AdpcmParam&,nn::snd::CTR::AdpcmContext&,int)	fefates:bytes	0x2F45B0	
0x462A1C	nn::snd::CTR::ClearAuxCallback(nn::snd::CTR::AuxBusId)	fefates:callgraph	0x2F4724	
0x462A2C	nn::snd::CTR::DspFxManager::Initialize()	fefates:bytes	0x2F4734	
0x462A70	nn::snd::CTR::DspFxManagerImpl::Initialize()	fefates:bytes	0x2F4778	
0x462BDC	nn::snd::CTR::DspFxManagerImpl::GetInstance()	fefates:callgraph	0x2F48E4	
0x462BE8	nn::snd::CTR::DspFxManagerImpl::ForceUpdateParams()	fefates:bytes	0x2F48F0	
0x462C48	nn::snd::CTR::DspFxManager::SetDspDelayEffect(nn::snd::CTR::AuxBusId,nn::snd::CTR::DspFxDelayParams&)	fefates:bytes	0x2F4950	
0x462C7C	nn::snd::CTR::DspFxManagerImpl::SetDspDelayEffect(nn::snd::CTR::AuxBusId,nn::snd::CTR::DspFxDelayParams&)	fefates:bytes	0x2F4984	
0x462CE4	nn::snd::CTR::DspFxManager::SetDspReverbEffect(nn::snd::CTR::AuxBusId,nn::snd::CTR::DspFxReverbParams&)	fefates:bytes	0x2F49EC	
0x462D18	nn::snd::CTR::DspFxManagerImpl::SetDspReverbEffect(nn::snd::CTR::AuxBusId,nn::snd::CTR::DspFxReverbParams&)	fefates:bytes	0x2F4A20	
0x462DE8	nn::snd::CTR::DspFxManager::Finalize()	fefates:callgraph	0x2F4AF0	
0x462DFC	nn::snd::CTR::StartSoundThread(const nn::snd::CTR::ThreadParameter*,void (*)(unsigned int),unsigned int,const nn::snd::CTR::ThreadParameter*,void (*)(unsigned int),unsigned int,int)	fefates:bytes	0x2F4B04	
0x462E3C	nn::snd::CTR::MasterManagerImpl::Initialize()	fefates:bytes	0x2F4B44	
0x462E64	nn::snd::CTR::MasterManagerImpl::AuxUserCallback(nn::snd::CTR::AuxBusId,unsigned int)	fefates:bytes	0x2F4B6C	
0x462EE4	nn::snd::CTR::MasterManagerImpl::InitializeParam()	fefates:callgraph	0x2F4BEC	
0x4630CC	nn::snd::CTR::MasterManagerImpl::SetMasterVolume(float)	fefates:bytes	0x2F4DA8	
0x4630F4	nn::snd::CTR::MasterManagerImpl::ForceUpdateParams()	fefates:bytes	0x2F4DD0	
0x463268	nn::snd::CTR::MasterManagerImpl::RegisterAuxCallback(nn::snd::CTR::AuxBusId,void (*)(nn::snd::CTR::AuxBusData*,int,unsigned int),unsigned int)	fefates:bytes	0x2F4F14	
0x4632D4	nn::snd::CTR::MasterManagerImpl::SetOutputBufferCount(int)	fefates:bytes	0x2F4F80	
0x463304	nn::snd::CTR::MasterManagerImpl::EnableFx(nn::snd::CTR::AuxBusId,bool)	fefates:bytes	0x2F4FD8	
0x463368	nn::snd::CTR::MasterManagerImpl::Finalize()	fefates:bytes	0x2F503C	
0x4633B4	nn::snd::CTR::GetHeadphoneStatus()	fefates:callgraph	0x107660	
0x4633D0	nn::snd::CTR::SendParameterToDsp()	fefates:bytes	0x2F506C	
0x463470	nn::snd::CTR::SetAuxReturnVolume(nn::snd::CTR::AuxBusId,float)	fefates:callgraph	0x2F510C	
0x463490	nn::snd::CTR::RegisterAuxCallback(nn::snd::CTR::AuxBusId,void (*)(nn::snd::CTR::AuxBusData*,int,unsigned int),unsigned int)	fefates:callgraph	0x2F5140	
0x4634A8	nn::snd::CTR::UserSoundThreadFunc(unsigned int)	fefates:bytes	0x2F5158	
0x463560	nn::snd::CTR::InitializeWaveBuffer(nn::snd::CTR::WaveBuffer*)	fefates:bytes	0x2F5210	
0x4635B0	nn::snd::CTR::OrderToWaitForFinalize()	fefates:bytes	0x2F5260	
0x4635EC	nn::snd::CTR::Sleep()	fefates:bytes	0x2F529C	
0x463634	nn::snd::CTR::Voice::Initialize()	fefates:bytes	0x2F52E4	
0x463710	nn::snd::CTR::Voice::SetPriority(int)	fefates:bytes	0x2F53C0	
0x463744	nn::snd::CTR::Voice::EnableBiquadFilter(bool)	fefates:bytes	0x2F53F4	
0x463764	nn::snd::CTR::Voice::SetMonoFilterCoefficients(unsigned short)	fefates:bytes	0x2F5414	
0x4637F0	nn::snd::CTR::Voice::SetPitch(float)	fefates:bytes	0x2F54A0	
0x463810	nn::snd::CTR::Voice::Voice(int)	fefates:bytes	0x2F54C0	
0x463A44	nn::snd::CTR::Dspsnd::SetSyncMode(nn::snd::CTR::SyncMode)	fefates:bytes	0x2F56EC	
0x463A98	nn::snd::CTR::Dspsnd::EnableAuxBus(nn::snd::CTR::AuxBusId,bool)	fefates:bytes	0x2F5740	
0x463B24	nn::snd::CTR::Dspsnd::SetRearRatio(unsigned short)	fefates:bytes	0x2F57CC	
0x463B8C	nn::snd::CTR::Dspsnd::SendParameter()	fefates:callgraph	0x2F5834	
0x463CF0	nn::snd::CTR::Dspsnd::SetChannelMix(unsigned char,const nn::snd::CTR::MixParam*)	fefates:bytes	0x2F599C	
0x463DCC	nn::snd::CTR::Dspsnd::SetChannelRIM(unsigned char,unsigned short,unsigned short)	fefates:bytes	0x2F5A78	
0x463E4C	nn::snd::CTR::Dspsnd::SyncFrameData()	fefates:callgraph	0x2F5AF8	
0x463F70	nn::snd::CTR::Dspsnd::SetChannelTimer(unsigned char,float)	fefates:bytes	0x2F5C20	
0x463FEC	nn::snd::CTR::Dspsnd::SetClippingMode(nn::snd::CTR::ClippingMode)	fefates:bytes	0x2F5C9C	
0x46404C	nn::snd::CTR::Dspsnd::SetMasterVolume(float)	fefates:bytes	0x2F5CFC	
0x4640AC	nn::snd::CTR::Dspsnd::SetSurroundDepth(unsigned short)	fefates:bytes	0x2F5D5C	
0x464118	nn::snd::CTR::Dspsnd::SetAuxFrontBypass(nn::snd::CTR::AuxBusId,bool)	fefates:bytes	0x2F5DC8	
0x4641A4	nn::snd::CTR::Dspsnd::SetDspDelayEffect(nn::snd::CTR::AuxBusId,nn::snd::CTR::DspFxDelayParams&)	fefates:bytes	0x2F5E54	
0x4642A8	nn::snd::CTR::Dspsnd::SetAuxReturnVolume(nn::snd::CTR::AuxBusId,float)	fefates:bytes	0x2F5F58	
0x464320	nn::snd::CTR::Dspsnd::SetChannelPlayStop(unsigned char)	fefates:bytes	0x2F5FD0	
0x464394	nn::snd::CTR::Dspsnd::SetDspReverbEffect(nn::snd::CTR::AuxBusId,nn::snd::CTR::DspFxReverbParams&)	fefates:bytes	0x2F6044	
0x464500	nn::snd::CTR::Dspsnd::SetSoundOutputMode(nn::snd::CTR::OutputMode)	fefates:bytes	0x2F61B0	
0x464560	nn::snd::CTR::Dspsnd::InitializeVariables(bool)	fefates:bytes	0x2F6210	
0x464810	nn::snd::CTR::Dspsnd::SetChannelPlayStart(unsigned char)	fefates:bytes	0x2F64C0	
0x464880	nn::snd::CTR::Dspsnd::SetChannelSyncCount(unsigned char,short)	fefates:bytes	0x2F6530	
0x4648F0	nn::snd::CTR::Dspsnd::GetDroppedFrameCount()	fefates:bytes	0x2F65A0	
0x464940	nn::snd::CTR::Dspsnd::SetChannelAdpcmParam(unsigned char,const nn::snd::CTR::AdpcmParam*)	fefates:bytes	0x2F65F0	
0x4649CC	nn::snd::CTR::Dspsnd::SetOutputBufferCount(int)	fefates:bytes	0x2F667C	
0x464A20	nn::snd::CTR::Dspsnd::SetIsHeadsetConnected(bool)	fefates:bytes	0x2F66D0	
0x464A80	nn::snd::CTR::Dspsnd::ResetChannelNextBuffer(unsigned char)	fefates:bytes	0x2F6730	
0x464AE8	nn::snd::CTR::Dspsnd::AppendChannelNextBuffer(unsigned char,const nn::snd::CTR::WaveBuffer*,int)	fefates:bytes	0x2F6798	
0x464C64	nn::snd::CTR::Dspsnd::SetChannelIirFilterType(unsigned char,nn::snd::CTR::FilterType)	fefates:bytes	0x2F6914	
0x464CD4	nn::snd::CTR::Dspsnd::UpdateChannelNextBuffer(unsigned char,const nn::snd::CTR::WaveBuffer*)	fefates:bytes	0x2F6984	
0x464D94	nn::snd::CTR::Dspsnd::SetChannelIIRFilter_Mono(unsigned char,short,short)	fefates:bytes	0x2F6A44	
0x464E0C	nn::snd::CTR::Dspsnd::SetChannelIIRFilter_Biquad(unsigned char,short,short,short,short,short)	fefates:bytes	0x2F6ABC	
0x464E98	nn::snd::CTR::Dspsnd::SetSurroundSpeakerPosition(nn::snd::CTR::SurroundSpeakerPosition)	fefates:bytes	0x2F6B48	
0x464F04	nn::snd::CTR::Dspsnd::InitializeChannelParameters(unsigned char)	fefates:bytes	0x2F6BB4	
0x464F6C	nn::snd::CTR::Dspsnd::Finalize(bool)	fefates:callgraph	0x2F6C1C	
0x4650B0	nn::snd::CTR::Dspsnd::WaitPipe(nn::fnd::TimeSpan)	fefates:bytes	0x2F6D60	
0x465120	nn::snd::CTR::Dspsnd::WaitPipe()	fefates:bytes	0x2F6DD0	
0x465178	nn::snd::CTR::Dspsnd::AssignPCM(unsigned char,const nn::snd::CTR::WaveBuffer*,nn::snd::CTR::DspsndAudioInfo)	fefates:bytes	0x2F6E28	
0x465344	nn::snd::CTR::Dspsnd::~Dspsnd()	fefates:bytes	0x2F6FF4	
0x46538C	nn::snd::CTR::WakeUp()	fefates:bytes	0x2F703C	
0x4653F4	nn::snd::CTR::FxDelay::Initialize()	fefates:bytes	0x2F70A4	
0x46549C	nn::snd::CTR::FxDelay::UpdateBuffer(unsigned int)	fefates:bytes	0x2F714C	
0x465594	nn::snd::CTR::FxDelay::AssignWorkBuffer(unsigned int,unsigned int)	fefates:bytes	0x2F723C	
0x4655C8	nn::snd::CTR::FxDelay::GetRequiredMemSize()	fefates:bytes	0x2F7260	
0x4655E4	nn::snd::CTR::FxDelay::Finalize()	fefates:bytes	0x2F727C	
0x465638	nn::snd::CTR::FxDelay::SetParam(const nn::snd::CTR::FxDelay::Param&)	fefates:bytes	0x2F72C8	
0x465768	nn::snd::CTR::FxDelay::FxDelay()	fefates:bytes	0x2F73F8	
0x465874	nn::snd::CTR::FxDelay::~FxDelay()	fefates:bytes	0x2F7494	
0x4658E4	nn::snd::CTR::Finalize()	fefates:bytes	0x2F7504	
0x465964	nn::snd::CTR::FxReverb::Initialize()	fefates:bytes	0x2F7584	
0x465A70	nn::snd::CTR::FxReverb::UpdateBuffer(unsigned int)	fefates:bytes	0x2F7690	
0x465CA0	nn::snd::CTR::FxReverb::InitializeParam()	fefates:bytes	0x2F78C0	
0x465E9C	nn::snd::CTR::FxReverb::AssignWorkBuffer(unsigned int,unsigned int)	fefates:bytes	0x2F7AB4	
0x465ED0	nn::snd::CTR::FxReverb::GetRequiredMemSize()	fefates:bytes	0x2F7AD8	
0x465F7C	nn::snd::CTR::FxReverb::Finalize()	fefates:bytes	0x2F7B84	
0x465FC4	nn::snd::CTR::FxReverb::SetParam(const nn::snd::CTR::FxReverb::Param&)	fefates:bytes	0x2F7BC4	
0x46633C	nn::snd::CTR::FreeVoice(nn::snd::CTR::Voice*)	fefates:callgraph	0x2F7EE4	
0x466374	nn::snd::CTR::VoiceImpl::Initialize()	fefates:bytes	0x2F7F1C	
0x46647C	nn::snd::CTR::Voice::SetMixParam(const nn::snd::CTR::MixParam&)	fefates:bytes	0x2F8024	
0x4664A8	nn::snd::CTR::VoiceImpl::SetMixParam(const nn::snd::CTR::MixParam&)	fefates:bytes	0x2F8050	
0x4664E8	nn::snd::CTR::VoiceImpl::SetMixVolume()	fefates:bytes	0x2F8090	
0x4665D0	nn::snd::CTR::VoiceImpl::SetSyncCount()	fefates:bytes	0x2F8178	
0x4668E8	nn::snd::CTR::VoiceImpl::UpdateStatus(const void*)	fefates:bytes	0x2F8478	
0x466A60	nn::snd::CTR::Voice::EnableMonoFilter(bool)	fefates:bytes	0x2F85E4	
0x466A80	nn::snd::CTR::VoiceImpl::SetFilterType(nn::snd::CTR::FilterType)	fefates:bytes	0x2F8604	
0x466A94	nn::snd::CTR::Voice::SetSampleRate(int)	fefates:bytes	0x2F8618	
0x466AAC	nn::snd::CTR::VoiceImpl::SetSampleRate(int)	fefates:bytes	0x2F8630	
0x466ACC	nn::snd::CTR::VoiceImpl::SendWaveBuffer()	fefates:bytes	0x2F8650	
0x466CD4	nn::snd::CTR::VoiceImpl::SetChannelCount(int)	fefates:bytes	0x2F8858	
0x466CF4	nn::snd::CTR::VoiceImpl::SetSampleFormat(nn::snd::CTR::SampleFormat)	fefates:bytes	0x2F8878	
0x466D10	nn::snd::CTR::Voice::AppendWaveBuffer(nn::snd::CTR::WaveBuffer*)	fefates:callgraph	0x2F8894	
0x466D18	nn::snd::CTR::VoiceImpl::AppendWaveBuffer(nn::snd::CTR::WaveBuffer*)	fefates:bytes	0x2F889C	
0x466DBC	nn::snd::CTR::VoiceImpl::UpdateWaveBuffer(nn::snd::CTR::WaveBuffer*)	fefates:bytes	0x2F8940	
0x466E1C	nn::snd::CTR::VoiceImpl::ReleaseWaveBuffer()	fefates:bytes	0x2F89A0	
0x466E88	nn::snd::CTR::Voice::SetFrontBypassFlag(bool)	fefates:callgraph	0x2F8A0C	
0x466E90	nn::snd::CTR::VoiceImpl::SetFrontBypassFlag(bool)	fefates:bytes	0x2F8A14	
0x466EA4	nn::snd::CTR::Voice::SetInterpolationType(nn::snd::CTR::InterpolationType)	fefates:callgraph	0x2F8A28	
0x466EB0	nn::snd::CTR::VoiceImpl::SetInterpolationType(nn::snd::CTR::InterpolationType)	fefates:bytes	0x2F8A34	
0x466EC4	nn::snd::CTR::VoiceImpl::UpdateWaveBufferList()	fefates:bytes	0x2F8A48	
0x466ED8	nn::snd::CTR::Voice::Set3dSurroundPreprocessed(bool)	fefates:callgraph	0x2F8A5C	
0x466EE0	nn::snd::CTR::VoiceImpl::Set3dSurroundPreprocessed(bool)	fefates:bytes	0x2F8A64	
0x466EF4	nn::snd::CTR::VoiceImpl::SetMonoFilterCoefficients(const nn::snd::CTR::MonoFilterCoefficients&)	fefates:bytes	0x2F8A78	
0x466F0C	nn::snd::CTR::Voice::SetBiquadFilterCoefficients(const nn::snd::CTR::BiquadFilterCoefficients&)	fefates:bytes	0x2F8A90	
0x466F34	nn::snd::CTR::VoiceImpl::SetBiquadFilterCoefficients(const nn::snd::CTR::BiquadFilterCoefficients&)	fefates:bytes	0x2F8AB8	
0x466F5C	nn::snd::CTR::VoiceImpl::Start()	fefates:bytes	0x2F8AE0	
0x466F84	nn::snd::CTR::VoiceImpl::SetPitch(float)	fefates:bytes	0x2F8B08	
0x466FAC	nn::snd::CTR::Voice::SetState(nn::snd::CTR::Voice::State)	fefates:bytes	0x2F8B30	
0x466FD8	nn::snd::CTR::VoiceImpl::SetState(nn::snd::CTR::Voice::State)	fefates:bytes	0x2F8B5C	
0x467044	nn::snd::CTR::Voice::SetVolume(float)	fefates:callgraph	0x2F8BC8	
0x467050	nn::snd::CTR::VoiceImpl::SetVolume(float)	fefates:bytes	0x2F8BD4	
0x467064	nn::snd::CTR::VoiceImpl::VoiceImpl(int)	fefates:bytes	0x2F8BE8	
0x4670E0	nn::srv::GetServiceHandle(nn::os::ipc::Session*,const char*)	fefates:bytes	0x12E260	
0x46712C	nn::srv::GetServiceHandle(nn::os::ipc::Session*,const char*,int)	fefates:bytes	0x2F8C64	
0x467168	nn::srv::Finalize()	fefates:bytes	0x2F8CD8	
0x467204	nn::ssl::Initialize()	fefates:bytes	0x2F8D74	
0x4672D4	nn::ssl::ConnectionIpc::GenerateRandomBytes(unsigned char*,unsigned int)	fefates:bytes	0x2F8E44	
0x467314	nn::ssl::ConnectionIpc::InitializeGeneralSession()	fefates:bytes	0x2F8E84	
0x467384	nn::ssl::detail::LibManager::~LibManager()	fefates:bytes	0x2F8EB8	
0x4673B8	nn::ssl::detail::GenerateRandomBytes(unsigned char*,unsigned int)	fefates:bytes	0x2F8EEC	
0x4673E8	nn::ssl::Finalize()	fefates:bytes	0x2F8F1C	
0x467C70	nn::uds::CTR::Initialize(nn::os::Event*,void*,unsigned int,nn::cfg::CTR::UserName*)	fefates:callseq	0x2F8F94	
0x467D38	nn::uds::CTR::EjectClient(unsigned short)	fefates:callgraph	0x2F9058	
0x467DC0	nn::uds::CTR::ReceiveFrom(const nn::uds::CTR::EndpointDescriptor&,void*,unsigned int*,unsigned short*,unsigned int,unsigned char)	fefates:bytes-fuzzy	0x2F90E0	
0x467F7C	nn::uds::CTR::CreateNetwork(unsigned char,unsigned char,unsigned int,const char*,unsigned int,bool,unsigned char,const void*,unsigned int)	fefates:bytes-fuzzy	0x2F929C	
0x4680F4	nn::uds::CTR::CreateNetwork(unsigned char,unsigned char,unsigned int,const char*,unsigned int,unsigned char,const void*,unsigned int)	fefates:bytes	0x2F9414	
0x468120	nn::uds::CTR::AllowToConnect()	fefates:callgraph	0x2F9440	
0x468198	nn::uds::CTR::ConnectNetwork(const nn::uds::CTR::NetworkDescription&,nn::uds::CTR::ConnectType,const char*,unsigned int)	fefates:bytes-fuzzy	0x2F94B8	
0x46828C	nn::uds::CTR::CreateEndpoint(nn::uds::CTR::EndpointDescriptor*)	fefates:callgraph	0x2F95AC	
0x468370	nn::uds::CTR::DestroyNetwork()	fefates:callgraph	0x2F9690	
0x4683E0	nn::uds::CTR::DestroyEndpoint(nn::uds::CTR::EndpointDescriptor*)	fefates:callgraph	0x2F9700	
0x468414	nn::uds::CTR::ScanOnConnection(void*,unsigned int,unsigned char,unsigned int,unsigned char,bool,unsigned short)	fefates:bytes-fuzzy	0x2F9734	
0x468554	nn::uds::CTR::ScanOnConnection(void*,unsigned int,unsigned char,unsigned int,unsigned char,unsigned short)	fefates:bytes	0x2F9874	
0x468578	nn::uds::CTR::ScanResultReader::GetNextDescription()	fefates:bytes	0x2F9898	
0x4685DC	nn::uds::CTR::DisallowToConnect(bool)	fefates:callgraph	0x2F98F4	
0x468660	nn::uds::CTR::DisconnectNetwork()	fefates:callgraph	0x2F9978	
0x4686D0	nn::uds::CTR::GetNodeInformation(nn::uds::CTR::NodeInformation*,unsigned short)	fefates:bytes-fuzzy	0x2F99E8	
0x46883C	nn::uds::CTR::NetworkDescription::Initialize(const nn::uds::CTR::detail::NetworkDescriptionElement*,unsigned char,const unsigned char*)	fefates:bytes	0x2F9B54	
0x468878	nn::uds::CTR::NetworkDescription::Initialize(unsigned int,unsigned char,unsigned char,unsigned char,const void*,unsigned int)	fefates:bytes	0x2F9B90	
0x4689FC	nn::uds::CTR::NetworkDescriptionReader::GetNetworkDescription(nn::uds::CTR::NetworkDescription*)	fefates:bytes	0x2F9CA4	
0x468A48	nn::uds::CTR::NetworkDescriptionReader::GetNodeInformationList(nn::uds::CTR::NodeInformation*)	fefates:bytes	0x2F9CF0	
0x468B10	nn::uds::CTR::CreateLocalCommunicationId(unsigned int,bool)	fefates:bytes	0x2F9DA8	
0x468BF4	nn::uds::CTR::NetworkDescriptionReaderInternal::GetNetworkDescription(nn::uds::CTR::NetworkDescription*)	fefates:bytes	0x2F9DD4	
0x468D14	nn::uds::CTR::NetworkDescriptionReaderInternal::GetNodeInformationList(nn::uds::CTR::detail::NodeInformationRaw*)	fefates:bytes	0x2F9EF4	
0x469080	nn::uds::CTR::Attach(nn::uds::CTR::EndpointDescriptor*,unsigned short,unsigned char,unsigned int)	fefates:bytes-fuzzy	0x2FA254	
0x4691DC	nn::uds::CTR::SendTo(const nn::uds::CTR::EndpointDescriptor&,const void*,unsigned int,unsigned short,unsigned char,unsigned char)	fefates:callseq-callee	0x2FA3B0	
0x4692A8	nn::uds::CTR::detail::FinalizeCore()	fefates:callseq	0x2FA47C	
0x4693A8	nn::uds::CTR::detail::GetMacAddress(unsigned char*)	fefates:bytes	0x2FA57C	
0x4693F0	nn::uds::CTR::detail::InitializeCore(nn::os::Event*,void*,unsigned int,nn::cfg::CTR::UserName*)	fefates:bytes-fuzzy	0x2FA5C4	
0x46962C	nn::uds::CTR::detail::DestroyEndpoint(nn::uds::CTR::EndpointDescriptor*,nn::uds::CTR::detail::ReceiveReport*)	fefates:callseq	0x2FA800	
0x469764	nn::uds::CTR::detail::ScrambleLocalFriendCode(nn::uds::CTR::ScrambledLocalFriendCode*,unsigned long long,unsigned short)	fefates:bytes	0x2FA938	
0x469804	nn::uds::CTR::detail::Uds::PullPacket(nn::uds::CTR::EndpointDescriptor,unsigned int*,unsigned int,unsigned int,unsigned int*,unsigned short*)	fefates:bytes	0x2FA9A4	
0x4698A8	nn::uds::CTR::detail::Uds::CreateNetwork2(const nn::uds::CTR::NetworkDescription&,const char*,int)	fefates:bytes	0x2FAA48	
0x469924	nn::uds::CTR::detail::Uds::ConnectNetwork2(const nn::uds::CTR::NetworkDescription&,nn::uds::CTR::ConnectType,const char*,int)	fefates:bytes	0x2FAAC4	
0x469988	nn::uds::CTR::detail::Uds::ScanOnConnection(unsigned char*,unsigned int,const nn::nwm::CTR::ScanParamIpc&,unsigned int,unsigned char)	fefates:bytes	0x2FAB28	
0x469A88	nn::uds::CTR::detail::Uds::GetNodeInformation(nn::uds::CTR::detail::NodeInformationRaw*,unsigned short)	fefates:bytes	0x2FABC8	
0x469B1C	nn::uds::CTR::detail::Uds::GetConnectionStatus(nn::uds::CTR::ConnectionStatus*)	fefates:bytes	0x2FAC18	
0x469B6C	nn::uds::CTR::detail::Uds::InitializeWithVersion(nn::Handle*,nn::Handle,int,const nn::uds::CTR::detail::NodeInformationRaw&,unsigned short)	fefates:bytes	0x2FAC68	
0x469BE0	nn::uds::CTR::detail::Uds::SetProbeResponseParam(const unsigned char*,bool)	fefates:bytes	0x2FACDC	
0x469C28	nn::uds::CTR::detail::Uds::UpdateNetworkAttribute(unsigned short,bool)	fefates:bytes	0x2FAD24	
0x469C68	nn::uds::CTR::detail::Uds::GetNodeInformationList2(nn::uds::CTR::detail::NodeInformationList*,const nn::uds::CTR::NetworkDescription&,const nn::uds::CTR::detail::NodeInformationElement&,const nn::uds::CTR::detail::NodeInformationElement&)	fefates:bytes	0x2FAD64	
0x469CDC	nn::uds::CTR::detail::Uds::Bind(nn::Handle*,nn::uds::CTR::EndpointDescriptor,int,unsigned char,unsigned short)	fefates:bytes	0x2FADD8	
0x469D28	nn::uds::CTR::detail::Uds::SendTo(nn::uds::CTR::EndpointDescriptor,unsigned short,unsigned char,const unsigned int*,unsigned int,unsigned int,unsigned char)	fefates:bytes	0x2FAE24	
0x469D9C	nn::uds::CTR::detail::Uds::Unbind(nn::uds::CTR::EndpointDescriptor,nn::uds::CTR::detail::ReceiveReport*)	fefates:bytes	0x2FAE98	
0x469DE4	nn::uds::CTR::detail::Uds::Finalize()	fefates:callseq-callee	0x2FAEE0	
0x469E0C	nn::uds::CTR::detail::Uds::StartScan(nn::Handle,unsigned char*,unsigned int,const nn::nwm::CTR::ScanParamIpc&,unsigned int,unsigned char)	fefates:bytes	0x2FAF08	
0x469F64	nn::y2r::CTR::detail::SetRotation(nn::y2r::CTR::Rotation)	fefates:callseq	0x2FB060	
0x469F80	nn::y2r::CTR::detail::SetReceiving(unsigned int,unsigned int,short,short)	fefates:callseq	0x2FB2E0	
0x46A038	nn::y2r::CTR::detail::SetInputLines(short)	fefates:callseq	0x2FB398	
0x46A10C	nn::y2r::CTR::detail::InitializeBase(nn::Handle*,const char*)	fefates:bytes	0x2FB3B4	
0x46A1D0	nn::y2r::CTR::detail::SetOutputFormat(nn::y2r::CTR::OutputFormat)	fefates:callseq	0x2FB494	
0x46A1EC	nn::y2r::CTR::detail::StartConversion()	fefates:bytes	0x2FB4B0	
0x46A3A8	nn::y2r::CTR::detail::Y2r::SetRotation(nn::y2r::CTR::Rotation)	fefates:bytes	0x2FB5A4	
0x46A3E4	nn::y2r::CTR::detail::Y2r::SetReceiving(nn::Handle,unsigned int,unsigned int,short,short)	fefates:bytes	0x2FB6F4	
0x46A440	nn::y2r::CTR::detail::Y2r::SetInputLines(short)	fefates:bytes	0x2FB750	
0x46A4D8	nn::y2r::CTR::detail::Y2r::SetInputFormat(nn::y2r::CTR::InputFormat)	fefates:bytes	0x2FB7BC	
0x46A514	nn::y2r::CTR::detail::Y2r::SetOutputFormat(nn::y2r::CTR::OutputFormat)	fefates:bytes	0x2FB828	
0x46A550	nn::y2r::CTR::detail::Y2r::StartConversion()	fefates:bytes	0x2FB864	
0x46A580	nn::y2r::CTR::detail::Y2r::DriverInitialize()	fefates:callgraph	0x2FB894	
0x46A5B0	nn::y2r::CTR::detail::Y2r::SetBlockAlignment(nn::y2r::CTR::BlockAlignment)	fefates:bytes	0x2FB900	
0x46A5EC	nn::y2r::CTR::detail::Y2r::SetInputLineWidth(short)	fefates:bytes	0x2FB93C	
0x46A628	nn::y2r::CTR::detail::Y2r::GetTransferEndEvent(nn::Handle*)	fefates:bytes	0x2FB978	
0x46A6AC	nn::y2r::CTR::detail::Y2r::SetStandardCoefficient(nn::y2r::CTR::StandardCoefficient)	fefates:bytes	0x2FB9B4	
0x46A6E8	nn::y2r::CTR::detail::Y2r::SetTransferEndInterrupt(bool)	fefates:bytes	0x2FB9F0	
0x46A764	nn::boss::Initialize()	fefates:bytes	0x10D6B8	
0x46A86C	nn::boss::TaskAction::TaskAction()	fefates:bytes	0x2FC404	
0x46A8B8	nn::boss::TaskPolicy::SetProperty(nn::boss::PropertyType,const void*,unsigned int)	fefates:bytes-fuzzy	0x2FC494	
0x46AA14	nn::boss::TaskPolicy::InitializeWithSecInterval(unsigned int,unsigned int)	fefates:bytes	0x2FC5F0	
0x46AA4C	nn::boss::TaskPolicy::TaskPolicy()	fefates:callgraph	0x2FC628	
0x46AA78	nn::boss::TaskStatus::GetProperty(nn::boss::PropertyType,void*,unsigned int)	fefates:bytes-fuzzy	0x2FC64C	
0x46AD08	nn::boss::TaskStatus::TaskStatus()	fefates:bytes	0x2FC8DC	
0x46AD38	nn::boss::GetErrorCode(unsigned int*,nn::boss::TaskResultCode)	fefates:bytes	0x2FC904	
0x46ADBC	nn::boss::NsDataIdList::GetNsDataId(unsigned short)	fefates:bytes	0x2FC988	
0x46ADE8	nn::boss::NsDataIdList::NsDataIdList(unsigned int*,unsigned short)	fefates:bytes	0x2FC9B4	
0x46AE1C	nn::boss::RegisterTask(nn::boss::Task*,nn::boss::TaskPolicy*,nn::boss::TaskAction*,nn::boss::TaskOption*,unsigned char)	fefates:bytes	0x2FC9E0	
0x46B004	nn::boss::GetTaskIdList(nn::boss::TaskIdList*)	fefates:callseq	0x2FCC58	
0x46B0C8	nn::boss::GetStorageInfo(unsigned int*)	fefates:bytes	0x2FCCD8	
0x46B6F4	nn::boss::TaskActionBase::SetRootCa(unsigned int)	fefates:bytes	0x2FCE9C	
0x46B764	nn::boss::UnregisterTask(nn::boss::Task*,unsigned char)	fefates:bytes	0x2FCF04	
0x46B808	nn::boss::GetNsDataIdList(unsigned int,nn::boss::NsDataIdList*)	fefates:bytes	0x2FCFA8	
0x46B9A0	nn::boss::NsaDownloadAction::Initialize(const char*)	fefates:bytes	0x2FD254	
0x46BADC	nn::boss::UnregisterStorage()	fefates:bytes	0x2FD31C	
0x46BB24	nn::boss::WaitFinishWaitEvent(const nn::fnd::TimeSpan&)	fefates:bytes	0x2FD364	
0x46BCB4	nn::boss::RegisterImmediateTask(nn::boss::Task*,nn::boss::TaskAction*,nn::boss::TaskPolicy*,nn::boss::TaskOption*,unsigned char)	fefates:bytes	0x2FD4F4	
0x46BEE4	nn::boss::DataStoreDownloadAction::Initialize(unsigned int,const wchar_t*)	fefates:bytes	0x2FD724	
0x46C20C	nn::boss::Task::WaitFinish(const nn::fnd::TimeSpan&)	fefates:bytes-fuzzy	0x2FD838	
0x46C2FC	nn::boss::Task::UpdateCount(unsigned int)	fefates:bytes-fuzzy	0x2FD934	
0x46C394	nn::boss::Task::GetStateDetail(nn::boss::TaskStatus*,bool,unsigned char*,unsigned char)	fefates:bytes	0x2FDB6C	
0x46C484	nn::boss::Task::StartImmediate()	fefates:bytes	0x2FDD14	
0x46C524	nn::boss::Task::GetServiceStatus()	fefates:bytes	0x2FE03C	
0x46C5C0	nn::boss::Task::Start()	fefates:bytes	0x2FE158	nn::boss::Task::Cancel()
0x46C64C	nn::boss::Task::GetState(bool,unsigned int*,unsigned char*)	fefates:bytes-fuzzy	0x2FE694	
0x46C738	nn::boss::Task::GetResult(unsigned int*,unsigned char*)	fefates:bytes	0x2FE7B8	
0x46C854	nn::boss::NsData::Initialize(unsigned int)	fefates:bytes-fuzzy	0x2FE8C8	
0x46C874	nn::boss::NsData::GetReadFlag(bool*)	fefates:bytes-fuzzy	0x2FE928	
0x46C920	nn::boss::NsData::SetReadFlag(bool)	fefates:bytes	0x2FE9F4	
0x46C9B8	nn::boss::NsData::GetHeaderInfo(nn::boss::HeaderInfoType,void*,unsigned int)	fefates:bytes	0x2FEB74	
0x46CC34	nn::boss::NsData::ReadData(unsigned char*,unsigned int)	fefates:bytes	0x2FEEF0	
0x46CED8	nn::boss::NsData::NsData()	fefates:bytes	0x2FF7AC	
0x46CF24	nn::boss::detail::IpcManager::FinalizeUserIpc()	fefates:bytes	0x122720	
0x46CF6C	nn::boss::detail::IpcManager::InitializeUserIpc()	fefates:bytes	0x122768	
0x46D074	nn::boss::detail::IpcManager::~IpcManager()	fefates:bytes	0x2FF7F0	
0x46D0D4	nn::boss::detail::User::ReadNsData(unsigned int,long long,unsigned char*,unsigned int,unsigned int*,unsigned int*)	fefates:bytes	0x30185C	
0x46D168	nn::boss::detail::Privileged::GetErrorCode(unsigned int*,nn::boss::TaskResultCode)	fefates:callgraph	0x2FFB50	
0x46D214	nn::boss::detail::Privileged::RegisterTask(const unsigned char*,unsigned int,unsigned char,unsigned char)	fefates:bytes	0x2FFC54	
0x46D268	nn::boss::detail::Privileged::SendProperty(nn::boss::PropertyType,const unsigned char*,unsigned int)	fefates:callgraph	0x2FFCA8	
0x46D2E8	nn::boss::detail::Privileged::GetTaskResult(const unsigned char*,unsigned int,nn::boss::TaskResultCode*,unsigned int*,unsigned char*)	fefates:callgraph	0x2FFD2C	
0x46D348	nn::boss::detail::User::GetTaskStatus(const unsigned char*,unsigned int,bool,unsigned char*,unsigned char)	fefates:bytes	0x301B78	
0x46D3E0	nn::boss::detail::Privileged::GetStorageInfo(unsigned int*)	fefates:callgraph	0x2FFEB8	
0x46D414	nn::boss::detail::Privileged::UnregisterTask(const unsigned char*,unsigned int,unsigned char)	fefates:callgraph	0x2FFEEC	
0x46D460	nn::boss::detail::Privileged::GetNsDataIdList(unsigned int,unsigned int*,unsigned int,unsigned short*,unsigned short,unsigned int,unsigned short*)	fefates:callgraph	0x2FFF38	
0x46D5E0	nn::boss::detail::Privileged::SetNsDataNewFlag(unsigned int,bool)	fefates:callgraph	0x3000C8	
0x46D61C	nn::boss::detail::Privileged::UnregisterStorage()	fefates:callgraph	0x300164	
0x46D644	nn::boss::detail::Privileged::SendPropertyHandle(nn::boss::PropertyType,nn::Handle)	fefates:callgraph	0x30018C	
0x46D688	nn::boss::detail::User::StartTaskImmediate(const unsigned char*,unsigned int)	fefates:bytes	0x30205C	
0x46D6C8	nn::boss::detail::Privileged::GetNsDataHeaderInfo(unsigned int,nn::boss::HeaderInfoType,unsigned char*,unsigned int)	fefates:callgraph	0x3002FC	
0x46D71C	nn::boss::detail::Privileged::GetTaskFinishHandle(nn::Handle*)	fefates:callgraph	0x300350	
0x46D790	nn::boss::detail::Privileged::GetTaskServiceStatus(const unsigned char*,unsigned int,nn::boss::TaskServiceStatus*)	fefates:callgraph	0x300384	
0x46D7DC	nn::boss::detail::Privileged::ReadNsDataPrivileged(unsigned long long,unsigned int,long long,unsigned char*,unsigned int,unsigned int*,unsigned int*)	fefates:bytes	0x3003D0	
0x46D850	nn::boss::detail::Privileged::RegisterImmediateTask(const unsigned char*,unsigned int,unsigned char,unsigned char)	fefates:callgraph	0x30048C	
0x46D8A4	nn::boss::detail::Privileged::DeleteNsDataPrivileged(unsigned long long,unsigned int)	fefates:bytes	0x3004E0	
0x46D8DC	nn::boss::detail::Privileged::GetNsDataNewFlagPrivileged(unsigned long long,unsigned int,bool*)	fefates:bytes	0x300518	
0x46D920	nn::boss::detail::Privileged::SetNsDataNewFlagPrivileged(unsigned long long,unsigned int,bool)	fefates:bytes	0x30055C	
0x46D960	nn::boss::detail::Privileged::GetNsDataHeaderInfoPrivileged(unsigned long long,unsigned int,nn::boss::HeaderInfoType,unsigned char*,unsigned int)	fefates:bytes	0x30059C	
0x46DA04	nn::boss::detail::Privileged::StartTask(const unsigned char*,unsigned int)	fefates:callgraph	0x3005F8	
0x46DA44	nn::boss::detail::CheckTaskIdOk(const char*)	fefates:callgraph	0x300638	
0x46DA5C	nn::boss::detail::IsFgOnlyTaskId(const char*)	fefates:bytes	0x300678	
0x46DA94	nn::boss::detail::FinalizeUserIpc()	fefates:callgraph	0x117D9C	
0x46DAA0	nn::boss::detail::InitilizeUserIpc()	fefates:callgraph	0x117DA8	
0x46DAAC	nn::boss::detail::GetUserIpcInstance(nn::boss::detail::User*&)	fefates:bytes	0x3006B0	
0x46DAE0	nn::boss::detail::SendUserTaskAction(nn::boss::TaskActionConfig*)	fefates:bytes-fuzzy	0x3006E4	
0x46DCB4	nn::boss::detail::SendUserTaskOption(nn::boss::TaskOptionConfig*)	fefates:bytes-fuzzy	0x3008B8	
0x46DD24	nn::boss::detail::SendUserTaskPolicy(nn::boss::TaskPolicyConfig*)	fefates:bytes	0x3009B4	
0x46DDA0	nn::boss::detail::ReceiveUserTaskStatus(nn::boss::TaskStatusInfo*)	fefates:bytes-fuzzy	0x300AC0	
0x46DEF0	nn::boss::detail::VerifyTaskActionConfig(nn::boss::TaskActionConfig*)	fefates:bytes-fuzzy	0x300DBC	
0x46DFE4	nn::boss::detail::VerifyTaskOptionConfig(nn::boss::TaskOption*)	fefates:bytes	0x3012A0	
0x46E00C	nn::boss::detail::VerifyTaskPolicyConfig(nn::boss::TaskPolicy*)	fefates:bytes-fuzzy	0x3012FC	
0x46E108	nn::boss::detail::GetPrivilegedIpcInstance(nn::boss::detail::Privileged*&)	fefates:bytes	0x301408	
0x46E13C	nn::boss::detail::SendPropertyUserInternal(nn::boss::PropertyType,nn::Handle)	fefates:bytes	0x30143C	
0x46E1E8	nn::boss::detail::SendPropertyUserInternal(nn::boss::PropertyType,unsigned char*,unsigned int)	fefates:bytes	0x3014E8	
0x46E2A0	nn::boss::detail::ChangeBossRetCodeToResult(nn::boss::ResultCode)	fefates:callgraph	0x12E2AC	
0x46E960	nn::boss::detail::User::ReadNsData(unsigned int,long long,unsigned char*,unsigned int,unsigned int*,unsigned int*)	fefates:bytes	0x30185C	
0x46E9F4	nn::boss::detail::User::GetErrorCode(unsigned int*,nn::boss::TaskResultCode)	fefates:callgraph	0x3018F0	
0x46EAA0	nn::boss::detail::Privileged::RegisterTask(const unsigned char*,unsigned int,unsigned char,unsigned char)	fefates:bytes	0x2FFC54	
0x46EAF4	nn::boss::detail::User::SendProperty(nn::boss::PropertyType,const unsigned char*,unsigned int)	fefates:callgraph	0x301AA4	
0x46EB74	nn::boss::detail::User::GetTaskResult(const unsigned char*,unsigned int,nn::boss::TaskResultCode*,unsigned int*,unsigned char*)	fefates:callgraph	0x301B18	
0x46EBD4	nn::boss::detail::User::GetTaskStatus(const unsigned char*,unsigned int,bool,unsigned char*,unsigned char)	fefates:bytes	0x301B78	
0x46EC6C	nn::boss::detail::User::GetStorageInfo(unsigned int*)	fefates:callgraph	0x301BDC	
0x46ECA0	nn::boss::detail::User::UnregisterTask(const unsigned char*,unsigned int,unsigned char)	fefates:callgraph	0x301C10	
0x46ECEC	nn::boss::detail::User::GetNsDataIdList(unsigned int,unsigned int*,unsigned int,unsigned short*,unsigned short,unsigned int,unsigned short*)	fefates:callgraph	0x301C5C	
0x46EE6C	nn::boss::detail::User::SetNsDataNewFlag(unsigned int,bool)	fefates:callgraph	0x301EEC	
0x46EEA8	nn::boss::detail::User::InitializeSession(unsigned long long)	fefates:bytes	0x12E85C	
0x46EEE0	nn::boss::detail::User::UnregisterStorage()	fefates:callgraph	0x301F28	
0x46EF08	nn::boss::detail::User::SendPropertyHandle(nn::boss::PropertyType,nn::Handle)	fefates:callgraph	0x302018	
0x46EF4C	nn::boss::detail::User::StartTaskImmediate(const unsigned char*,unsigned int)	fefates:bytes	0x30205C	
0x46EF8C	nn::boss::detail::User::GetNsDataHeaderInfo(unsigned int,nn::boss::HeaderInfoType,unsigned char*,unsigned int)	fefates:callgraph	0x302298	
0x46EFE0	nn::boss::detail::User::GetTaskFinishHandle(nn::Handle*)	fefates:callgraph	0x3022EC	
0x46F054	nn::boss::detail::User::GetTaskServiceStatus(const unsigned char*,unsigned int,nn::boss::TaskServiceStatus*)	fefates:callgraph	0x302320	
0x46F0A0	nn::boss::detail::User::RegisterImmediateTask(const unsigned char*,unsigned int,unsigned char,unsigned char)	fefates:callgraph	0x3023E0	
0x46F0F4	nn::boss::detail::User::StartTask(const unsigned char*,unsigned int)	fefates:callgraph	0x30246C	
0x46F134	nn::boss::detail::strnlen(const char*,unsigned int)	fefates:bytes	0x302584	
0x46F154	nn::boss::detail::wcsnlen(const wchar_t*,unsigned int)	fefates:bytes	0x3025A4	
0x46F178	nn::boss::Finalize()	fefates:bytes	0x10D6F4	
0x46F1A8	nn::http::Connection::Initialize(const char*,nn::http::RequestMethod,bool)	fefates:bytes	0x302610	
0x46F4A0	nn::http::Connection::SetLazyPostDataSetting(nn::http::PostDataType,unsigned int)	fefates:bytes	0x302B50	
0x46F554	nn::http::Connection::Cancel()	fefates:bytes	0x302C04	
0x46F590	nn::http::Connection::Finalize()	fefates:bytes	0x302C40	
0x46F5EC	nn::http::Connection::SetRootCa(const unsigned char*,unsigned int)	fefates:bytes	0x302CB4	
0x46F63C	nn::http::Connection::Connection()	fefates:bytes	0x302D04	
0x46F6B8	nn::http::Connection::~Connection()	fefates:bytes-fuzzy	0x302D20	
0x46F728	nn::http::ConnectionIpc::GetResultCode(int,int*)	fefates:bytes	0x302D94	
0x46F764	nn::http::ConnectionIpc::AddHeaderField(int,const char*,unsigned int,const char*,unsigned int)	fefates:bytes	0x302DD0	
0x46F7C4	nn::http::ConnectionIpc::FinalizeClient()	fefates:bytes	0x12280C	
0x46F7EC	nn::http::ConnectionIpc::GetHeaderField(int,const char*,unsigned int,char*,unsigned int,unsigned int*)	fefates:bytes	0x302E30	
0x46F858	nn::http::ConnectionIpc::SendPostDataRaw(int,const unsigned char*,unsigned int)	fefates:bytes	0x302EB0	
0x46F89C	nn::http::ConnectionIpc::SetProxyDefault(int)	fefates:bytes	0x302EF4	
0x46F92C	nn::http::ConnectionIpc::CancelConnection(int)	fefates:bytes	0x302F24	
0x46F95C	nn::http::ConnectionIpc::CreateConnection(const char*,unsigned int,nn::http::RequestMethod,int*)	fefates:bytes	0x302F54	
0x46FA14	nn::http::ConnectionIpc::DestroyConnection(int)	fefates:bytes	0x302FAC	
0x46FA44	nn::http::ConnectionIpc::SetInternalRootCA(int,unsigned int)	fefates:bytes	0x302FDC	
0x46FA78	nn::http::ConnectionIpc::StartConnectionAsync(int)	fefates:bytes	0x303010	
0x46FAA8	nn::http::ConnectionIpc::GetConnectionProgress(int,unsigned int*,unsigned int*)	fefates:bytes	0x303040	
0x46FAF0	nn::http::ConnectionIpc::GetConnectionSslError(int,int*)	fefates:bytes	0x303088	
0x46FB2C	nn::http::ConnectionIpc::SetInternalClientCert(int,unsigned int)	fefates:bytes	0x3030C4	
0x46FB60	nn::http::ConnectionIpc::SetLazyPostDataSetting(int,nn::http::PostDataType)	fefates:bytes	0x3030F8	
0x46FB9C	nn::http::ConnectionIpc::InitializeGeneralSession(nn::Handle,unsigned int)	fefates:callgraph	0x303134	
0x46FBE0	nn::http::ConnectionIpc::NofityFinishSendPostData(int)	fefates:bytes	0x303178	
0x46FC10	nn::http::ConnectionIpc::InitializeConnectionSession(int)	fefates:bytes	0x3031A8	
0x46FC48	nn::http::ConnectionIpc::SetLazyPostDataSettingWithSize(int,nn::http::PostDataType,unsigned int)	fefates:bytes	0x3031E0	
0x46FC88	nn::http::ConnectionIpc::ReadBody(int,unsigned char*,unsigned int)	fefates:bytes	0x303220	
0x46FCCC	nn::http::ConnectionIpc::SetRootCA(int,const unsigned char*,unsigned int)	fefates:bytes	0x303264	
0x46FD10	nn::http::detail::LibManager::Initialize(unsigned int,unsigned int)	fefates:bytes	0x3032A8	
0x46FE70	nn::http::detail::LibManager::~LibManager()	fefates:bytes	0x3033AC	
0x46FF10	nn::http::Finalize()	fefates:bytes	0x117DB8	
0x47DC98	nn::math::SinCosFIdx(float*,float*,float)	fefates:bytes	0x136CDC	
0x47DDD0	nn::math::VEC3SafeNormalize(nn::math::VEC3*,const nn::math::VEC3*,const nn::math::VEC3&)	fefates:bytes	0x303404	
0x47DEF0	nn::math::ARMv6::HermiteC_FAST(float,float,float,float,float,float)	fefates:bytes	0x3034AC	
0x47DFCC	nn::math::ARMv6::MTX44PivotC_FAST(nn::math::MTX44*,nn::math::PivotDirection)	fefates:bytes	0x13F258	
0x47E088	nn::math::ARMv6::MTX34LookAtC_FAST(nn::math::MTX34*,const nn::math::VEC3*,const nn::math::VEC3*,const nn::math::VEC3*)	fefates:bytes	0x13B8BC	
0x47E180	nn::math::ARMv6::MTX34ToQUATC_FAST(nn::math::QUAT*,const nn::math::MTX34*)	fefates:bytes	0x3034F8	
0x47E324	nn::math::ARMv6::QUATToMTX34C_FAST(nn::math::MTX34*,const nn::math::QUAT*,bool)	fefates:bytes	0x30369C	
0x47E3F8	nn::math::ARMv6::MTX44FrustumC_FAST(nn::math::MTX44*,float,float,float,float,float,float)	fefates:bytes	0x13F314	
0x47E49C	nn::math::MTX34::Identity()	fefates:bytes	0x303CC8	
0x47E5AC	nn::math::CosIdx(unsigned short)	fefates:bytes	0x303D48	
0x47E5E4	nn::math::SinIdx(unsigned short)	fefates:bytes	0x303D80	
0x47E660	nn::math::CosFIdx(float)	fefates:bytes	0x117E18	
0x47E6BC	nn::math::SinFIdx(float)	fefates:bytes	0x117E74	
0x47E738	nn::math::VEC3Cross(nn::math::VEC3*,const nn::math::VEC3*,const nn::math::VEC3*)	fefates:bytes	0x303FA8	
0x47E788	nn::ulcd::CTR::StereoCamera::Initialize()	fefates:bytes	0x10D724	
0x47E85C	nn::ulcd::CTR::StereoCamera::SetBaseCamera(const nn::math::MTX34*)	fefates:bytes	0x13B9B4	
0x47E8DC	nn::ulcd::CTR::StereoCamera::CalculateMatrices(nn::math::MTX44*,nn::math::MTX34*,nn::math::MTX44*,nn::math::MTX34*,float,float,nn::math::PivotDirection,bool)	fefates:bytes	0x13BA9C	
0x47EFA0	nn::ulcd::CTR::StereoCamera::StereoCamera()	fefates:bytes	0x10D7F8	
0x47EFBC	nn::ulcd::CTR::anonymous_namespace::GetLookPose(const nn::math::MTX34*,nn::math::VEC3*,nn::ulcd::CTR::anonymous_namespace::Direction*)	fefates:bytes	0x13F3B8	
0x47F1B8	nn::util::Crc32::Calculate(const void*,unsigned int,unsigned int)	fefates:bytes	0x3045D8	
0x47F5F4	nn::fslow::QueryOptimalBucketCount(unsigned int)	fefates:bytes	0x117EF0	
0x47F6FC	nngxlowIsSwapPending	fefates:callgraph	0x117FF8	
0x47F700	nn::gxlow::CTR::IsSwapPending(int)	fefates:bytes	0x117FFC	
0x47F71C	nn::gxlow::CTR::SetBufferSwap(int,int,void*,void*,unsigned int,unsigned int,unsigned int)	fefates:bytes	0x118018	
0x47F7D8	nn::gxlow::CTR::ImportDisplayCaptureInfo(nn::gxlow::CTR::DisplayCaptureInfo*)	fefates:bytes	0x12EFAC	
0x47F874	nn::gxlow::CTR::Gpu::ImportDisplayCaptureInfo(nn::gxlow::CTR::DisplayCaptureInfo*)	fefates:bytes	0x1370D4	
0x47F8C4	nn::applet::CTR::DisableSleep(bool)	fefates:bytes	0x10D8D4	
0x47F8FC	nn::applet::CTR::JumpToManual()	fefates:bytes	0x107804	
0x47F9B0	nn::applet::CTR::IsEnableSleep()	fefates:callgraph	0x118284	
0x47F9C0	nn::applet::CTR::GetAppletVersion(unsigned int,unsigned short*)	fefates:bytes	0x305684	
0x47F9F8	nn::applet::CTR::IsHomeMenuResident()	fefates:bytes	0x118344	
0x47FBE0	nn::applet::CTR::GetSleepNotificationState()	fefates:callseq-callee	0x10D9F4	
0x47FD04	nn::applet::CTR::IsExpectedToJumpToHomeMenu()	fefates:callgraph	0x10DA04	
0x47FD28	nn::applet::CTR::SysSleepAcceptedCallbackInfo::Unregister()	fefates:bytes	0x30577C	
0x47FDA8	nn::applet::CTR::SysSleepAcceptedCallbackInfo::Register()	fefates:bytes	0x3057FC	
0x47FE7C	nn::applet::CTR::IsExpectedToProcessHomeButton()	fefates:bytes	0x1079DC	
0x47FEA0	nn::applet::CTR::detail::CaptureScreen(unsigned int)	fefates:bytes	0x305908	
0x47FFD4	nn::applet::CTR::detail::GetDisplayInfo(nn::applet::CTR::AppletDisplayInfo*)	fefates:bytes	0x122F6C	
0x480038	nn::applet::CTR::detail::JumpToHomeMenu(const unsigned char*,unsigned int,nn::Handle)	fefates:callgraph	0x10DA80	
0x480198	nn::applet::CTR::detail::ConvertL16ToB16(unsigned int*,const unsigned int*,unsigned int,const nn::applet::CTR::detail::OffsetTable&)	fefates:bytes	0x305AE0	
0x480208	nn::applet::CTR::detail::ConvertL24ToB24(unsigned int*,const unsigned int*,unsigned int,const nn::applet::CTR::detail::OffsetTable&)	fefates:bytes	0x305B50	
0x4802E8	nn::applet::CTR::detail::WaitForRegister(unsigned int,nn::fnd::TimeSpan)	fefates:bytes	0x123058	
0x48046C	nn::applet::CTR::detail::GetAppletManInfo(nn::applet::CTR::AppletPos,nn::applet::CTR::AppletPos*,unsigned int*,unsigned int*,unsigned int*)	fefates:bytes	0x10E050	
0x4804F0	nn::applet::CTR::detail::StartSystemApplet(unsigned int,const unsigned char*,unsigned int,nn::Handle)	fefates:callgraph	0x10E238	
0x480710	nn::applet::CTR::detail::StartLibraryApplet(unsigned int,const unsigned char*,unsigned int,nn::Handle)	fefates:callgraph	0x305C54	
0x48089C	nn::applet::CTR::detail::WaitToCaptureScreen(unsigned int,nn::Handle*)	fefates:bytes	0x1232C0	
0x480998	nn::applet::CTR::detail::CalcCaptureBufferInfo(nn::applet::CTR::CaptureBufferInfo*)	fefates:callgraph	0x1233BC	
0x480ACC	nn::applet::CTR::detail::SendCaptureBufferInfo(const unsigned char*,unsigned int)	fefates:callgraph	0x1234F0	
0x480AF8	nn::applet::CTR::detail::PrepareToJumpToHomeMenu()	fefates:bytes	0x10E838	
0x480B84	nn::applet::CTR::detail::CaptureDisplayBuffer(unsigned int,const nn::applet::CTR::AppletDisplayInfo*,const nn::applet::CTR::CaptureBufferInfo*)	fefates:bytes	0x305EA0	
0x480C18	nn::applet::CTR::detail::CaptureDisplayBufferCore(unsigned int,const nn::applet::CTR::AppletDisplayInfo*,bool,bool)	fefates:bytes-fuzzy	0x305F34	
0x480DE0	nn::applet::CTR::detail::AttachTransferMemoryHandle(nn::os::TransferMemoryBlock*,nn::Handle,unsigned int,unsigned int)	fefates:bytes	0x3060FC	
0x480DF4	nn::applet::CTR::detail::PrepareToStartSystemApplet(unsigned int)	fefates:bytes	0x10E970	
0x480F00	nn::applet::CTR::detail::PrepareToStartLibraryApplet(unsigned int)	fefates:bytes	0x306110	
0x480FEC	nn::applet::CTR::detail::CaptureScreenForSystemApplet(unsigned int)	fefates:bytes	0x118D18	
0x481174	nn::applet::CTR::detail::APPLET::JumpToHomeMenu(const unsigned char*,unsigned int,nn::Handle)	fefates:bytes	0x118DE4	
0x4811C8	nn::applet::CTR::detail::APPLET::GetAppletManInfo(nn::applet::CTR::AppletPos,nn::applet::CTR::AppletPos*,unsigned int*,unsigned int*,unsigned int*)	fefates:bytes	0x118E8C	
0x481238	nn::applet::CTR::detail::APPLET::StartSystemApplet(unsigned int,const unsigned char*,unsigned int,nn::Handle)	fefates:bytes	0x118F60	
0x481288	nn::applet::CTR::detail::APPLET::StartLibraryApplet(unsigned int,const unsigned char*,unsigned int,nn::Handle)	fefates:bytes	0x3062AC	
0x4812D8	nn::applet::CTR::detail::APPLET::GetAppletProgramInfo(unsigned int,unsigned int,unsigned short*)	fefates:bytes	0x3062FC	
0x48131C	nn::applet::CTR::detail::APPLET::SendCaptureBufferInfo(const unsigned char*,unsigned int)	fefates:bytes	0x12F460	nn::nim::CTR::detail::Aoc::SetApplicationId(const char*,unsigned int) | nn::nim::CTR::detail::Aoc::SetTin(const char*,unsigned int)
0x4813A4	nn::applet::CTR::detail::APPLET::PrepareToJumpToHomeMenu()	fefates:callgraph	0x118FEC	
0x4813D4	nn::applet::CTR::detail::APPLET::GetApplicationRunningMode(nn::applet::CTR::ApplicationRunningMode*)	fefates:bytes	0x306378	
0x481414	nn::applet::CTR::detail::APPLET::PrepareToStartSystemApplet(unsigned int)	fefates:bytes	0x1190A4	
0x48144C	nn::applet::CTR::detail::APPLET::PrepareToStartLibraryApplet(unsigned int)	fefates:bytes	0x3063B8	
0x482204	nn::y2r::CTR::detail::Y2r::SetInputFormat(nn::y2r::CTR::InputFormat)	fefates:bytes	0x2FB7BC	
0x482820	nn::crypto::Md5Context::Initialize()	fefates:callgraph	0x3063F0	
0x482858	nn::crypto::Md5Context::ProcessBlock()	fefates:bytes	0x306420	
0x482B9C	nn::crypto::Md5Context::Update(const void*,unsigned int)	fefates:bytes	0x306758	
0x482C68	nn::crypto::Md5Context::GetHash(void*)	fefates:bytes	0x306824	
0x482DF8	nn::crypto::Sha1Context::Initialize()	fefates:bytes	0x3069A8	
0x482E4C	nn::crypto::Sha1Context::ProcessBlock()	fefates:bytes	0x3069F4	
0x4831BC	nn::crypto::Sha1Context::GetHash(void*)	fefates:bytes	0x306D00	
0x483278	nn::crypto::CalculateSha1(void*,const void*,unsigned int)	fefates:bytes	0x306D98	
0x4834A8	nn::crypto::AuthenticatedDecryptor::DecryptAndVerify(void*,unsigned int,const void*,unsigned int,const void*,unsigned int,const void*,unsigned int)	fefates:bytes	0x306F5C	
0x4835AC	nn::crypto::AuthenticatedEncryptor::EncryptAndGenerate(void*,void*,unsigned int,const void*,unsigned int,const void*,unsigned int,unsigned int)	fefates:bytes	0x307060	
0x483674	nn::crypto::DecryptAndVerifyAes128Ccm(void*,const void*,unsigned int,const void*)	fefates:bytes	0x307128	
0x483724	nn::crypto::EncryptAndGenerateAes128Ccm(void*,const void*,unsigned int,const void*)	fefates:bytes	0x3071D8	
0x48380C	nn::crypto::detail::anonymous_namespace::ProcessCbcBlocks(void*,const void*,int,const nn::crypto::BlockCipher*)	fefates:bytes	0x3072C0	
0x48389C	nn::crypto::detail::CcmMode::Initialize(const nn::crypto::BlockCipher&,const void*,unsigned int,unsigned int,unsigned int,unsigned int)	fefates:bytes	0x307350	
0x4839E0	nn::crypto::detail::CcmMode::GenerateMac(void*,unsigned int)	fefates:bytes	0x307494	
0x483A4C	nn::crypto::detail::CcmMode::UpdateAdata(const void*,unsigned int)	fefates:bytes	0x307500	
0x483B0C	nn::crypto::detail::CcmMode::UpdateCdata(void*,unsigned int,const void*,unsigned int)	fefates:bytes	0x3075C0	
0x483C5C	nn::crypto::detail::CcmMode::UpdatePdata(void*,unsigned int,const void*,unsigned int)	fefates:bytes	0x307710	
0x483DB0	nn::crypto::detail::CcmMode::UpdateAdataFinal()	fefates:bytes	0x307864	
0x483E00	nn::crypto::detail::CcmMode::UpdateCdataFinal(void*,unsigned int)	fefates:bytes	0x3078B4	
0x483EA0	nn::crypto::detail::CcmMode::UpdatePdataFinal(void*,unsigned int)	fefates:bytes	0x307954	
0x483F44	nn::crypto::detail::CcmMode::Finalize()	fefates:bytes	0x3079F0	
0x483F8C	nn::hidlow::ClampStickCross(short*,short*,int,int,int,int)	fefates:bytes	0x123A18	
0x484090	nn::hidlow::ClampStickCircle(short*,short*,int,int,int,int)	fefates:bytes	0x123B1C	
0x484174	nn::hidlow::ClampStickMinimum(short*,short*,int,int,int,int)	fefates:bytes	0x123C00	
0x484340	nn::hidlow::GatherStartAndSelect(nn::hid::CTR::PadStatus*)	fefates:callgraph	0x123DCC	
0x48434C	nn::hidlow::GatherStartAndSelect(unsigned int&,unsigned int&,unsigned int&)	fefates:bytes	0x123DD8	
0x484414	nn::hidlow::CTR::PadLifoRing::ReadData(nn::hid::CTR::PadStatus*,int,int*,long long*,int*)	fefates:bytes	0x119434	
0x4845BC	nn::hidlow::CTR::TouchPanelLifoRing::ReadData(nn::hid::CTR::TouchPanelStatus*,int,int*,long long*,int*)	fefates:bytes	0x1195DC	
0x484A18	nn::socket::Initialize(unsigned int,unsigned int,int,int)	fefates:bytes	0x307A38	
0x484B74	nn::socket::Privileged::GetHostId(unsigned int*)	fefates:bytes	0x307B94	
0x484BA8	nn::socket::GetAddrInfo(const char*,const char*,const nn::socket::AddrInfo*,nn::socket::AddrInfo**)	fefates:bytes	0x307BC8	
0x484BE4	nn::socket::FreeAddrInfo(nn::socket::AddrInfo*)	fefates:callgraph	0x307C04	
0x484C24	nn::socket::GetPrimaryAddress(unsigned char*,unsigned char*)	fefates:bytes	0x307C44	
0x484CA0	nn::socket::GetRequiredMemorySize(unsigned int,int)	fefates:bytes	0x307CC0	
0x484CC0	nn::socket::IPAtoN(const char*,unsigned char*)	fefates:bytes	0x307CE0	
0x484E74	nn::socket::detail::SetSockOpt(int*,int,int,int,const unsigned char*,int)	fefates:bytes	0x307E94	
0x484EE0	nn::socket::detail::GetAddrInfo(int*,const char*,unsigned int,const char*,unsigned int,const unsigned char*,int,int*,unsigned char*,unsigned int)	fefates:bytes	0x307F00	
0x4853D4	nn::socket::detail::SendToSmall(int*,int,const unsigned char*,int,int,const unsigned char*,unsigned int)	fefates:callgraph	0x3083F4	
0x485874	nn::socket::detail::SessionItem::SessionItem()	fefates:bytes	0x308894	
0x485888	nn::socket::detail::SessionPool::SemiFinalize()	fefates:bytes	0x12F5D4	
0x485994	nn::socket::detail::SessionPool::AddNewSession()	fefates:bytes	0x3088A8	
0x485AA4	nn::socket::detail::DnsUserClient::GetAddrInfo(const char*,const char*,const nn::socket::AddrInfo*,nn::socket::AddrInfo**)	fefates:bytes	0x3089B8	
0x485EE4	nn::socket::detail::DnsUserClient::FreeAddrInfo(nn::socket::AddrInfo*)	fefates:bytes	0x308DF8	
0x485F3C	nn::socket::detail::DnsUserClient::GetHostByName(const char*)	fefates:bytes	0x308E50	
0x486054	nn::socket::detail::DnsUserClient::MakeHostEntry()	fefates:bytes	0x308F68	
0x4862F8	nn::socket::detail::GetHostByName(int*,const char*,unsigned int,unsigned char*,unsigned int)	fefates:bytes	0x3091FC	
0x486780	nn::socket::detail::GetNetworkOpt(int*,int,int,unsigned char*,int*)	fefates:bytes	0x309684	
0x4867E4	nn::socket::detail::RecvFromSmall(int*,int,unsigned char*,int,int,unsigned char*,unsigned int)	fefates:bytes	0x3096E8	
0x486C84	nn::socket::detail::SessionPoolAuto::~SessionPoolAuto()	fefates:bytes	0x309B88	
0x486DCC	nn::socket::detail::SendToSmallMulti(int*,int,const unsigned char*,int,int,const unsigned char*,unsigned int,unsigned int)	fefates:bytes	0x309CD0	
0x487284	nn::socket::detail::ConvertErrorResult(nn::Result)	fefates:bytes-fuzzy	0x30A188	
0x487390	nn::socket::detail::FinalizeSessionPool()	fefates:bytes	0x123EA0	
0x48746C	nn::socket::detail::InitializeDnsClient()	fefates:bytes	0x30A294	
0x487528	nn::socket::detail::InitializeSessionPool(nn::fnd::IAllocator&,int)	fefates:bytes	0x30A350	
0x487960	nn::socket::detail::FinalizeControlSession()	fefates:bytes	0x123F7C	
0x4879B0	nn::socket::detail::InitializeControlSession(unsigned int,unsigned int)	fefates:bytes	0x30A788	
0x487A78	nn::socket::detail::GetRequiredMemorySizeForSessionPool(int)	fefates:callgraph	0x30A850	
0x487A84	nn::socket::detail::Bind(int*,int,const unsigned char*,unsigned int)	fefates:callgraph	0x30A85C	
0x487F14	nn::socket::detail::Free(void*)	fefates:bytes	0x30ACEC	
0x487F48	nn::socket::detail::Poll(int*,nn::socket::PollFd*,unsigned int,int)	fefates:bytes	0x30AD20	
0x4883DC	nn::socket::detail::User::SetSockOpt(int*,int,int,int,const unsigned char*,int)	fefates:bytes	0x30B1B4	
0x488444	nn::socket::detail::User::GetAddrInfo(int*,const char*,unsigned int,const char*,unsigned int,const unsigned char*,int,int*,unsigned char*,unsigned int)	fefates:bytes	0x30B21C	
0x48850C	nn::socket::detail::User::GetSockName(int*,int,unsigned char*,unsigned int)	fefates:bytes	0x30B2E4	
0x488578	nn::socket::detail::User::SendToSmall(int*,int,const unsigned char*,int,int,const unsigned char*,unsigned int)	fefates:bytes	0x30B350	
0x4885FC	nn::socket::detail::User::AttachProcess(nn::Handle,unsigned int)	fefates:callgraph	0x30B3D4	
0x488640	nn::socket::detail::User::DetachProcess()	fefates:callgraph	0x12F6E0	
0x488668	nn::socket::detail::User::GetHostByName(int*,const char*,unsigned int,unsigned char*,unsigned int)	fefates:bytes	0x30B418	
0x4886E4	nn::socket::detail::User::GetNetworkOpt(int*,int,int,unsigned char*,int*)	fefates:bytes	0x30B494	
0x488760	nn::socket::detail::User::RecvFromSmall(int*,int,unsigned char*,int*,int,unsigned char*,unsigned int)	fefates:bytes	0x30B510	
0x488804	nn::socket::detail::User::SendToSmallMulti(int*,int,const unsigned char*,int,int,const unsigned char*,unsigned int,unsigned int)	fefates:bytes	0x30B5B4	
0x48887C	nn::socket::detail::User::Bind(int*,int,const unsigned char*,unsigned int)	fefates:bytes	0x30B62C	
0x4888DC	nn::socket::detail::User::Poll(int*,const nn::socket::PollFd*,nn::socket::PollFd*,unsigned int,int)	fefates:bytes	0x30B68C	
0x488968	nn::socket::detail::User::Close(int*,int)	fefates:bytes	0x30B718	
0x4889AC	nn::socket::detail::User::Fcntl(int*,int,int,int)	fefates:bytes	0x30B75C	
0x4889F8	nn::socket::detail::User::SendTo(int*,int,const unsigned char*,int,int,const unsigned char*,unsigned int)	fefates:bytes	0x30B7A8	
0x488A7C	nn::socket::detail::User::Socket(int*,int,int,int)	fefates:bytes	0x30B82C	
0x488B28	nn::socket::detail::User::RecvFrom(int*,int,unsigned char*,int,int,unsigned char*,unsigned int)	fefates:bytes	0x30B878	
0x488BAC	nn::socket::detail::User::Shutdown(int*,int,int)	fefates:bytes	0x30B8FC	
0x488BF0	nn::socket::detail::User::GetHostId(unsigned int*)	fefates:bytes	0x30B940	
0x488C24	nn::socket::detail::Close(int*,int)	fefates:bytes	0x30B974	
0x48912C	nn::socket::detail::SendTo(int*,int,const unsigned char*,int,int,const unsigned char*,unsigned int)	fefates:callgraph	0x30BE7C	
0x4895CC	nn::socket::detail::Socket(int*,int,int,int)	fefates:callgraph	0x30C31C	
0x489AB8	nn::socket::detail::Allocate(unsigned int,int)	fefates:bytes	0x30C378	
0x489B18	nn::socket::detail::RecvFrom(int*,int,unsigned char*,int,int,unsigned char*,unsigned int)	fefates:callseq	0x30C3D8	
0x489FB8	nn::socket::detail::Shutdown(int*,int,int)	fefates:bytes	0x30C878	
0x48A4EC	nn::socket::detail::GetHostId(unsigned int*)	fefates:bytes	0x30CDAC	
0x48A550	nn::socket::Finalize()	fefates:bytes	0x119750	
0x48A628	nn::socket::InetNtoP(int,const void*,char*,unsigned int)	fefates:bytes	0x30CE10	
0x48A6A0	nn::socket::InetPtoN(int,const char*,void*)	fefates:bytes	0x30CE88	
0x48A874	nn::erreula::CTR::StartErrEulaApplet(nn::applet::CTR::WakeupState*,nn::erreula::CTR::Parameter*)	fefates:bytes	0x30CF4C	
0x48A904	nn::friends::CTR::detail::HasLoggedIn()	fefates:bytes	0x30D1A4	
0x48A968	nn::friends::CTR::detail::GetMyPassword(char*)	fefates:bytes	0x30D208	
0x48A9E0	nn::ac::CTR::IsInitialized()	fefates:bytes	0x22A27C	nn::friends::CTR::detail::IsInitialized()
0x48AA1C	nn::friends::CTR::detail::GetMyPrincipalId()	fefates:bytes	0x30D364	
0x48AA88	nn::friends::CTR::detail::ResultToErrorCode(const nn::Result&)	fefates:bytes	0x30D3D4	
0x48AE4C	nn::friends::CTR::detail::GetLastResponseResult()	fefates:callgraph	0x30D52C	
0x48AEA8	nn::friends::CTR::detail::GetServiceLocatorData(nnfriesndsServiceLocatorData*)	fefates:callgraph	0x30D588	
0x48AF1C	nn::friends::CTR::detail::GetGameAuthenticationData(nnfriesndsGameAuthenticationData*)	fefates:callgraph	0x30D7E8	
0x48AF90	nn::friends::CTR::detail::GetFriendAttributeFlags(unsigned int*,const nnfriendsFriendKey*,unsigned int)	fefates:bytes	0x30D600	
0x48B028	nn::friends::CTR::detail::RequestServiceLocatorWithoutLogin(nn::os::Event*,unsigned int,const char*,const char*,unsigned char,unsigned char)	fefates:bytes	0x30D85C	
0x48B0F4	nn::friends::CTR::detail::RequestGameAuthenticationWithoutLogin(nn::os::Event*,unsigned int,const wchar_t*,unsigned char,unsigned char)	fefates:bytes	0x30D928	
0x48B1B0	nn::friends::CTR::detail::Login(nn::os::Event*)	fefates:bytes	0x30D9E4	
0x48B24C	nn::friends::CTR::detail::Logout()	fefates:callseq	0x11982C	
0x48B2A8	nn::friends::CTR::detail::Friends::HasLoggedIn(bool*)	fefates:bytes	0x30DA80	
0x48B2E4	nn::friends::CTR::detail::Friends::GetMyPassword(char*,unsigned int)	fefates:bytes	0x30DABC	
0x48B340	nn::friends::CTR::detail::Friends::GetMyFriendKey(nnfriendsFriendKey*)	fefates:bytes	0x30DB68	
0x48B3DC	nn::friends::CTR::detail::Friends::ResultToErrorCode(unsigned int*,nn::Result)	fefates:bytes	0x30DC18	
0x48B54C	nn::friends::CTR::detail::Friends::GetLastResponseResult()	fefates:bytes	0x30DD34	
0x48B57C	nn::friends::CTR::detail::Friends::GetServiceLocatorData(nnfriesndsServiceLocatorData*)	fefates:bytes	0x30DD64	
0x48B5CC	nn::friends::CTR::detail::Friends::RequestServiceLocator(nn::Handle,unsigned int,const char*,const char*,unsigned char,unsigned char)	fefates:bytes	0x30DDB4	
0x48B650	nn::friends::CTR::detail::Friends::GetGameAuthenticationData(nnfriesndsGameAuthenticationData*)	fefates:bytes	0x30DEA4	
0x48B6A0	nn::friends::CTR::detail::Friends::RequestGameAuthentication(nn::Handle,unsigned int,const wchar_t*,unsigned char,unsigned char)	fefates:bytes	0x30DEF4	
0x48B7A4	nn::friends::CTR::detail::Friends::Login(nn::Handle)	fefates:bytes	0x30DF84	
0x48B7E4	nn::friends::CTR::detail::Friends::Logout()	fefates:bytes	0x124008	
0x48B81C	nw::io::FileStream::FilePosition::Seek(int,unsigned int)	fefates:bytes	0x30DFC4	
0x48B87C	nw::io::FileStream::FilePosition::Skip(int)	fefates:bytes	0x30E024	
0x4BF660	nw::snd::SoundHandle::detail_AttachSound(nw::snd::internal::BasicSound*)	fefates:bytes	0x3250D8	
0x4BF68C	nw::snd::SoundHandle::detail_AttachSoundAsTempHandle(nw::snd::internal::BasicSound*)	fefates:bytes	0x11A224	
0x4BF6B8	nw::snd::SoundPlayer::StopAllSound(int)	fefates:bytes	0x11A250	
0x4BF744	nw::snd::SoundPlayer::detail_AppendSound(nw::snd::internal::BasicSound*)	fefates:bytes	0x325110	
0x4BF804	nw::snd::SoundPlayer::detail_CanPlaySound(int)	fefates:bytes	0x3251D0	
0x4BF86C	nw::snd::SoundPlayer::SetPlayableSoundCount(int)	fefates:bytes	0x325238	
0x4BF8B8	nw::snd::SoundPlayer::detail_FreePlayerHeap(nw::snd::internal::PlayerHeap*)	fefates:bytes-fuzzy	0x124084	
0x4BF8EC	nw::snd::SoundPlayer::detail_AllocPlayerHeap()	fefates:bytes	0x325284	
0x4BF918	nw::snd::SoundPlayer::detail_AppendPlayerHeap(nw::snd::internal::PlayerHeap*)	fefates:bytes	0x3252B0	
0x4BF94C	nw::snd::SoundPlayer::Update()	fefates:bytes	0x11A28C	
0x4BF9D8	nw::snd::SoundPlayer::detail_SortPriorityList(bool)	fefates:bytes	0x11A318	
0x4BFB44	nw::snd::SoundPlayer::SetVolume(float)	fefates:bytes	0x3252E4	
0x4BFB60	nw::snd::SoundPlayer::SoundPlayer()	fefates:bytes	0x325300	
0x4BFBEC	nw::snd::SoundSystem::Initialize(const nw::snd::SoundSystem::SoundSystemParam&,unsigned int,unsigned int)	fefates:bytes	0x32538C	
0x4BFF34	nw::snd::SoundSystem::AppendEffect(nw::snd::AuxBus,nn::snd::CTR::FxDelay*)	fefates:bytes	0x325604	
0x4BFF7C	nw::snd::SoundSystem::AppendEffect(nw::snd::AuxBus,nn::snd::CTR::FxReverb*)	fefates:bytes	0x325690	
0x4C0024	nw::snd::SoundSystem::IsInitialized()	fefates:callgraph	0x3256D8	
0x4C0034	nw::snd::SoundSystem::GetRequiredMemSize(const nw::snd::SoundSystem::SoundSystemParam&)	fefates:bytes	0x3256E8	
0x4C0128	nw::snd::SoundSystem::Finalize()	fefates:bytes	0x325778	
0x4C01B4	nw::snd::SoundArchive::Initialize(nw::snd::internal::SoundArchiveFileReader*)	fefates:bytes	0x325A34	
0x4C01D8	nw::snd::SoundArchive::StreamTrackInfo::StreamTrackInfo()	fefates:bytes	0x325A58	
0x4C022C	nw::snd::SoundArchive::SetExternalFileRoot(const char*)	fefates:bytes	0x325AAC	
0x4C02EC	nw::snd::SoundArchive::Finalize()	fefates:bytes	0x1251D4	
0x4C0304	nw::snd::SoundArchive::SoundArchive()	fefates:bytes	0x325C90	
0x4C0348	nw::snd::SoundArchive::~SoundArchive()	fefates:callgraph	0x1251EC	
0x4C0384	nw::snd::SoundStartable::StartSound(nw::snd::SoundHandle*,const char*,const nw::snd::SoundStartable::StartInfo*)	fefates:bytes	0x32619C	
0x4C057C	nw::snd::RomSoundArchive::RomSoundArchive()	fefates:bytes	0x326268	
0x4C05AC	nw::snd::SoundDataManager::Initialize(const nw::snd::SoundArchive*,void*,unsigned int)	fefates:bytes	0x3263DC	
0x4C06B8	nw::snd::SoundDataManager::InvalidateData(const void*,const void*)	fefates:bytes	0x3264E8	
0x4C0824	nw::snd::SoundDataManager::Finalize()	fefates:bytes	0x10F118	
0x4C089C	nw::snd::SoundDataManager::~SoundDataManager()	fefates:bytes	0x10F178	
0x4C08BC	nw::snd::StreamSoundHandle::DetachSound()	fefates:bytes	0x326BE8	
0x4C08F4	nw::snd::StreamSoundHandle::StreamSoundHandle(nw::snd::SoundHandle*)	fefates:bytes	0x326C20	
0x4C0B04	nw::snd::SoundArchivePlayer::Initialize(const nw::snd::SoundArchivePlayer::InitializeParam&)	fefates:bytes	0x326DBC	
0x4C0C80	nw::snd::SoundArchivePlayer::GetSoundPlayer(unsigned int)	fefates:bytes	0x326F60	
0x4C0C98	nw::snd::SoundArchivePlayer::SetupWaveSound(int,void**,const void*)	fefates:bytes	0x326F78	
0x4C0E8C	nw::snd::SoundArchivePlayer::SetupSoundPlayer(const nw::snd::SoundArchive*,void**,const void*)	fefates:bytes	0x32716C	
0x4C1038	nw::snd::SoundArchivePlayer::detail_SetupSound(nw::snd::SoundHandle*,unsigned int,bool,const nw::snd::SoundStartable::StartInfo*)	fefates:bytes	0x327318	
0x4C1068	nw::snd::SoundArchivePlayer::SetupSequenceSound(int,void**,const void*)	fefates:bytes	0x327348	
0x4C1294	nw::snd::SoundArchivePlayer::PrepareWaveSoundImpl(nw::snd::internal::WaveSound*,const nw::snd::SoundArchive::SoundInfo*,const nw::snd::SoundArchive::WaveSoundInfo*,nw::snd::SoundStartable::StartInfo::StartOffsetType,int,const nw::snd::SoundStartable::StartInfo::WaveSoundInfo*)	fefates:bytes	0x327574	
0x4C14F8	nw::snd::SoundArchivePlayer::detail_SetupSoundImpl(nw::snd::SoundHandle*,unsigned int,nw::snd::internal::BasicSound::AmbientInfo*,nw::snd::SoundActor*,bool,const nw::snd::SoundStartable::StartInfo*)	fefates:bytes	0x3277D8	
0x4C24BC	nw::snd::SoundArchivePlayer::PrepareStreamSoundImpl(nw::snd::internal::StreamSound*,const nw::snd::SoundArchive::SoundInfo*,const nw::snd::SoundArchive::StreamSoundInfo*,const nw::snd::SoundArchive::StreamSoundInfo2*,nw::snd::SoundStartable::StartInfo::StartOffsetType,int,const nw::snd::SoundStartable::StartInfo::StreamSoundInfo*)	fefates:bytes	0x32879C	
0x4C2AF4	nw::snd::SoundArchivePlayer::SequenceNoteOnCallback::NoteOn(nw::snd::internal::driver::SequenceSoundPlayer*,unsigned char,const nw::snd::internal::driver::NoteOnInfo&)	fefates:bytes	0x328DD4	
0x4C2B80	nw::snd::SoundArchivePlayer::PrepareSequenceSoundImpl(nw::snd::internal::SequenceSound*,const nw::snd::SoundArchive::SoundInfo*,const nw::snd::SoundArchive::SequenceSoundInfo*,nw::snd::SoundStartable::StartInfo::StartOffsetType,int,const nw::snd::SoundStartable::StartInfo::SeqSoundInfo*)	fefates:bytes-fuzzy	0x328E58	
0x4C30F0	nw::snd::SoundArchivePlayer::SetupUserParamForBasicSound(void**,const void*,unsigned int)	fefates:bytes	0x3293C8	
0x4C31C4	nw::snd::SoundArchivePlayer::Update()	fefates:bytes	0x107E74	
0x4C3488	nw::snd::SoundArchivePlayer::Finalize()	fefates:bytes	0x10F18C	
0x4C3744	nw::snd::SoundArchivePlayer::SetupMram(const nw::snd::SoundArchive*,void*,unsigned int,unsigned int)	fefates:bytes	0x32949C	
0x4C393C	nw::snd::SoundArchivePlayer::~SoundArchivePlayer()	fefates:bytes	0x10F448	
0x4C39A4	nw::snd::WaveSoundHandle::WaveSoundHandle(nw::snd::SoundHandle*)	fefates:bytes	0x32634C	
0x4C49AC	nw::snd::internal::BasicSound::Initialize()	fefates:bytes	0x329AB8	
0x4C4B54	nw::snd::internal::BasicSound::SetPanCurve(nw::snd::PanCurve)	fefates:bytes	0x329C60	
0x4C4BB0	nw::snd::internal::BasicSound::SetPriority(int,int)	fefates:callgraph	0x329CBC	
0x4C4BBC	nw::snd::internal::BasicSound::UpdateParam()	fefates:bytes	0x329CC8	
0x4C4D74	nw::snd::internal::BasicSound::StartPrepared()	fefates:callgraph	0x329E80	
0x4C4D80	nw::snd::internal::BasicSound::SetAmbientInfo(const nw::snd::internal::BasicSound::AmbientInfo&)	fefates:bytes	0x329E8C	
0x4C4DCC	nw::snd::internal::BasicSound::SetFrontBypass(bool)	fefates:bytes	0x329ED8	
0x4C4E3C	nw::snd::internal::BasicSound::UpdateMoveValue()	fefates:bytes	0x329F34	
0x4C4E7C	nw::snd::internal::BasicSound::SetInitialVolume(float)	fefates:bytes	0x329F74	
0x4C4E98	nw::snd::SoundPlayer::detail_RemoveSound(nw::snd::internal::BasicSound*)	fefates:bytes	0x329F90	
0x4C4ED8	nw::snd::internal::BasicSound::SetPlayerPriority(int)	fefates:bytes	0x329FD0	
0x4C4F08	nw::snd::internal::BasicSound::GetAmbientPriority(const nw::snd::internal::BasicSound::AmbientInfo&,unsigned int)	fefates:bytes	0x32A000	
0x4C4F4C	nw::snd::internal::BasicSound::DetachTempGeneralHandle()	fefates:callgraph	0x125158	
0x4C4F54	nw::snd::internal::BasicSound::IsAttachedGeneralHandle()	fefates:callgraph	0x32A034	
0x4C4F64	nw::snd::internal::ExternalSoundPlayer::RemoveSound(nw::snd::internal::BasicSound*)	fefates:bytes	0x12FAE8	
0x4C4F94	nw::snd::internal::BasicSound::IsAttachedTempGeneralHandle()	fefates:callgraph	0x1251FC	
0x4C4FA4	nw::snd::internal::BasicSound::Pause(bool,int)	fefates:bytes	0x32A044	
0x4C50AC	nw::snd::internal::BasicSound::FadeIn(int)	fefates:bytes	0x32A14C	
0x4C511C	nw::snd::internal::BasicSound::Update()	fefates:bytes	0x11A518	
0x4C5604	nw::snd::internal::BasicSound::Finalize()	fefates:bytes	0x32A1B4	
0x4C5798	nw::snd::internal::BasicSound::SetVolume(float,int)	fefates:bytes	0x32A348	
0x4C58E0	nw::snd::internal::CurveAdshr::Initialize(float)	fefates:bytes	0x32A460	
0x4C5928	nw::snd::internal::CurveAdshr::SetRelease(int)	fefates:bytes	0x32A4A8	
0x4C59A0	nw::snd::internal::CurveAdshr::Reset(float)	fefates:bytes	0x32A520	
0x4C59BC	nw::snd::internal::CurveAdshr::Update(int)	fefates:callgraph	0x32A53C	
0x4C5ACC	nw::snd::internal::CurveAdshr::SetHold(int)	fefates:bytes	0x32A64C	
0x4C5AEC	nw::snd::internal::CurveAdshr::SetDecay(int)	fefates:bytes	0x32A66C	
0x4C5B64	nw::snd::internal::CurveAdshr::SetAttack(int)	fefates:callgraph	0x32A6E4	
0x4C5B78	nw::snd::internal::CurveAdshr::CurveAdshr()	fefates:bytes	0x32A6F8	
0x4C5B98	nw::snd::internal::FileReader::Initialize(const char*,bool)	fefates:bytes	0x32A718	
0x4C5CF8	nw::snd::internal::FileReader::Read(void*,int,int*)	fefates:bytes	0x32A878	
0x4C5D5C	nw::snd::internal::FileReader::Seek(int,nw::snd::internal::FileReader::SeekPosition)	fefates:bytes	0x32A8DC	
0x4C5DD8	nw::snd::internal::FileReader::Finalize()	fefates:bytes	0x1252E0	
0x4C5E0C	nw::snd::internal::PlayerHeap::Alloc(unsigned int)	fefates:bytes	0x32A958	
0x4C5E38	nw::snd::internal::PlayerHeap::Clear()	fefates:callgraph	0x32A984	
0x4C5E44	nw::snd::internal::PlayerHeap::Create(void*,unsigned int)	fefates:bytes	0x32A990	
0x4C5E70	nw::snd::internal::PlayerHeap::PlayerHeap()	fefates:bytes	0x32A9BC	
0x4C5EE4	nw::snd::internal::TaskThread::ThreadFunc(unsigned int)	fefates:bytes	0x32A9F0	
0x4C5F70	nw::snd::internal::TaskThread::GetInstance()	fefates:bytes	0x32AA7C	
0x4C5FEC	nw::snd::internal::TaskThread::Create(int,nw::snd::internal::ThreadStack&)	fefates:bytes	0x32AAF8	
0x4C60B8	nw::snd::internal::TaskThread::Destroy()	fefates:bytes	0x32ABC4	
0x4C6128	nw::snd::internal::TaskThread::~TaskThread()	fefates:bytes	0x32AC34	
0x4C6168	nw::snd::internal::StreamSound::Initialize()	fefates:bytes	0x32AC74	
0x4C6278	nw::snd::internal::StreamSound::UpdateParam()	fefates:bytes	0x32AD2C	
0x4C6340	nw::snd::internal::StreamSound::SetTrackVolume(unsigned long,float,int)	fefates:bytes	0x32ADF4	
0x4C63F4	nw::snd::internal::StreamSound::PreparePrefetch(const void*,const nw::snd::internal::driver::StreamSoundPlayer::PrepareBaseArg&)	fefates:bytes	0x32AEA8	
0x4C644C	nw::snd::internal::StreamSound::UpdateMoveValue()	fefates:bytes	0x32AF00	
0x4C655C	nw::snd::internal::StreamSound::OnUpdatePlayerPriority()	fefates:bytes	0x32AFB8	
0x4C660C	nw::snd::internal::StreamSound::IsAttachedTempSpecialHandle()	fefates:bytes	0x32B068	
0x4C6620	nw::snd::internal::StreamSound::Setup(const nw::snd::internal::driver::StreamSoundPlayer::SetupArg&)	fefates:bytes	0x32B07C	
0x4C6688	nw::snd::internal::StreamSound::Prepare(nw::io::FileStream*,const nw::snd::internal::driver::StreamSoundPlayer::PrepareBaseArg&)	fefates:bytes	0x32B0E4	
0x4C66EC	nw::snd::internal::StreamSound::Finalize()	fefates:bytes	0x32B148	
0x4C675C	nw::snd::internal::StreamSound::StreamSound(nw::snd::internal::SoundInstanceManager<nw::snd::internal::StreamSound>&)	fefates:bytes	0x32B1B8	
0x4C6818	nw::snd::internal::StreamSound::~StreamSound()	fefates:bytes	0x32B230	
0x4C6858	nw::snd::internal::driver::StreamSoundLoader::RequestLoadHeader()	fefates:bytes	0x32B270	
0x4C688C	nw::snd::internal::TaskManager::AppendTask(nw::snd::internal::Task*,nw::snd::internal::TaskManager::TaskPriority)	fefates:bytes	0x32B2A4	
0x4C68E4	nw::snd::internal::TaskManager::ExecuteTask()	fefates:bytes	0x32B2FC	
0x4C698C	nw::snd::internal::TaskManager::GetInstance()	fefates:bytes	0x32B3A4	
0x4C6A3C	nw::snd::internal::TaskManager::GetNextTask(nw::snd::internal::TaskManager::TaskPriority,bool)	fefates:bytes	0x32B454	
0x4C6AA0	nw::snd::internal::TaskManager::RemoveTaskById(unsigned int)	fefates:bytes	0x32B4B8	
0x4C6B2C	nw::snd::internal::TaskManager::WaitTask()	fefates:bytes	0x32B544	
0x4C6BB0	nw::snd::internal::TaskManager::~TaskManager()	fefates:bytes	0x32B5C8	
0x4C6BD0	nw::snd::internal::ThreadStack::Finalize()	fefates:callgraph	0x32B5E8	
0x4C6BF4	nw::snd::internal::FsFileStream::SetPriority(nw::snd::internal::FileReader::Priority)	fefates:bytes	0x32B60C	
0x4C6C74	nw::snd::internal::FsFileStream::Read(void*,unsigned int)	fefates:bytes	0x32B68C	
0x4C6DB0	nw::snd::internal::FsFileStream::Seek(int,unsigned int)	fefates:bytes	0x32B7C8	
0x4C6E14	nw::snd::internal::FsFileStream::Close()	fefates:bytes	0x32B82C	
0x4C6E64	nw::snd::internal::FsFileStream::FsFileStream(const char*,unsigned int,unsigned int,bool,void (*)(nn::Result,void*),void*)	fefates:bytes	0x32B87C	
0x4C6FEC	nw::snd::internal::FsFileStream::FsFileStream(nw::snd::internal::FileReader*,unsigned int,unsigned int,void (*)(nn::Result,void*),void*)	fefates:bytes	0x32BA04	
0x4C72BC	nw::snd::internal::CurveLfoParam::Initialize()	fefates:bytes	0x32BBB0	
0x4C7300	nw::snd::internal::DriverCommand::ProcessCommandList(nw::snd::internal::DriverCommand*)	fefates:bytes-fuzzy	0x32BBF4	
0x4C7D78	nw::snd::internal::SequenceSound::RegisterDataLoadTask(const nw::snd::internal::driver::SequenceSoundLoader::LoadInfo&,const nw::snd::internal::driver::SequenceSoundPlayer::StartInfo&)	fefates:bytes	0x32C384	
0x4C7EC4	nw::snd::internal::SequenceSound::Setup(nw::snd::internal::driver::SequenceTrackAllocator*,unsigned int,nw::snd::internal::driver::NoteOnCallback*,int,bool,void (*)(unsigned short,nw::snd::SequenceUserprocCallbackParam*,void*),void*)	fefates:bytes	0x32C4D0	
0x4C7F3C	nw::snd::internal::SequenceSound::Prepare(const nw::snd::internal::SequenceSound::Resource&,const nw::snd::internal::driver::SequenceSoundPlayer::StartInfo&)	fefates:bytes	0x32C548	
0x4C80D0	nw::snd::internal::SequenceSound::SequenceSound(nw::snd::internal::SoundInstanceManager<nw::snd::internal::SequenceSound>&)	fefates:bytes	0x32C6DC	
0x4C8138	nw::snd::internal::SequenceSound::~SequenceSound()	fefates:bytes	0x32C714	
0x4C8164	nw::snd::internal::BankFileReader::Initialize(const void*)	fefates:bytes	0x32C740	
0x4C81B8	nw::snd::internal::BankFileReader::Finalize()	fefates:bytes	0x32C794	
0x4C81EC	nw::snd::internal::WaveFileReader::GetSampleFormat(unsigned char)	fefates:bytes	0x32C82C	
0x4C8200	nw::snd::internal::WaveFileReader::WaveFileReader(const void*,signed char)	fefates:bytes	0x32C840	
0x4C82D0	nw::snd::internal::CachedFileStream::SetCacheBuffer(void*,unsigned int)	fefates:bytes	0x32C988	
0x4C82E4	nw::snd::internal::CachedFileStream::Read(void*,unsigned int)	fefates:bytes	0x32C99C	
0x4C8430	nw::snd::internal::CachedFileStream::Seek(int,unsigned int)	fefates:bytes	0x32CAE8	
0x4C84C8	nw::snd::internal::CachedFileStream::CachedFileStream(nw::io::FileStream&)	fefates:bytes	0x32CB70	
0x4C8558	nw::snd::internal::MemoryFileStream::Seek(int,unsigned int)	fefates:bytes	0x32CBE8	
0x4C8588	nw::snd::internal::MemoryFileStream::Close()	fefates:bytes	0x32CC18	
0x4C859C	nw::snd::internal::MemoryFileStream::MemoryFileStream(const void*,unsigned int)	fefates:bytes	0x32CC2C	
0x4C85D4	nw::snd::internal::FsSoundArchiveBase::LoadHeader(void*,unsigned long)	fefates:bytes	0x32CC58	
0x4C867C	nw::snd::internal::FsSoundArchiveBase::OpenStream(void*,int,unsigned int,unsigned int)	fefates:bytes	0x32CD00	
0x4C86E4	nw::snd::internal::FsSoundArchiveBase::LoadLabelStringData(void*,unsigned long)	fefates:bytes	0x32CD68	
0x4C8794	nw::snd::internal::FsSoundArchiveBase::FsErrorCallbackHandler(nn::Result,void*)	fefates:bytes	0x32CE18	
0x4C87C4	nw::snd::internal::FsSoundArchiveBase::Open(const char*)	fefates:bytes	0x32CE48	
0x4C8910	nw::snd::internal::FsSoundArchiveBase::Close()	fefates:bytes-fuzzy	0x12519C	
0x4C8948	nw::snd::internal::FsSoundArchiveBase::FsSoundArchiveBase(bool)	fefates:bytes	0x32CF94	
0x4C8A60	nw::snd::internal::FsSoundArchiveBase::~FsSoundArchiveBase()	fefates:bytes	0x11AA04	
0x4C8ADC	nw::snd::internal::PlayerHeapDataManager::Initialize(const nw::snd::SoundArchive*)	fefates:bytes	0x32D368	
0x4C8B2C	nw::snd::internal::SoundArchiveLoader::SetSoundArchive(const nw::snd::SoundArchive*)	fefates:callgraph	0x32D3B8	
0x4C8B34	nw::snd::internal::SoundArchiveLoader::detail_LoadWaveArchiveByBankFile(const void*,nw::snd::SoundMemoryAllocatable*)	fefates:bytes	0x32DD78	
0x4C8C54	nw::snd::internal::SoundArchiveLoader::detail_LoadWaveArchiveByWaveSoundFile(const void*,int,nw::snd::SoundMemoryAllocatable*)	fefates:bytes	0x32DE98	
0x4C8CF4	nw::snd::internal::SoundArchiveLoader::~SoundArchiveLoader()	fefates:callgraph	0x11AA80	
0x4C8D18	nw::snd::internal::ExternalSoundPlayer::AppendSound(nw::snd::internal::BasicSound*)	fefates:bytes	0x32E844	
0x4C8DE8	nw::snd::internal::ExternalSoundPlayer::detail_CanPlaySound(int)	fefates:bytes	0x32E914	
0x4C8E3C	nw::snd::internal::ExternalSoundPlayer::GetLowestPrioritySound()	fefates:bytes	0x32E9D8	
0x4C8E88	nw::snd::internal::DriverCommandManager::Initialize(void*,unsigned int)	fefates:bytes	0x32EAA8	
0x4C8EE4	nw::snd::internal::DriverCommandManager::AllocMemory(unsigned int)	fefates:callgraph	0x1253A8	
0x4C9150	nw::snd::internal::BasicSound::SetPanMode(nw::snd::PanMode)	fefates:bytes	0x125520	
0x4C91AC	nw::snd::internal::DriverCommandManager::PushCommand(nw::snd::internal::DriverCommand*)	fefates:bytes	0x12557C	
0x4C91D0	nw::snd::internal::DriverCommandManager::ProcessCommand()	fefates:bytes	0x32EB04	
0x4C921C	nw::snd::internal::DriverCommandManager::RecvCommandReply()	fefates:bytes	0x10F470	
0x4C9288	nw::snd::internal::DriverCommandManager::GetInstanceForTaskThread()	fefates:callgraph	0x32EB50	
0x4C92E4	nw::snd::internal::DriverCommandManager::Finalize()	fefates:bytes	0x32EBAC	
0x4C9304	nw::snd::internal::StreamDataInfoDetail::SetStreamSoundInfo(const nw::snd::internal::StreamSoundFile::StreamSoundInfo&)	fefates:bytes	0x32EBCC	
0x4C9378	nw::snd::internal::PlayerHeapDataManager::InvalidateData(const void*,const void*)	fefates:bytes	0x32EC40	
0x4C9418	nw::snd::internal::PlayerHeapDataManager::Finalize()	fefates:bytes	0x32EC74	
0x4C9444	nw::snd::internal::PlayerHeapDataManager::PlayerHeapDataManager()	fefates:bytes	0x32ECA0	
0x4C94E0	nw::snd::internal::PlayerHeapDataManager::~PlayerHeapDataManager()	fefates:bytes	0x32ECE4	
0x4C9534	nw::snd::internal::StreamSoundFileLoader::LoadFileHeader(nw::snd::internal::StreamSoundFileReader*,void*,unsigned long)	fefates:bytes	0x32ED38	
0x4C96D8	nw::snd::internal::StreamSoundFileLoader::ReadSeekBlockData(unsigned short*,unsigned short*,int,int)	fefates:bytes	0x32EEDC	
0x4C97A8	nw::snd::internal::StreamSoundFileReader::Initialize(const void*)	fefates:callgraph	0x32EFAC	
0x4C97FC	nw::snd::internal::StreamSoundFileReader::StreamSoundFileReader()	fefates:callgraph	0x32EFF8	
0x4C980C	nw::snd::internal::WaveArchiveFileReader::Initialize(const void*,bool)	fefates:bytes	0x32F008	
0x4C98B4	nw::snd::internal::WaveArchiveFileReader::Finalize()	fefates:bytes	0x32F134	
0x4C98F0	nw::snd::internal::SoundArchiveFileReader::Initialize(const void*)	fefates:bytes	0x32F228	
0x4C9958	nw::snd::internal::SoundArchiveFileReader::SetInfoBlock(const void*)	fefates:callgraph	0x32F290	
0x4C9964	nw::snd::internal::SoundArchiveFileReader::SetStringBlock(const void*)	fefates:callgraph	0x32F29C	
0x4C9970	nw::snd::internal::SoundArchiveFileReader::Finalize()	fefates:callgraph	0x1255F8	
0x4C9984	nw::snd::internal::SoundArchiveFileReader::SoundArchiveFileReader()	fefates:callgraph	0x32F2A8	
0x4C9998	nw::snd::internal::SequenceSoundFileReader::SequenceSoundFileReader(const void*)	fefates:bytes	0x32F2BC	
0x4C9A08	nw::snd::internal::StreamSoundPrefetchFileReader::Initialize(const void*)	fefates:callgraph	0x32F32C	
0x4C9A90	nw::snd::internal::StreamSoundPrefetchFileReader::StreamSoundPrefetchFileReader()	fefates:callgraph	0x32F3AC	
0x4C9AA4	nw::snd::internal::anonymous_namespace::CurveRandom(float)	fefates:bytes	0x32F3C0	
0x4C9AC4	nw::snd::internal::anonymous_namespace::CurveSquare(float)	fefates:bytes	0x32F3E0	
0x4C9AE0	nw::snd::internal::anonymous_namespace::CurveTriangle(float)	fefates:bytes	0x32F3FC	
0x4C9B44	nw::snd::internal::anonymous_namespace::CurveSine(float)	fefates:bytes	0x32F460	
0x4C9B60	nw::snd::internal::Task::Task()	fefates:bytes	0x32F47C	
0x4C9BBC	nw::snd::internal::Task::~Task()	fefates:callgraph	0x11ACA8	
0x4C9BCC	nw::snd::internal::Util::CalcRandom()	fefates:bytes	0x32F4C4	
0x4C9BF8	nw::snd::internal::Util::CalcLpfFreq(float)	fefates:bytes	0x32F4F0	
0x4C9C90	nw::snd::internal::Util::CalcPanRatio(float,const nw::snd::internal::Util::PanInfo&)	fefates:bytes	0x32F588	
0x4C9D98	nw::snd::internal::Util::CalcPitchRatio(int)	fefates:bytes	0x32F690	
0x4C9EC4	nw::snd::internal::Util::CalcVolumeRatio(float)	fefates:bytes	0x32F7BC	
0x4C9F1C	nw::snd::internal::Util::GetByteBySample(unsigned long,nw::snd::SampleFormat)	fefates:bytes	0x32F814	
0x4C9F8C	nw::snd::internal::Util::CalcSurroundPanRatio(float,const nw::snd::internal::Util::PanInfo&)	fefates:bytes	0x32F884	
0x4CA014	nw::snd::internal::Util::GetWaveArchiveOfBank(nw::snd::internal::LoadItemInfo&,bool&,const void*,const nw::snd::SoundArchive&,const nw::snd::internal::SoundArchiveLoader&)	fefates:bytes	0x32F90C	
0x4CA13C	nw::snd::internal::Util::GetWaveFileOfWaveSound(const void*,unsigned int,const nw::snd::SoundArchive&,const nw::snd::internal::SoundArchiveLoader&)	fefates:bytes	0x32FA34	
0x4CA1E0	nw::snd::internal::driver::MultiVoice::Initialize(const nw::snd::internal::WaveInfo&,unsigned int)	fefates:bytes-fuzzy	0x32FAD8	
0x4CA2B4	nw::snd::internal::driver::MultiVoice::SetLpfFreq(float)	fefates:bytes	0x32FBAC	
0x4CA2D8	nw::snd::internal::driver::MultiVoice::SetPanMode(nw::snd::PanMode)	fefates:bytes	0x32FBD0	
0x4CA2F8	nw::snd::internal::driver::MultiVoice::FrameToByte(unsigned int,nw::snd::SampleFormat)	fefates:bytes	0x32FBF0	
0x4CA364	nw::snd::internal::driver::MultiVoice::SetMainSend(float)	fefates:bytes	0x32FC5C	
0x4CA3A8	nw::snd::internal::driver::MultiVoice::SetPanCurve(nw::snd::PanCurve)	fefates:bytes	0x32FCA0	
0x4CA3C8	nw::snd::internal::driver::MultiVoice::SetPriority(int)	fefates:bytes	0x32FCC0	
0x4CA420	nw::snd::internal::driver::MultiVoice::CalcMixParam(int,nn::snd::CTR::MixParam*)	fefates:bytes-fuzzy	0x32FD18	
0x4CA730	nw::snd::internal::driver::MultiVoice::StopFinished()	fefates:bytes	0x330028	
0x4CA79C	nw::snd::internal::driver::MultiVoice::SetAdpcmParam(int,const nn::snd::CTR::AdpcmParam&)	fefates:callgraph	0x330094	
0x4CA7A8	nw::snd::internal::driver::MultiVoice::SetFrontBypass(bool)	fefates:bytes	0x3300A0	
0x4CA7EC	nw::snd::internal::driver::MultiVoice::SetSurroundPan(float)	fefates:bytes	0x3300E4	
0x4CA810	nw::snd::internal::driver::MultiVoice::SetBiquadFilter(int,float)	fefates:bytes	0x330108	
0x4CA878	nw::snd::internal::driver::MultiVoice::AppendWaveBuffer(int,nn::snd::CTR::WaveBuffer*,bool)	fefates:bytes	0x330170	
0x4CA8A0	nw::snd::internal::driver::MultiVoice::UpdateWaveBuffer(int,nn::snd::CTR::WaveBuffer*)	fefates:callgraph	0x330198	
0x4CA8AC	nw::snd::internal::driver::MultiVoice::CalcOffsetAdpcmParam(nn::snd::CTR::AdpcmContext*,const nn::snd::CTR::AdpcmParam&,unsigned int,const void*)	fefates:bytes	0x3301A4	
0x4CA900	nw::snd::internal::driver::MultiVoice::SetInterpolationType(unsigned char)	fefates:bytes	0x3301F8	
0x4CA964	nw::snd::internal::driver::MultiVoice::UpdateVoicesPriority()	fefates:bytes	0x33025C	
0x4CA9AC	nw::snd::internal::driver::MultiVoice::SetSurroundPreProcessed(bool)	fefates:bytes	0x3302A4	
0x4CA9EC	nw::snd::internal::driver::MultiVoice::SdkVoiceDropCallbackFunc(nn::snd::CTR::Voice*,unsigned int)	fefates:bytes	0x3302E4	
0x4CAA3C	nw::snd::internal::driver::MultiVoice::SdkVoiceDropCallbackFuncMulti(nn::snd::CTR::Voice*,unsigned int)	fefates:bytes	0x330334	
0x4CAB24	nw::snd::internal::driver::MultiVoice::Calc()	fefates:bytes	0x33041C	
0x4CAD70	nw::snd::internal::driver::MultiVoice::Free()	fefates:bytes	0x330668	
0x4CADD8	nw::snd::internal::driver::MultiVoice::Stop()	fefates:bytes	0x3306D0	
0x4CAE34	nw::snd::internal::driver::MultiVoice::Alloc(int,int,void (*)(nw::snd::internal::driver::MultiVoice*,nw::snd::internal::driver::MultiVoice::VoiceCallbackStatus,void*),void*)	fefates:bytes	0x33072C	
0x4CAFCC	nw::snd::internal::driver::MultiVoice::Pause(bool)	fefates:bytes	0x3308C4	
0x4CAFEC	nw::snd::internal::driver::MultiVoice::Start()	fefates:bytes	0x3308E4	
0x4CB00C	nw::snd::internal::driver::MultiVoice::SetPan(float)	fefates:bytes	0x330904	
0x4CB030	nw::snd::internal::driver::MultiVoice::Update()	fefates:bytes	0x330928	
0x4CB220	nw::snd::internal::driver::MultiVoice::CalcMix()	fefates:bytes	0x330B18	
0x4CB2E8	nw::snd::internal::driver::MultiVoice::SetPitch(float)	fefates:bytes	0x330BE0	
0x4CB30C	nw::snd::internal::driver::MultiVoice::SetFxSend(nw::snd::AuxBus,float)	fefates:bytes	0x330C04	
0x4CB348	nw::snd::internal::driver::MultiVoice::SetVolume(float)	fefates:bytes	0x330C40	
0x4CB380	nw::snd::internal::driver::MultiVoice::MultiVoice()	fefates:bytes	0x330C78	
0x4CB3B0	nw::snd::internal::driver::MultiVoice::~MultiVoice()	fefates:bytes	0x330CA8	
0x4CB3DC	nw::snd::internal::driver::SoundThread::Initialize()	fefates:callgraph	0x330CD4	
0x4CB3E4	nw::snd::internal::driver::SoundThread::GetInstance()	fefates:callgraph	0x11ACB8	
0x4CB43C	nw::snd::internal::driver::SoundThread::SoundThreadFunc(unsigned int)	fefates:bytes	0x330CDC	
0x4CB4B8	nw::snd::internal::driver::SoundThread::FrameProcess()	fefates:bytes	0x330D58	
0x4CB620	nw::snd::internal::driver::SoundThread::CalcProcessCost(const nn::os::Tick&)	fefates:bytes	0x330EC0	
0x4CB854	nw::snd::internal::driver::SoundThread::SetProfileBuffer(nw::snd::SoundThreadProfile*,int)	fefates:bytes	0x3310F4	
0x4CB8A8	nw::snd::internal::driver::SoundThread::CreateSoundThread(unsigned int,unsigned int,int,unsigned int,unsigned int,int,int,bool)	fefates:bytes	0x331148	
0x4CB9E4	nw::snd::internal::driver::SoundThread::ClearProfileBuffer()	fefates:bytes	0x331284	
0x4CBA18	nw::snd::internal::driver::SoundThread::UserThreadCallback(unsigned int)	fefates:bytes	0x3312B8	
0x4CBA38	nw::snd::internal::driver::SoundThread::RegisterPlayerCallback(nw::snd::internal::driver::SoundThread::PlayerCallback*)	fefates:bytes	0x3312D8	
0x4CBA4C	nw::snd::internal::driver::SoundThread::RegisterSoundFrameCallback(nw::snd::internal::driver::SoundThread::SoundFrameCallback*)	fefates:bytes	0x3312EC	
0x4CBA80	nw::snd::internal::driver::SoundThread::UnregisterSoundFrameCallback(nw::snd::internal::driver::SoundThread::SoundFrameCallback*)	fefates:bytes	0x11AD10	
0x4CBAB0	nw::snd::internal::driver::SoundThread::Destroy()	fefates:bytes	0x331320	
0x4CBADC	nw::snd::internal::driver::SoundThread::Finalize()	fefates:bytes	0x33134C	
0x4CBB44	nw::snd::internal::driver::SoundThread::SoundThread()	fefates:bytes	0x12560C	
0x4CBBF0	nw::snd::internal::driver::SequenceTrack::SetSeqData(const void*,int)	fefates:callgraph	0x3313BC	
0x4CBC00	nw::snd::internal::driver::SequenceTrack::SetSilence(bool,int)	fefates:bytes	0x3313CC	
0x4CBCAC	nw::snd::internal::driver::SequenceTrack::ParseNextTick(bool)	fefates:bytes	0x331478	
0x4CBDDC	nw::snd::internal::driver::SequenceTrack::FreeAllChannel()	fefates:bytes	0x3315A8	
0x4CBE10	nw::snd::internal::driver::SequenceTrack::GetVariablePtr(int)	fefates:bytes	0x3315DC	
0x4CBE2C	nw::snd::internal::driver::SequenceTrack::PauseAllChannel(bool)	fefates:bytes	0x3315F8	
0x4CBEA4	nw::snd::internal::driver::SequenceTrack::ReleaseAllChannel(int)	fefates:bytes	0x331670	
0x4CBEF8	nw::snd::internal::driver::SequenceTrack::UpdateChannelParam()	fefates:bytes	0x3316C4	
0x4CC290	nw::snd::internal::driver::SequenceTrack::ChannelCallbackFunc(nw::snd::internal::driver::Channel*,nw::snd::internal::driver::Channel::ChannelCallbackStatus,unsigned int)	fefates:bytes	0x331A5C	
0x4CC30C	nw::snd::internal::driver::SequenceTrack::UpdateChannelLength()	fefates:bytes	0x331AD8	
0x4CC388	nw::snd::internal::driver::SequenceTrack::Open()	fefates:bytes	0x331B54	
0x4CC3A4	nw::snd::internal::driver::SequenceTrack::Close()	fefates:bytes	0x331B70	
0x4CC408	nw::snd::internal::driver::SequenceTrack::NoteOn(int,int,int,bool)	fefates:bytes	0x331BD4	
0x4CC720	nw::snd::internal::driver::SequenceTrack::SetMute(nw::snd::SeqMute)	fefates:bytes	0x331EEC	
0x4CC7EC	nw::snd::internal::driver::SequenceTrack::InitParam()	fefates:bytes	0x331FB8	
0x4CC96C	nw::snd::internal::driver::SequenceTrack::SequenceTrack()	fefates:bytes	0x332138	
0x4CCA8C	nw::snd::internal::driver::SequenceTrack::~SequenceTrack()	fefates:bytes	0x3321DC	
0x4CCB04	nw::snd::internal::driver::StreamChannel::AppendWaveBuffer(nn::snd::CTR::WaveBuffer*,bool)	fefates:bytes	0x332254	
0x4CCB24	nw::snd::internal::driver::StreamChannel::StreamChannel()	fefates:bytes	0x332274	
0x4CCB48	nw::snd::internal::driver::ChannelManager::Initialize(void*,unsigned long)	fefates:bytes	0x332298	
0x4CCB88	nw::snd::internal::driver::ChannelManager::GetInstance()	fefates:bytes	0x3322D8	
0x4CCBE4	nw::snd::internal::driver::ChannelManager::UpdateAllChannel()	fefates:bytes	0x332334	
0x4CCC1C	nw::snd::internal::driver::ChannelManager::GetRequiredMemSize(int)	fefates:callgraph	0x33236C	
0x4CCC2C	nw::snd::internal::driver::Channel::VoiceCallbackFunc(nw::snd::internal::driver::MultiVoice*,nw::snd::internal::driver::MultiVoice::VoiceCallbackStatus,void*)	fefates:bytes	0x33237C	
0x4CCCB4	nw::snd::internal::driver::ChannelManager::Free(nw::snd::internal::driver::Channel*)	fefates:bytes	0x332404	
0x4CCCF0	nw::snd::internal::driver::ChannelManager::Alloc()	fefates:bytes	0x332440	
0x4CCD28	nw::snd::internal::driver::ChannelManager::Finalize()	fefates:bytes	0x332478	
0x4CCE78	nw::snd::internal::driver::HardwareManager::ClearEffect(nw::snd::AuxBus,int)	fefates:bytes	0x3325C0	
0x4CCEEC	nw::snd::internal::driver::HardwareManager::AppendEffect(nw::snd::AuxBus,nn::snd::CTR::DspFxDelay*,const nn::snd::CTR::DspFxDelay::Param&)	fefates:bytes	0x332634	
0x4CCFBC	nw::snd::internal::driver::HardwareManager::AppendEffect(nw::snd::AuxBus,nn::snd::CTR::DspFxReverb*,const nn::snd::CTR::DspFxReverb::Param&)	fefates:bytes	0x332704	
0x4CD154	nw::snd::internal::driver::HardwareManager::AppendEffect(nw::snd::AuxBus,nw::snd::FxBase*)	fefates:bytes	0x33289C	
0x4CD2D0	nw::snd::internal::driver::HardwareManager::FinalizeEffect(nw::snd::AuxBus)	fefates:bytes	0x33294C	
0x4CD3C0	nw::snd::internal::driver::HardwareManager::AuxCallbackFunc(nn::snd::CTR::AuxBusData*,int,unsigned int)	fefates:bytes	0x332A3C	
0x4CD50C	nw::snd::internal::driver::HardwareManager::Update()	fefates:bytes	0x332B0C	
0x4CD710	nw::snd::internal::driver::HardwareManager::Finalize()	fefates:bytes	0x332D10	
0x4CD768	nw::snd::internal::driver::HardwareManager::HardwareManager()	fefates:bytes	0x332D68	
0x4CD88C	nw::snd::internal::driver::WaveSoundLoader::DataLoadTask::Execute()	fefates:bytes	0x332E8C	
0x4CD9B8	nw::snd::internal::driver::WaveSoundLoader::IsInUse()	fefates:callgraph	0x332FA8	
0x4CD9D4	nw::snd::internal::driver::WaveSoundLoader::Finalize()	fefates:bytes	0x332FC4	
0x4CD9EC	nw::snd::internal::driver::WaveSoundPlayer::Initialize()	fefates:bytes	0x332FDC	
0x4CDA6C	nw::snd::internal::driver::WaveSoundPlayer::RequestLoad(const nw::snd::internal::driver::WaveSoundPlayer::StartInfo&,const nw::snd::internal::driver::WaveSoundLoader::Arg&)	fefates:bytes	0x33305C	
0x4CDAB4	nw::snd::internal::driver::WaveSoundPlayer::StartChannel()	fefates:bytes	0x3330A4	
0x4CDC10	nw::snd::internal::driver::WaveSoundPlayer::UpdateChannel()	fefates:bytes	0x333200	
0x4CDEA4	nw::snd::internal::driver::WaveSoundPlayer::ChannelCallbackFunc(nw::snd::internal::driver::Channel*,nw::snd::internal::driver::Channel::ChannelCallbackStatus,unsigned int)	fefates:bytes	0x333434	
0x4CDF0C	nw::snd::internal::driver::WaveSoundPlayer::Pause(bool)	fefates:bytes	0x333490	
0x4CDF58	nw::snd::internal::driver::WaveSoundPlayer::Update()	fefates:bytes	0x3334E0	
0x4CE1D4	nw::snd::internal::driver::WaveSoundPlayer::Prepare(const nw::snd::internal::driver::WaveSoundPlayer::StartInfo&,const nw::snd::internal::driver::WaveSoundPlayer::PrepareArg&)	fefates:bytes	0x33375C	
0x4CE290	nw::snd::internal::driver::WaveSoundPlayer::Finalize()	fefates:bytes	0x333818	
0x4CE3B0	nw::snd::internal::driver::WaveSoundPlayer::WaveSoundPlayer()	fefates:bytes	0x333938	
0x4CE488	nw::snd::internal::driver::WaveSoundPlayer::~WaveSoundPlayer()	fefates:bytes	0x3339CC	
0x4CE4C8	nw::snd::internal::driver::BasicSoundPlayer::Initialize()	fefates:bytes	0x333A0C	
0x4CE53C	nw::snd::internal::driver::BasicSoundPlayer::Finalize()	fefates:callgraph	0x116724	
0x4CE550	nw::snd::internal::driver::BasicSoundPlayer::BasicSoundPlayer()	fefates:bytes	0x333A8C	
0x4CE60C	nw::snd::internal::driver::MmlSequenceTrack::MmlSequenceTrack()	fefates:callgraph	0x333B28	
0x4CE634	nw::snd::internal::driver::StreamBufferPool::Initialize(void*,unsigned int,int)	fefates:bytes	0x333B40	
0x4CE678	nw::snd::internal::driver::StreamBufferPool::Free(void*)	fefates:bytes	0x333B84	
0x4CE6B8	nw::snd::internal::driver::StreamBufferPool::Alloc()	fefates:bytes	0x333BC4	
0x4CE784	nw::snd::internal::driver::MultiVoiceManager::AllocVoice(int,int,void (*)(nw::snd::internal::driver::MultiVoice*,nw::snd::internal::driver::MultiVoice::VoiceCallbackStatus,void*),void*)	fefates:bytes	0x333C78	
0x4CE878	nw::snd::internal::driver::MultiVoiceManager::Initialize(void*,unsigned int)	fefates:bytes	0x333D6C	
0x4CE8F0	nw::snd::internal::driver::MultiVoiceManager::GetInstance()	fefates:bytes	0x333DE4	
0x4CE958	nw::snd::internal::driver::MultiVoiceManager::AppendVoiceList(nw::snd::internal::driver::MultiVoice*)	fefates:bytes	0x333E4C	
0x4CE9B4	nw::snd::internal::driver::MultiVoiceManager::UpdateAllVoices()	fefates:bytes	0x333EA8	
0x4CEA40	nw::snd::internal::driver::MultiVoiceManager::GetRequiredMemSize(int)	fefates:callgraph	0x333F34	
0x4CEA4C	nw::snd::internal::driver::MultiVoiceManager::ChangeVoicePriority(nw::snd::internal::driver::MultiVoice*)	fefates:bytes	0x333F40	
0x4CEAC0	nw::snd::internal::driver::MultiVoiceManager::UpdateAllVoicesSync(unsigned int)	fefates:bytes	0x333FB4	
0x4CEB0C	nw::snd::internal::driver::MultiVoiceManager::DropLowestPriorityVoice(int)	fefates:bytes	0x334000	
0x4CEB7C	nw::snd::internal::driver::MultiVoiceManager::Finalize()	fefates:bytes	0x334070	
0x4CEC1C	nw::snd::internal::driver::MultiVoiceManager::FreeVoice(nw::snd::internal::driver::MultiVoice*)	fefates:bytes	0x334110	
0x4CEC48	nw::snd::internal::driver::StreamSoundLoader::Initialize()	fefates:bytes	0x33413C	
0x4CEC90	nw::snd::internal::driver::StreamSoundLoader::LoadHeader1(nw::snd::internal::DriverCommandStreamSoundLoadHeader*)	fefates:bytes	0x334184	
0x4CEFB0	nw::snd::internal::driver::StreamSoundLoader::LoadHeader2(nw::snd::internal::DriverCommandStreamSoundLoadHeader*)	fefates:bytes	0x3344A4	
0x4CF194	nw::snd::internal::driver::StreamSoundLoader::WaitFinalize()	fefates:bytes	0x334688	
0x4CF22C	nw::snd::internal::driver::StreamSoundLoader::CancelRequest()	fefates:callgraph	0x334720	
0x4CF244	nw::snd::internal::driver::StreamSoundLoader::RequestLoadData(void**,unsigned int,unsigned int,unsigned int,int,bool)	fefates:bytes	0x334738	
0x4CF358	nw::snd::internal::driver::StreamSoundLoader::ApplyStartOffset(unsigned int,unsigned int*)	fefates:bytes	0x33484C	
0x4CF490	nw::snd::internal::driver::StreamSoundLoader::ChangeRegionInfo(unsigned int)	fefates:bytes	0x334984	
0x4CF548	nw::snd::internal::driver::StreamSoundLoader::StreamDataLoadTask::Execute()	fefates:bytes	0x334A3C	
0x4CF640	nw::snd::internal::driver::StreamSoundLoader::StreamDataLoadTask::StreamDataLoadTask()	fefates:bytes	0x334B34	
0x4CF680	nw::snd::internal::driver::StreamSoundLoader::StreamHeaderLoadTask::Execute()	fefates:bytes	0x334B60	
0x4CF728	nw::snd::internal::driver::StreamSoundLoader::ReadTrackInfoFromStreamSoundFile(nw::snd::internal::StreamSoundFileReader&)	fefates:bytes	0x334BF4	
0x4CF88C	nw::snd::internal::driver::StreamSoundLoader::Update()	fefates:bytes	0x334D58	
0x4CF8F8	nw::snd::internal::driver::StreamSoundLoader::Finalize()	fefates:callgraph	0x334DC4	
0x4CF910	nw::snd::internal::driver::StreamSoundLoader::LoadData1(nw::snd::internal::DriverCommandStreamSoundLoadData*,void**,unsigned int,unsigned int,unsigned int)	fefates:bytes	0x334DDC	
0x4D00EC	nw::snd::internal::driver::StreamSoundLoader::LoadData2(nw::snd::internal::DriverCommandStreamSoundLoadData*,void**,unsigned int,unsigned int,unsigned int)	fefates:bytes	0x3355B8	
0x4D0510	nw::snd::internal::driver::StreamSoundLoader::StreamSoundLoader()	fefates:bytes	0x3359DC	
0x4D058C	nw::snd::internal::driver::StreamSoundLoader::~StreamSoundLoader()	fefates:bytes	0x335A58	
0x4D05D0	nw::snd::internal::driver::StreamSoundPlayer::Initialize()	fefates:bytes	0x335A9C	
0x4D0694	nw::snd::internal::driver::StreamSoundPlayer::LoadHeader(bool,nn::snd::CTR::AdpcmParam**,unsigned short)	fefates:bytes	0x335B60	
0x4D0B74	nw::snd::internal::driver::StreamSoundPlayer::SetTrackPan(unsigned int,float)	fefates:bytes	0x336040	
0x4D0BB8	nw::snd::internal::driver::StreamSoundPlayer::UpdateBuffer()	fefates:bytes	0x336088	
0x4D0EB8	nw::snd::internal::driver::StreamSoundPlayer::LoadStreamData(bool,const nw::snd::internal::LoadDataParam&)	fefates:bytes	0x336388	
0x4D0ED8	nw::snd::internal::driver::StreamSoundPlayer::LoadStreamData(bool,const nw::snd::internal::LoadDataParam&,bool,unsigned int,unsigned int)	fefates:bytes	0x3363A8	
0x4D10A4	nw::snd::internal::driver::StreamSoundPlayer::SetTrackVolume(unsigned int,float)	fefates:bytes	0x336574	
0x4D10E4	nw::snd::internal::driver::StreamSoundPlayer::PreparePrefetch(const nw::snd::internal::driver::StreamSoundPlayer::PreparePrefetchArg&)	fefates:bytes	0x3365B4	
0x4D1318	nw::snd::internal::driver::StreamSoundPlayer::UpdateVoiceParams(nw::snd::internal::driver::StreamTrack*)	fefates:bytes	0x3367E8	
0x4D1618	nw::snd::internal::driver::StreamSoundPlayer::VoiceCallbackFunc(nw::snd::internal::driver::MultiVoice*,nw::snd::internal::driver::MultiVoice::VoiceCallbackStatus,void*)	fefates:bytes	0x336AE8	
0x4D1650	nw::snd::internal::driver::StreamSoundPlayer::ApplyTrackDataInfo(const nw::snd::internal::StreamDataInfoDetail&)	fefates:bytes	0x336B20	
0x4D1774	nw::snd::internal::driver::StreamSoundPlayer::LoadPrefetchBlocks(nw::snd::internal::StreamSoundPrefetchFileReader&)	fefates:bytes	0x336C44	
0x4D1B14	nw::snd::internal::driver::StreamSoundPlayer::ApplyStreamDataInfo(const nw::snd::internal::StreamDataInfoDetail&)	fefates:bytes	0x336FE4	
0x4D1BE4	nw::snd::internal::driver::StreamSoundPlayer::SetTrackSurroundPan(unsigned int,float)	fefates:bytes	0x3370B4	
0x4D1C30	nw::snd::internal::driver::StreamSoundPlayer::SetTrackInitialVolume(unsigned int,unsigned int)	fefates:bytes	0x3370F4	
0x4D1C74	nw::snd::internal::driver::StreamSoundPlayer::Stop()	fefates:bytes	0x337138	
0x4D1CE4	nw::snd::internal::driver::StreamSoundPlayer::Pause(bool)	fefates:bytes	0x3371A8	
0x4D1D64	nw::snd::internal::driver::StreamSoundPlayer::Setup(const nw::snd::internal::driver::StreamSoundPlayer::SetupArg&)	fefates:bytes	0x337228	
0x4D1E90	nw::snd::internal::driver::StreamSoundPlayer::Start()	fefates:bytes	0x337354	
0x4D1FE0	nw::snd::internal::driver::StreamSoundPlayer::Update()	fefates:bytes	0x3374A8	
0x4D211C	nw::snd::internal::driver::StreamSoundPlayer::Prepare(const nw::snd::internal::driver::StreamSoundPlayer::PrepareArg&)	fefates:bytes	0x3375E4	
0x4D21F0	nw::snd::internal::driver::StreamSoundPlayer::Finalize()	fefates:bytes	0x3376B8	
0x4D22B4	nw::snd::internal::driver::StreamSoundPlayer::StreamSoundPlayer()	fefates:bytes	0x33777C	
0x4D2324	nw::snd::internal::driver::StreamSoundPlayer::~StreamSoundPlayer()	fefates:bytes	0x3377D4	
0x4D240C	nw::snd::internal::driver::SequenceSoundLoader::DataLoadTask::Execute()	fefates:bytes	0x3378BC	
0x4D2660	nw::snd::internal::driver::SequenceSoundLoader::IsInUse()	fefates:callgraph	0x337AFC	
0x4D267C	nw::snd::internal::driver::SequenceSoundLoader::Finalize()	fefates:bytes	0x337B18	
0x4D2694	nw::snd::internal::driver::SequenceSoundLoader::LoadInfo::LoadInfo(const nw::snd::SoundArchive*,const nw::snd::SoundDataManager*,nw::snd::internal::LoadItemInfo*,nw::snd::internal::LoadItemInfo*,nw::snd::SoundPlayer*)	fefates:bytes	0x337B30	
0x4D26C0	nw::snd::internal::driver::SequenceSoundPlayer::Initialize()	fefates:bytes	0x337B5C	
0x4D279C	nw::snd::internal::driver::SequenceSoundPlayer::UpdateTick()	fefates:bytes	0x337C38	
0x4D2974	nw::snd::internal::driver::SequenceSoundPlayer::RequestLoad(const nw::snd::internal::driver::SequenceSoundPlayer::StartInfo&,const nw::snd::internal::driver::SequenceSoundLoader::Arg&)	fefates:bytes	0x337E10	
0x4D29C8	nw::snd::internal::driver::SequenceSoundPlayer::SetTrackPan(unsigned int,float)	fefates:bytes	0x337E64	
0x4D29E4	nw::snd::internal::driver::SequenceSoundPlayer::FinishPlayer()	fefates:bytes	0x337E80	
0x4D2A60	nw::snd::internal::driver::SequenceSoundPlayer::SetTrackMute(unsigned int,nw::snd::SeqMute)	fefates:bytes	0x337EFC	
0x4D2AE4	nw::snd::internal::driver::SequenceSoundPlayer::SetTrackPitch(unsigned int,float)	fefates:bytes	0x337F80	
0x4D2AFC	nw::snd::internal::driver::SequenceSoundPlayer::GetPlayerTrack(int)	fefates:bytes	0x337F98	
0x4D2B10	nw::snd::internal::driver::SequenceSoundPlayer::GetVariablePtr(int)	fefates:bytes	0x337FAC	
0x4D2BDC	nw::snd::internal::driver::SequenceSoundPlayer::SetTrackVolume(unsigned int,float)	fefates:bytes	0x337FD8	
0x4D2BF8	nw::snd::internal::driver::SequenceSoundPlayer::SetTrackLpfFreq(unsigned int,float)	fefates:bytes	0x337FF4	
0x4D2C10	nw::snd::internal::driver::SequenceSoundPlayer::SetTrackSilence(unsigned long,bool,int)	fefates:bytes	0x33800C	
0x4D2CA4	nw::snd::internal::driver::SequenceSoundPlayer::SetTrackPanRange(unsigned int,float)	fefates:bytes	0x3380A0	
0x4D2CE4	nw::snd::internal::driver::SequenceSoundPlayer::SetTrackBankIndex(unsigned int,int)	fefates:bytes	0x3380CC	
0x4D2D80	nw::snd::internal::driver::SequenceSoundPlayer::SetTrackTranspose(unsigned int,signed char)	fefates:bytes	0x338168	
0x4D2E18	nw::snd::internal::driver::SequenceSoundPlayer::SetTrackSurroundPan(unsigned int,float)	fefates:bytes	0x3381EC	
0x4D2E30	nw::snd::internal::driver::SequenceSoundPlayer::SetTrackBiquadFilter(unsigned int,int,float)	fefates:bytes	0x338204	
0x4D2ECC	nw::snd::internal::driver::SequenceSoundPlayer::SetTrackVelocityRange(unsigned int,unsigned char)	fefates:bytes	0x338294	
0x4D2F50	nw::snd::internal::driver::SequenceSoundPlayer::InitSequenceSoundPlayer()	fefates:bytes	0x338318	
0x4D2F88	nw::snd::internal::driver::SequenceSoundPlayer::CallSequenceUserprocCallback(unsigned short,nw::snd::internal::driver::SequenceTrack*)	fefates:bytes	0x338350	
0x4D2FF8	nw::snd::internal::driver::SequenceSoundPlayer::Skip(nw::snd::internal::driver::SequenceSoundPlayer::StartOffsetType,int)	fefates:bytes	0x3383C0	
0x4D303C	nw::snd::internal::driver::SequenceSoundPlayer::Pause(bool)	fefates:bytes	0x338404	
0x4D307C	nw::snd::internal::driver::SequenceSoundPlayer::Setup(const nw::snd::internal::driver::SequenceSoundPlayer::SetupArg&)	fefates:bytes	0x338444	
0x4D3154	nw::snd::internal::driver::SequenceSoundPlayer::NoteOn(unsigned char,const nw::snd::internal::driver::NoteOnInfo&)	fefates:bytes	0x33851C	
0x4D3188	nw::snd::internal::driver::SequenceSoundPlayer::Update()	fefates:bytes	0x338554	
0x4D3520	nw::snd::internal::driver::SequenceSoundPlayer::Prepare(const nw::snd::internal::driver::SequenceSoundPlayer::PrepareArg&)	fefates:bytes	0x3388EC	
0x4D3614	nw::snd::internal::driver::SequenceSoundPlayer::Finalize()	fefates:bytes	0x3389E0	
0x4D36F8	nw::snd::internal::driver::SequenceSoundPlayer::SkipTick()	fefates:bytes	0x338AC4	
0x4D38E8	nw::snd::internal::driver::SequenceSoundPlayer::SequenceSoundPlayer()	fefates:bytes	0x338CB4	
0x4D3A20	nw::snd::internal::driver::SequenceSoundPlayer::~SequenceSoundPlayer()	fefates:bytes	0x338DA8	
0x4D3A60	nw::snd::internal::driver::DisposeCallbackManager::GetInstance()	fefates:bytes	0x338DE8	
0x4D3AB4	nw::snd::internal::driver::DisposeCallbackManager::RegisterDisposeCallback(nw::snd::internal::driver::DisposeCallback*)	fefates:callgraph	0x338E3C	
0x4D3AC4	nw::snd::internal::driver::DisposeCallbackManager::UnregisterDisposeCallback(nw::snd::internal::driver::DisposeCallback*)	fefates:callgraph	0x338E4C	
0x4D3ACC	nw::snd::internal::driver::DisposeCallbackManager::Dispose(const void*,unsigned long)	fefates:bytes	0x338E54	
0x4D3BDC	nw::snd::internal::driver::MmlSequenceTrackAllocator::AllocTrack(nw::snd::internal::driver::SequenceSoundPlayer*)	fefates:bytes	0x338F64	
0x4D3C14	nw::snd::internal::driver::MmlSequenceTrackAllocator::FreeTrack(nw::snd::internal::driver::SequenceTrack*)	fefates:bytes	0x338F9C	
0x4D3C58	nw::snd::internal::driver::Bank::CalcChannelVelocityVolume(unsigned char)	fefates:bytes	0x338FD8	
0x4D3C70	nw::snd::internal::driver::Channel::FreeChannel(nw::snd::internal::driver::Channel*)	fefates:bytes	0x338FF0	
0x4D3C88	nw::snd::internal::driver::Channel::SetLoopFlag(bool)	fefates:bytes	0x339008	
0x4D3CE4	nw::snd::internal::driver::Channel::UpdateSweep(int)	fefates:bytes	0x339064	
0x4D3D04	nw::snd::internal::driver::Channel::AllocChannel(int,int,void (*)(nw::snd::internal::driver::Channel*,nw::snd::internal::driver::Channel::ChannelCallbackStatus,unsigned int),unsigned int)	fefates:bytes	0x339084	
0x4D3D8C	nw::snd::internal::driver::Channel::SetSweepParam(float,int,bool)	fefates:bytes	0x33910C	
0x4D3DA4	nw::snd::internal::driver::Channel::SetBiquadFilter(int,float)	fefates:callgraph	0x339124	
0x4D3DB0	nw::snd::internal::driver::Channel::AppendWaveBuffer(const nw::snd::internal::WaveInfo&,unsigned int)	fefates:bytes	0x339130	
0x4D4018	nw::snd::internal::driver::Channel::Stop()	fefates:bytes	0x339398	
0x4D4088	nw::snd::internal::driver::Channel::Start(const nw::snd::internal::WaveInfo&,int,unsigned int)	fefates:bytes	0x339408	
0x4D4118	nw::snd::internal::driver::Channel::Update(bool)	fefates:bytes	0x339498	
0x4D44C4	nw::snd::internal::driver::Channel::NoteOff()	fefates:bytes	0x339844	
0x4D4514	nw::snd::internal::driver::Channel::Release()	fefates:bytes	0x339894	
0x4D4558	nw::snd::internal::driver::Channel::Disposer::InvalidateData(const void*,const void*)	fefates:bytes	0x3398D8	
0x4D46C8	nw::snd::internal::driver::Channel::InitParam(void (*)(nw::snd::internal::driver::Channel*,nw::snd::internal::driver::Channel::ChannelCallbackStatus,unsigned int),unsigned int)	fefates:bytes	0x339A40	
0x4D4800	nw::snd::internal::driver::Channel::Channel()	fefates:bytes	0x339B78	
0x4D489C	nw::snd::internal::driver::Channel::~Channel()	fefates:bytes	0x339C14	
0x4D48B8	nw::snd::internal::driver::MmlParser::ParseAllocTrack(const void*,unsigned int,unsigned int*)	fefates:bytes	0x339C30	
0x4D48F8	nw::snd::internal::CurveLfo::InitializeCurveTable()	fefates:bytes	0x339C68	
0x4D4950	nw::snd::internal::CurveLfo::Reset()	fefates:bytes	0x339CC0	
0x4D497C	nw::snd::internal::CurveLfo::Update(int)	fefates:bytes	0x339CEC	
0x4D4A38	nw::snd::internal::CurveLfo::CurveLfo()	fefates:bytes	0x339DA8	
0x4D4A74	nw::snd::internal::driver::MmlSequenceTrackAllocator::Create(void*,unsigned long)	fefates:callgraph	0x339DE4	
0x4D4A80	nw::snd::internal::PoolImpl::CreateImpl(void*,unsigned int,unsigned int)	fefates:bytes	0x339DF0	
0x4D4AD8	nw::snd::internal::driver::MmlSequenceTrackAllocator::Destroy(void*,unsigned long)	fefates:callgraph	0x1256B0	
0x4D4AE0	nw::snd::internal::PoolImpl::DestroyImpl(void*,unsigned long)	fefates:bytes	0x1256B8	
0x4D4B14	nw::snd::internal::PoolImpl::FreeImpl(void*)	fefates:callgraph	0x339E48	
0x4D4B24	nw::snd::internal::PoolImpl::AllocImpl()	fefates:bytes	0x339E58	
0x4D4B3C	nw::snd::internal::FrameHeap::Alloc(unsigned int,void (*)(void*,unsigned long,void*),void*)	fefates:bytes	0x339E70	
0x4D4BAC	nw::snd::internal::FrameHeap::~FrameHeap()	fefates:bytes	0x11AD94	
0x4D4C14	nw::snd::internal::WaveSound::RegisterDataLoadTask(const nw::snd::internal::driver::WaveSoundLoader::LoadInfo&,const nw::snd::internal::driver::WaveSoundPlayer::StartInfo&)	fefates:bytes	0x339FA4	
0x4D4C94	nw::snd::internal::WaveSound::InitializeChannelParam(int,bool)	fefates:bytes	0x33A024	
0x4D4D8C	nw::snd::internal::WaveSound::Prepare(const void*,const void*,const nw::snd::internal::driver::WaveSoundPlayer::StartInfo&,signed char)	fefates:bytes	0x33A11C	
0x4D4E54	nw::snd::internal::WaveSound::WaveSound(nw::snd::internal::SoundInstanceManager<nw::snd::internal::WaveSound>&)	fefates:bytes	0x33A1E4	
0x4D4EBC	nw::snd::internal::WaveSound::~WaveSound()	fefates:bytes	0x33A21C	
0x4D4EE8	nw::snd::SoundHeap::DisposeCallbackFunc(void*,unsigned long,void*)	fefates:bytes	0x33A248	
0x4D4F2C	nw::snd::SoundHeap::Alloc(unsigned int)	fefates:bytes	0x33A28C	
0x4D50D4	nw::snd::SoundHeap::~SoundHeap()	fefates:bytes	0x10F4DC	
0x4D5FB4	nw::h3d::res::AnimCurveData::NormalizeFrame(float) const	fefates:callseq	0x51D144	
0x4D9B4C	nw::math::AABB::Set(const nn::math::VEC3*,unsigned int)	fefates:bytes	0x33A370	
0x4D9C54	nw::math::PLANE::Set(const nn::math::VEC3*,const nn::math::VEC3*,const nn::math::VEC3*)	fefates:bytes	0x33A42C	
0x53B2DC	nn::pia::common::RootObject::operator new[](unsigned int)	fefates:callgraph	0x413D98	
0x726930	nn::fs::CTR::MPCore::detail::RomFsArchive::File::TryGetSize(long long*) const	fefates:bytes	0x50EE48	
0x726A44	nn::gr::CTR::FrameBuffer::MakeCommand(unsigned int*,unsigned int,bool) const	fefates:bytes	0x113478	
0x726BB0	nn::gr::CTR::FrameBuffer::MakeClearRequest(unsigned int,bool) const	fefates:bytes	0x11357C	
0x726FE8	nn::gr::CTR::RenderState::StencilTest::MakeCommand(unsigned int*,bool) const	fefates:bytes	0x50F3A4	
0x727074	nn::gr::CTR::RenderState::Culling::MakeCommand(unsigned int*,bool) const	fefates:bytes	0x50F430	
0x7270F0	nn::gr::CTR::RenderState::AlphaTest::MakeCommand(unsigned int*,bool) const	fefates:bytes	0x50F51C	
0x727148	nn::gr::CTR::RenderState::DepthTest::MakeCommand(unsigned int*,bool) const	fefates:bytes	0x50F574	
0x72724C	nn::gr::CTR::FragmentLight::MakeLightEnvCommand(unsigned int*,bool) const	fefates:bytes	0x50F7AC	
0x7275FC	nn::gr::CTR::FragmentLight::Source::MakeAllCommand(unsigned int*) const	fefates:bytes	0x50FA64	
0x72770C	nn::gr::CTR::Shader::MakeFullCommand(unsigned int*) const	fefates:bytes	0x137F6C	
0x727944	nn::gr::CTR::ShaderLite::MakeLoadCommand_(unsigned int*,unsigned int,const unsigned int*,unsigned int) const	fefates:bytes	0x137B4C	nn::gr::CTR::Shader::MakeLoadCommand_(unsigned int*,unsigned int,const unsigned int*,unsigned int) const
0x7279E4	nn::gr::CTR::Shader::SearchBindSymbol(nn::gr::CTR::BindSymbol*,const char*) const	fefates:bytes	0x50FC60	
0x727B4C	nn::gr::CTR::Vertex::MakeDrawCommand(unsigned int*,const nn::gr::CTR::Vertex::IndexStream&) const	fefates:bytes	0x50FDC8	
0x727BEC	nn::gr::CTR::Vertex::MakeEnableAttrCommand_(unsigned int*) const	fefates:bytes-fuzzy	0x130C88	
0x7281E0	nn::gr::CTR::Texture::MakeCommand(unsigned int*,bool) const	fefates:bytes-fuzzy	0x5103BC	
0x728220	nn::gr::CTR::Texture::MakeFuncCommand(unsigned int*,bool) const	fefates:bytes	0x50FE68	
0x728314	nn::gr::CTR::Texture::Unit0::MakeCommand(unsigned int*,bool) const	fefates:bytes	0x50FF5C	
0x72893C	nn::gr::CTR::Combiner::MakeCommand(unsigned int*) const	fefates:bytes	0x5105E4	
0x728A80	nn::gr::CTR::Combiner::Stage::MakeCommand(unsigned int*) const	fefates:bytes	0x5107AC	
0x728CCC	nn::cec::CTR::MessageBox::GetMessageId(nn::cec::CTR::MessageId*,nn::cec::CTR::CecBoxType,unsigned int) const	fefates:bytes	0x5108B4	
0x728D24	nn::cec::CTR::MessageBox::GetMessHeader(nn::cec::CTR::CecBoxType,unsigned int) const	fefates:bytes	0x51090C	
0x728DE0	nn::cec::CTR::MessageBox::GetMessageTag(nn::cec::CTR::CecBoxType,unsigned int) const	fefates:bytes	0x5109C8	
0x728DF4	nn::cec::CTR::MessageBox::GetMessageSize(nn::cec::CTR::CecBoxType,unsigned int) const	fefates:bytes	0x5109DC	
0x728E08	nn::cec::CTR::MessageBox::GetMessageIndex(nn::cec::CTR::CecBoxType,unsigned char*) const	fefates:bytes	0x5109F0	
0x728EC4	nn::cec::CTR::MessageBox::OpenAndReadFile(unsigned char*,unsigned int,unsigned int*,unsigned int,unsigned int,unsigned int) const	fefates:bytes	0x510AAC	
0x728F3C	nn::cec::CTR::MessageBox::OpenAndWriteFile(const unsigned char*,unsigned int,unsigned int,unsigned int,unsigned int) const	fefates:bytes	0x510B24	
0x72901C	nn::cec::CTR::MessageBox::ReadMessageBoxInfo(nn::cec::CTR::MessageBoxInfo*,unsigned int) const	fefates:bytes	0x510BA0	
0x7290C0	nn::cec::CTR::MessageBox::IsAgreeEulaAppRequired() const	fefates:bytes	0x510C30	
0x7291A0	nn::cec::CTR::MessageBox::OpenFile(unsigned int,unsigned int,unsigned int,unsigned int*) const	fefates:bytes	0x510D00	
0x729358	nn::cec::CTR::Message::GetExHeader(unsigned int,unsigned int*,void**) const	fefates:bytes	0x510E04	
0x729454	nn::cec::CTR::Message::GetMessageBody(void*,unsigned int) const	fefates:bytes	0x510E80	
0x7294C8	nn::cec::CTR::Message::MakeMessageBinary(void*) const	fefates:bytes	0x510EB0	
0x729580	nn::cec::CTR::Message::OutputMessageHeader(void*) const	fefates:bytes	0x510F68	
0x7295B0	nn::cec::CTR::MessageId::IsEmpty() const	fefates:bytes	0x510F7C	
0x7295EC	nn::cec::CTR::MessageId::IsEqual(const unsigned char*) const	fefates:bytes	0x510FB8	
0x729618	nn::cec::CTR::MessageId::GetBinary(unsigned char*) const	fefates:callgraph	0x131768	
0x729628	nn::dbm::RomPathTool::PathParser::GetAsFileName(nn::dbm::RomPathTool::RomEntryName*) const	fefates:callgraph	0x510FE4	
0x729658	nn::dbm::RomPathTool::PathParser::IsDirectoryPath() const	fefates:bytes	0x511014	
0x7296AC	nn::dbm::RomPathTool::PathParser::GetAsDirectoryName(nn::dbm::RomPathTool::RomEntryName*) const	fefates:callgraph	0x511068	
0x7296E0	nn::fnd::ExpHeapBase::HasAddress(const void*) const	fefates:bytes	0x511098	
0x72975C	nn::fnd::DateTime::GetMilliSecond() const	fefates:bytes	0x511260	
0x7297B0	nn::fnd::DateTime::GetDay() const	fefates:bytes	0x5112B4	
0x729808	nn::fnd::DateTime::GetHour() const	fefates:bytes	0x51130C	
0x729900	nn::fnd::DateTime::GetYear() const	fefates:bytes	0x511374	
0x729958	nn::fnd::DateTime::GetMonth() const	fefates:bytes	0x5113CC	
0x7299B0	nn::fnd::DateTime::GetMinute() const	fefates:bytes	0x511424	
0x729A1C	nn::fnd::DateTime::GetSecond() const	fefates:bytes	0x511490	
0x729A88	nn::nex::StationURL::GetAddress() const	fefates:bytes	0x51159C	
0x729B10	nn::nex::StationURL::GetURLType(wchar_t*,unsigned int) const	fefates:callgraph	0x511624	
0x729C20	nn::nex::StationURL::GetURLType() const	fefates:bytes	0x511734	
0x729C3C	nn::nex::StationURL::GetStreamID() const	fefates:callgraph	0x511750	
0x729C58	nn::nex::StationURL::ValidateData() const	fefates:bytes	0x51176C	
0x729C6C	nn::nex::StationURL::GetNATMapping() const	fefates:callgraph	0x511780	
0x729C88	nn::nex::StationURL::GetParamValue(const wchar_t*,unsigned int) const	fefates:bytes	0x51179C	
0x729DF0	nn::nex::StationURL::GetPortNumber() const	fefates:bytes	0x511904	
0x729E14	nn::nex::StationURL::GetStreamType() const	fefates:callgraph	0x511928	
0x729E30	nn::nex::StationURL::GetInetAddress() const	fefates:bytes	0x511944	
0x729E4C	nn::nex::StationURL::GetPrincipalID() const	fefates:callgraph	0x511960	
0x729E5C	nn::nex::StationURL::GetConnectionID() const	fefates:callgraph	0x511970	
0x729E6C	nn::nex::StationURL::GetNATFiltering() const	fefates:callgraph	0x511980	
0x729F5C	nn::nex::StationURL::GetRVConnectionID() const	fefates:callgraph	0x511A70	
0x72A040	nn::nex::StationURL::GetProbeRequestInitiation() const	fefates:bytes	0x511B54	
0x72A060	nn::nex::StationURL::GetURL() const	fefates:bytes	0x511B74	
0x72A07C	nn::nex::StationURL::GetType() const	fefates:callgraph	0x511B90	
0x72A08C	nn::nex::StationURL::operator!=(const nn::nex::StationURL&) const	fefates:bytes	0x511BA0	
0x72A100	nn::nex::Credentials::GetConnection(unsigned short) const	fefates:bytes	0x511BEC	
0x72A11C	nn::nex::InetAddress::GetAddress() const	fefates:callgraph	0x511C08	
0x72A128	nn::nex::InetAddress::GetAddressStr() const	fefates:bytes	0x511C14	
0x72A180	nn::nex::InetAddress::GetPortNumber() const	fefates:callgraph	0x511C6C	
0x72A18C	nn::nex::InetAddress::ToStr(wchar_t*) const	fefates:bytes	0x511C78	
0x72A538	nn::nex::RoutingTable::Find(const nn::nex::InetAddress&,nn::nex::InetAddress&) const	fefates:bytes	0x511D94	
0x72A604	nn::nex::StringStream::GetLength() const	fefates:bytes	0x511E50	
0x72A618	nn::nex::NATProperties::GetNATMapping() const	fefates:callgraph	0x511E64	
0x72A634	nn::nex::NATProperties::GetNATFiltering() const	fefates:callgraph	0x511E80	
0x72A99C	nn::nex::RootTransport::GetNATProperties() const	fefates:callseq	0x511EC4	
0x72AAA4	nn::nex::ServiceClient::GetConnection(unsigned short) const	fefates:bytes	0x511FD0	
0x72AADC	nn::nex::ServiceClient::GetProtocolRegistry() const	fefates:callseq-callee	0x512008	
0x72AB28	nn::nex::ServiceClient::IsFaulty() const	fefates:bytes	0x512018	
0x72AB70	nn::nex::AnyDataAdapter::FindPrototype(const nn::nex::String&) const	fefates:bytes	0x512060	
0x72ABF0	nn::nex::AnyDataAdapter::StreamIn(nn::nex::Message*,const nn::nex::Data&) const	fefates:bytes	0x5120E0	
0x72AC9C	nn::nex::AnyDataAdapter::StreamOut(nn::nex::Message*,nn::nex::Data**) const	fefates:bytes	0x51218C	
0x72AFA8	nn::nex::HttpConnection::GetBoundaryString() const	fefates:bytes	0x51235C	
0x72B2E4	nn::nex::SecureEndPoint::GetSignaledFaultError() const	fefates:bytes	0x5124D8	
0x72B300	nn::nex::SecureEndPoint::GetSupportedFunctionsFlags() const	fefates:bytes	0x5124F4	
0x72B3EC	nn::nex::_DDL_Gathering::GetGatheringType() const	fefates:bytes	0x51251C	
0x72B42C	nn::nex::_DDL_Gathering::Clone() const	fefates:bytes	0x512538	
0x72B468	nn::nex::BackEndServices::IsConnected() const	fefates:callseq	0x512558	
0x72B5F8	nn::nex::BackEndServices::LoginJobIsInProgress() const	fefates:bytes	0x5126DC	
0x72B614	nn::nex::BackEndServices::GetAuthenticationClient() const	fefates:bytes	0x5126F8	
0x72B660	nn::nex::BackEndServices::TerminateJobIsInProgress() const	fefates:bytes	0x512744	
0x72B67C	nn::nex::BackEndServices::GetSecureConnectionClient() const	fefates:bytes	0x512760	
0x72B75C	nn::nex::OperationManager::GetCurrentOperation() const	fefates:bytes	0x5127D8	
0x72B7CC	nn::nex::_DDL_GameSession::GetGatheringType() const	fefates:bytes	0x5127F4	
0x72B814	nn::nex::_DDL_GameSession::Clone() const	fefates:bytes	0x512814	
0x72B844	nn::nex::_DDL_GameSession::StreamIn(nn::nex::Message*) const	fefates:bytes	0x512844	
0x72C1DC	nn::nex::StreamManager::IsTerminated() const	fefates:callgraph	0x512CD4	
0x72C1E4	nn::nex::ConnectionManager::IsTerminated() const	fefates:bytes	0x512CDC	
0x72C200	nn::nex::NATTraversalEngine::ShouldUseRelay(const nn::nex::StationURL&,bool) const	fefates:callseq	0x512CF8	
0x72C2B8	nn::nex::StationContactInfo::SortAndFilterTarget(nn::nex::StationContactInfo&) const	fefates:bytes	0x512DB0	
0x72C7D4	nn::nex::AnyGatheringAdapter::FindPrototype(const nn::nex::String&) const	fefates:callgraph	0x513060	
0x72C890	nn::nex::AnyGatheringAdapter::StreamIn(nn::nex::Message*,const nn::nex::Gathering&) const	fefates:bytes	0x513178	
0x72C998	nn::nex::AnyGatheringAdapter::StreamOut(nn::nex::Message*,nn::nex::Gathering**) const	fefates:bytes	0x513280	
0x72CC58	nn::nex::SystemComponentGroup::GetComponentsState() const	fefates:bytes	0x513490	
0x72CE6C	nn::nex::_DDL_DynamicGathering::GetGatheringType() const	fefates:bytes	0x51358C	
0x72CECC	nn::nex::_DDL_DynamicGathering::Clone() const	fefates:bytes	0x5135B8	
0x72CFA8	nn::nex::_DDL_MatchmakeSession::GetGatheringType() const	fefates:bytes	0x513634	
0x72D008	nn::nex::_DDL_MatchmakeSession::Clone() const	fefates:callseq	0x513660	
0x72D088	nn::nex::KeyedChecksumAlgorithm::IsReady() const	fefates:bytes	0x513680	
0x72D0B0	nn::nex::SecurityContextManager::GetCurrentAddress() const	fefates:bytes	0x5136A8	
0x72D0E4	nn::nex::DataStoreProtocolClient::CreateResponder() const	fefates:callseq	0x5136DC	
0x72D108	nn::nex::JobBackEndServicesLogin::CreateStreamManager() const	fefates:bytes-fuzzy	0x513700	
0x72D280	nn::nex::NATTraversalRelayClient::IsConnected() const	fefates:bytes	0x513854	
0x72D2B4	nn::nex::_DDL_AuthenticationInfo::GetDataType() const	fefates:bytes	0x513888	
0x72D31C	nn::nex::_DDL_AuthenticationInfo::Clone() const	fefates:bytes	0x5138B8	
0x72D3D0	nn::nex::_DDL_AuthenticationInfo::StreamIn(nn::nex::Message*) const	fefates:bytes	0x51396C	
0x72D5A0	nn::nex::_DDL_PersistentGathering::GetGatheringType() const	fefates:bytes	0x513A6C	
0x72D608	nn::nex::_DDL_PersistentGathering::Clone() const	fefates:callseq	0x513A9C	
0x72DDB8	nn::nex::NATTraversalProtocolClient::CreateResponder() const	fefates:callseq	0x513EF4	
0x72DF34	nn::nex::Key::GetContentPtr() const	fefates:bytes	0x513FC4	
0x72DF4C	nn::nex::Key::ExtractToString(nn::nex::String*) const	fefates:bytes	0x513FDC	
0x72E040	nn::nex::Key::ToString() const	fefates:bytes	0x5140D0	
0x72E078	nn::nex::Key::GetLength() const	fefates:callgraph	0x514108	
0x72E0A8	nn::nex::Buffer::ToString() const	fefates:bytes	0x514138	
0x72E178	nn::nex::String::CreateCopy(char**) const	fefates:bytes	0x514208	
0x72E1C8	nn::nex::String::FindSubstringNoCase(const wchar_t*) const	fefates:bytes	0x514258	
0x72E2CC	nn::nex::String::ToUInt64() const	fefates:bytes	0x51435C	
0x72E360	nn::nex::String::GetLength() const	fefates:callgraph	0x5143F0	
0x72E374	nn::nex::String::operator<(const nn::nex::String&) const	fefates:bytes	0x514404	
0x72E478	nn::nex::Timeout::IsExpired() const	fefates:bytes	0x514508	
0x72E508	nn::nex::Variant::GetBoolValue() const	fefates:bytes	0x514598	
0x72E540	nn::nex::Variant::GetDoubleValue() const	fefates:bytes	0x5145D0	
0x72E560	nn::nex::Variant::GetStringValue() const	fefates:bytes	0x5145F0	
0x72E5CC	nn::nex::Variant::GetDateTimeValue() const	fefates:bytes	0x514644	
0x72E5FC	nn::nex::qResult::Equals(const bool&) const	fefates:bytes	0x514674	
0x72E634	nn::nex::qResult::operator bool() const	fefates:callgraph	0x5146AC	
0x72E644	nn::nex::DateTime::ToEpochTime() const	fefates:bytes	0x5146BC	
0x72E99C	nn::nex::DateTime::operator unsigned long long() const	fefates:callseq-callee	0x514850	
0x72E9AC	nn::nex::DateTime::operator-(const nn::nex::DateTime&) const	fefates:bytes	0x514860	
0x72E9F0	nn::nex::Protocol::FlagIsSet(unsigned int) const	fefates:bytes	0x51489C	
0x72EA08	nn::nex::NgsFacade::GetLastLoginErrorCode() const	fefates:bytes	0x5148B0	
0x72EB4C	nn::nex::_DDL_Data::GetDataType() const	fefates:bytes	0x5149A8	
0x72EB7C	nn::nex::_DDL_Data::Clone() const	fefates:bytes	0x5149BC	
0x72EBBC	nn::ngc::CharacterRangeList::HasSharedCharRangeArea(const nn::ngc::CharacterRangeList*) const	fefates:bytes	0x5149E8	
0x72EC20	nn::ngc::CTR::ProfanityFilter::CheckArguments_Word(const unsigned int*,const wchar_t**,unsigned int) const	fefates:bytes	0x514A4C	
0x72EC5C	nn::nwm::ScanResultReaderBase::GetCount() const	fefates:callgraph	0x514A88	
0x72EC6C	nn::nwm::BssDescriptionReaderBase::GetChannel() const	fefates:callgraph	0x514A98	
0x72EC8C	nn::nwm::BssDescriptionReaderBase::GetBssid() const	fefates:bytes	0x514AA8	
0x72EE00	nn::nwm::CTR::BssReader::GetVendorIe(const unsigned char*,unsigned char) const	fefates:bytes	0x514B10	
0x72EF60	nn::pia::inet::NatProbeData::Serialize(unsigned char*,unsigned int*,unsigned int) const	fefates:bytes	0x514BC0	
0x72FA74	nn::pia::inet::NatProbe::UpdateIsNeeded(nn::pia::common::Time) const	fefates:bytes	0x514C90	
0x72FAD4	nn::pia::local::LocalFacade::GetHostStationConnectionInfo(nn::pia::transport::StationConnectionInfo*) const	fefates:bytes	0x514CEC	
0x72FB04	nn::pia::local::LocalFacade::ConvertTransportIdToStationConnectionInfo(unsigned char,nn::pia::transport::StationConnectionInfo*) const	fefates:callgraph	0x514D1C	
0x72FBB0	nn::pia::local::LocalMessage::GetData(void*,int,unsigned short) const	fefates:bytes	0x514DB0	
0x72FBEC	nn::pia::local::LocalNetwork::GetStationInfoList(nn::pia::local::LocalStationInfo*,unsigned char,unsigned int) const	fefates:callseq	0x514E58	
0x72FD00	nn::pia::local::LocalNetwork::GetApplicationData(void*,unsigned int*,unsigned int,const nn::pia::local::LocalNetworkDescription*) const	fefates:bytes-fuzzy	0x514DE8	
0x72FE50	nn::pia::local::LocalNetwork::IsDuringHostMigration() const	fefates:bytes	0x514F38	
0x72FE90	nn::pia::local::LocalNetwork::IsEnableHostMigration() const	fefates:bytes	0x514F78	
0x72FF98	nn::pia::local::LocalNetwork::IsEnableAroundNetworkSearch() const	fefates:bytes	0x51500C	
0x730038	nn::pia::local::LocalNetwork::IsHost() const	fefates:callgraph	0x5150A4	
0x73005C	nn::pia::local::LocalNetwork::IsClient() const	fefates:callgraph	0x5150C8	
0x730480	nn::pia::local::UdsNetworkManager::ConvertUdsResult(const nn::Result&) const	fefates:bytes	0x5151A4	
0x730804	nn::pia::local::UdsNetworkManager::ConvertUdsSendToResult(const nn::Result&) const	fefates:bytes	0x5153F8	
0x7309DC	nn::pia::local::UdsNetworkManager::GetBeaconSystemDataSize() const	fefates:bytes	0x515510	
0x730A0C	nn::pia::local::UdsNetworkManager::ConvertUdsReceiveFromResult(const nn::Result&) const	fefates:bytes	0x515540	
0x730C98	nn::pia::local::UdsNetworkManager::GetBeaconApplicationDataSizeMax() const	fefates:bytes-fuzzy	0x51564C	
0x730E50	nn::pia::local::UdsNetworkManager::ConvertLocalNodeIdToStationInfoRole(unsigned short) const	fefates:bytes	0x5156D0	
0x730EAC	nn::pia::local::LocalNetworkManager::GetNodeNum() const	fefates:bytes	0x515710	
0x730EDC	nn::pia::local::LocalNetworkManager::GetApplicationVersion() const	fefates:bytes	0x515740	
0x730FB4	nn::pia::local::LocalNetworkManager::GetConnectedTransportIdBitmap(bool) const	fefates:bytes	0x5157CC	
0x731024	nn::pia::local::LocalNetworkManager::ConvertLocalNodeIdToTransportId(unsigned short) const	fefates:bytes	0x51583C	
0x7310A0	nn::pia::local::LocalNetworkManager::ConvertTransportIdToLocalNodeId(unsigned char) const	fefates:bytes	0x5158B8	
0x731108	nn::pia::local::LocalNetworkManager::IsWaitingUpdateSessionAckMessage() const	fefates:callgraph	0x515920	
0x731120	nn::pia::local::LocalNetworkManager::GetConnectedTransportIdBitmapFromHost(bool) const	fefates:callgraph	0x515934	
0x731188	nn::pia::local::LocalNetworkManager::IsHost() const	fefates:bytes	0x51598C	
0x7311AC	nn::pia::local::LocalNetworkManager::IsClient() const	fefates:bytes	0x5159B0	
0x731238	nn::pia::local::LocalMigrationManager::GetMigrationState(unsigned char) const	fefates:bytes	0x5159CC	
0x731264	nn::pia::local::LocalMigrationManager::IsExistStateMigrating() const	fefates:bytes	0x5159F8	
0x7312A8	nn::pia::local::LocalMigrationManager::RemoveBeaconSystemData(void*,const void*,unsigned int) const	fefates:bytes	0x515A3C	
0x7313D4	nn::pia::local::LocalMigrationManager::ConvertLocalNodeIdToTransportId(unsigned short) const	fefates:bytes	0x515B7C	
0x731444	nn::pia::local::LocalMigrationManager::ConvertTransportIdToLocalNodeId(unsigned char) const	fefates:bytes	0x515BEC	
0x73147C	nn::pia::local::LocalMigrationManager::GetNextHostCandidateTransportId() const	fefates:bytes	0x515C24	
0x73151C	nn::pia::local::UdsNetworkDescription::GetMaxParticipants() const	fefates:bytes	0x515CA8	
0x731530	nn::pia::local::UdsNetworkDescription::GetCurrentParticipants() const	fefates:bytes	0x515CBC	
0x731544	nn::pia::local::UdsNetworkDescription::GetLocalCommunicationId() const	fefates:bytes	0x515CD0	
0x731584	nn::pia::local::UdsNetworkDescription::GetSubId() const	fefates:bytes	0x515CE8	
0x731598	nn::pia::local::UdsNetworkDescription::IsOpened() const	fefates:bytes	0x515CFC	
0x7315C8	nn::pia::local::UdsMigrationManagerNew::GetLocalNodeKey(unsigned short) const	fefates:bytes	0x515D24	
0x73163C	nn::pia::local::UdsMigrationManagerNew::GetLocalCommunicationId() const	fefates:bytes	0x515D98	
0x731770	nn::pia::local::LocalAroundNetworkSearchManager::GetMessageDestBitmap() const	fefates:bytes	0x515DC8	
0x731788	nn::pia::local::LocalAroundNetworkSearchManager::IsSendingStatusMessage() const	fefates:bytes	0x515DE0	
0x7317E0	nn::pia::local::LocalAroundNetworkSearchManager::IsSendingCommandMessage() const	fefates:callgraph	0x515E38	
0x73181C	nn::pia::common::InetAddress::IsValidAddress() const	fefates:callgraph	0x515E50	
0x73182C	nn::pia::common::InetAddress::GetAddressString(nn::pia::common::String*) const	fefates:bytes	0x515E60	
0x731888	nn::pia::common::InetAddress::GetKey() const	fefates:bytes	0x515EBC	
0x7318A4	nn::pia::common::InetAddress::IsValid() const	fefates:bytes	0x515ED8	
0x7318C4	nn::pia::common::InetAddress::IsPrivate() const	fefates:bytes	0x515EF8	
0x731914	nn::pia::common::InetAddress::Serialize(unsigned char*,unsigned int*,unsigned int) const	fefates:bytes	0x515F48	
0x73197C	nn::pia::common::StationAddress::IsValid() const	fefates:bytes	0x515FB0	
0x7319A4	nn::pia::common::StationAddress::Serialize(unsigned char*,unsigned int*,unsigned int) const	fefates:bytes	0x515FD8	
0x731A1C	nn::pia::common::StationAddress::operator==(const nn::pia::common::StationAddress&) const	fefates:bytes	0x516050	
0x731A70	nn::pia::common::StationAddress::operator<(const nn::pia::common::StationAddress&) const	fefates:bytes	0x5160A4	
0x731C90	nn::pia::common::SessionEndMonitoringData::Serialize(unsigned char*,unsigned int*,unsigned int) const	fefates:bytes-fuzzy	0x5162A4	
0x731D84	nn::pia::common::SessionBeginMonitoringData::Serialize(unsigned char*,unsigned int*,unsigned int) const	fefates:bytes	0x516398	
0x731E44	nn::pia::common::SessionBeginMonitoringContent::Serialize(unsigned char*,unsigned int*,unsigned int) const	fefates:callgraph	0x516458	
0x733184	nn::pia::common::Job::IsBackground() const	fefates:callgraph	0x138244	
0x7331F0	nn::pia::common::Job::IsForeground() const	fefates:bytes-fuzzy	0x1382B0	
0x733250	nn::pia::common::Job::GetState() const	fefates:callgraph	0x138310	
0x733304	nn::pia::common::Job::IsRunning() const	fefates:callgraph	0x13C2C8	
0x733374	nn::pia::common::Packet::GetPacketNumInNetwork() const	fefates:bytes	0x517938	
0x73338C	nn::pia::common::Packet::IsValid() const	fefates:bytes	0x517950	
0x7333D8	nn::pia::common::ListBase::IsIncludeNode(const nn::pia::common::ListNode*) const	fefates:bytes	0x517998	
0x7335D8	nn::pia::session::JoinMeshJob::CheckRelayConnectionForMonitoring() const	fefates:callseq	0x5179E0	
0x733844	nn::pia::session::MeshProtocol::GetJoinRequestDataSize() const	fefates:bytes	0x517C54	
0x733930	nn::pia::session::ProcessUpdateMeshJob::CheckEdmByStationIndex(nn::pia::StationIndex) const	fefates:bytes	0x517C84	
0x733990	nn::pia::session::ProcessUpdateMeshJob::GetStationIndexByPrincipalID(unsigned int) const	fefates:bytes	0x517CE4	
0x7342F0	nn::pia::session::Mesh::CheckStationIndexIsValid(nn::pia::StationIndex) const	fefates:callgraph	0x517EBC	
0x734338	nn::pia::session::Mesh::GetTime() const	fefates:bytes-fuzzy	0x517F00	
0x73474C	nn::pia::session::Session::IsUsingStationIdTable() const	fefates:callseq-callee	0x517FF4	
0x734B00	nn::pia::session::SyncClock::GetTime() const	fefates:callseq	0x51804C	
0x734B7C	nn::pia::transport::RttProtocol::GetRtt(nn::pia::StationIndex) const	fefates:callgraph	0x51810C	
0x734BA4	nn::pia::transport::RttProtocol::GetRtt(nn::pia::StationIndex,unsigned int) const	fefates:callgraph	0x5181B8	
0x734BD0	nn::pia::transport::PacketHandler::IsEndIteration() const	fefates:bytes	0x51823C	
0x734C38	nn::pia::transport::PacketHandler::GetPayloadSizeLimit() const	fefates:callgraph	0x518258	
0x734C44	nn::pia::transport::PacketHandler::GetPacketAnalysisData(nn::pia::transport::PacketAnalysisData*,nn::pia::transport::PacketAnalysisData*) const	fefates:bytes	0x518264	
0x734D3C	nn::pia::transport::PacketHandler::Iterator::GetMessageReader() const	fefates:bytes	0x51835C	
0x734D58	nn::pia::transport::RttCalculator::GetRtt(unsigned int) const	fefates:bytes	0x518374	
0x734D80	nn::pia::transport::RttCalculator::GetRtt() const	fefates:bytes	0x51839C	
0x734DAC	nn::pia::transport::RttCalculator::IsTimeOut() const	fefates:bytes	0x5183C8	
0x734E28	nn::pia::transport::PacketAnalyzer::GetPacketAnalysisData(nn::pia::transport::PacketAnalysisData*) const	fefates:callgraph	0x518434	
0x734EE0	nn::pia::transport::StationIdTable::GetEntryNum() const	fefates:bytes	0x518560	
0x734F10	nn::pia::transport::StationIdTable::Find(nn::pia::transport::StationIdTable::Entry*,nn::pia::StationIndex) const	fefates:bytes	0x13C338	
0x734F74	nn::pia::transport::StationIdTable::Find(nn::pia::transport::StationIdTable::Entry*,nn::pia::StationId) const	fefates:bytes	0x518590	
0x734FE0	nn::pia::transport::StationIdTable::Find(nn::pia::transport::StationIdTable::Entry*,unsigned int) const	fefates:bytes	0x5185FC	
0x735074	nn::pia::transport::StationIdTable::FindCore(nn::pia::StationIndex) const	fefates:bytes-fuzzy	0x13F870	
0x7350B0	nn::pia::transport::StationIdTable::FindCore(nn::pia::StationId) const	fefates:bytes	0x518690	
0x735104	nn::pia::transport::StationIdTable::FindCore(unsigned int) const	fefates:bytes	0x5186E4	
0x735140	nn::pia::transport::StationManager::GetStation(nn::pia::StationIndex) const	fefates:callseq-callee	0x518720	
0x735194	nn::pia::transport::StationManager::GetStationAddress(nn::pia::common::StationAddress*,nn::pia::StationId) const	fefates:bytes	0x518774	
0x7351C0	nn::pia::transport::StationManager::GetStationAddress(nn::pia::common::StationAddress*,nn::pia::StationIndex) const	fefates:bytes	0x5187A0	
0x735270	nn::pia::transport::StationManager::GetParticipatingStationBitmap(bool) const	fefates:bytes	0x518850	
0x7352F0	nn::pia::transport::StationLocation::GetSerializedSize() const	fefates:bytes	0x5188C8	
0x735308	nn::pia::transport::StationLocation::Serialize(unsigned char*,unsigned int*,unsigned int) const	fefates:bytes	0x5188E0	
0x735450	nn::pia::transport::StationLocation::operator==(const nn::pia::transport::StationLocation&) const	fefates:bytes	0x518A28	
0x73552C	nn::pia::transport::StationProtocol::MakeConnectionRequestData(unsigned char*,unsigned char,bool,bool) const	fefates:bytes	0x518B04	
0x735598	nn::pia::transport::StationProtocol::MakeConnectionResponseData(unsigned char*,bool) const	fefates:bytes	0x518B70	
0x735640	nn::pia::transport::StationProtocol::GetConnectionRequestDataSize() const	fefates:bytes	0x518C18	
0x7356DC	nn::pia::transport::RelayRouteManager::GetRelayRoute(nn::pia::StationIndex,nn::pia::StationIndex,nn::pia::StationIndex*) const	fefates:bytes	0x518C48	
0x735738	nn::pia::transport::RelayRouteManager::GetDestStationList(nn::pia::StationIndex,nn::pia::StationIndex,unsigned int*) const	fefates:bytes	0x518CA4	
0x7357C4	nn::pia::transport::RelayRouteManager::GetDirectStationList(nn::pia::StationIndex,unsigned int*) const	fefates:bytes	0x518D30	
0x735854	nn::pia::transport::RelayRouteManager::GetOriginalRelayRoute(nn::pia::StationIndex,nn::pia::StationIndex,nn::pia::StationIndex*) const	fefates:bytes	0x518DC0	
0x7358B0	nn::pia::transport::RelayRouteManager::GetRelayRouteDirectionsSize() const	fefates:bytes	0x518E1C	
0x7358F0	nn::pia::transport::RelayRouteManager::GetOriginalDirectStationList(nn::pia::StationIndex,unsigned int*) const	fefates:bytes	0x518E5C	
0x735B3C	nn::pia::transport::ConnectionAnalyzer::GetConnectionAnalysisData(nn::pia::transport::ConnectionAnalysisData*) const	fefates:callseq	0x519110	
0x735C0C	nn::pia::transport::PacketAnalysisData::Print(bool) const	fefates:bytes	0x519254	
0x736014	nn::pia::transport::PacketAnalysisData::GetIndex(nn::pia::transport::ProtocolId) const	fefates:bytes	0x51965C	
0x7361B0	nn::pia::transport::ProtocolMessageReader::GetDestination() const	fefates:bytes	0x5197A8	
0x7361C4	nn::pia::transport::ProtocolMessageReader::GetReservedData() const	fefates:bytes	0x5197BC	
0x7361D8	nn::pia::transport::ProtocolMessageReader::GetProtocolIdPort() const	fefates:bytes	0x5197D0	
0x7361F0	nn::pia::transport::ProtocolMessageReader::GetSourceStationKey() const	fefates:bytes	0x5197E8	
0x736204	nn::pia::transport::ReliableSlidingWindow::IsInCommunication() const	fefates:bytes	0x5197FC	
0x736228	nn::pia::transport::StationConnectionInfo::GetSerializedSize() const	fefates:bytes	0x51981C	
0x736428	nn::pia::transport::StationConnectionInfo::Serialize(unsigned char*,unsigned int*,unsigned int) const	fefates:bytes	0x519844	
0x736508	nn::pia::transport::StationConnectionInfo::operator==(const nn::pia::transport::StationConnectionInfo&) const	fefates:bytes	0x519924	
0x736548	nn::pia::transport::TransportThreadStream::GetLastResult() const	fefates:bytes	0x519964	
0x736560	nn::pia::transport::TransportAnalysisData::Print(bool) const	fefates:bytes	0x51997C	
0x73658C	nn::pia::transport::ConnectionAnalysisData::Print(bool) const	fefates:bytes	0x5199A8	
0x7366C0	nn::pia::transport::ResendingMessageManager::CheckNowResending(unsigned int) const	fefates:bytes	0x519ADC	
0x736750	nn::pia::transport::ResendingMessageManager::ExtractAckIdFromMessage(const unsigned char*,unsigned int) const	fefates:bytes	0x519B6C	
0x7367EC	nn::pia::transport::StationConnectionInfoTable::GetStation(const nn::pia::transport::StationConnectionInfo&) const	fefates:bytes	0x51A058	
0x7368B4	nn::pia::transport::StationConnectionInfoTable::GetStationKey(nn::pia::StationIndex,unsigned int*) const	fefates:bytes	0x51A120	
0x736974	nn::pia::transport::StationConnectionInfoTable::GetStationKey(nn::pia::transport::Station*,unsigned int*) const	fefates:bytes	0x51A1E0	
0x736A24	nn::pia::transport::StationConnectionInfoTable::GetLocalStationKey(unsigned int*) const	fefates:bytes	0x51A290	
0x736A4C	nn::pia::transport::StationConnectionInfoTable::GetStationPartialMatch(const nn::pia::transport::StationLocation&,nn::pia::transport::StationConnectionInfoTable::PartialMatchMode) const	fefates:bytes	0x51A2B8	
0x736B34	nn::pia::transport::StationConnectionInfoTable::GetPrincipalIdByStation(const nn::pia::transport::Station*) const	fefates:bytes	0x51A3A0	
0x736BC4	nn::pia::transport::StationConnectionInfoTable::GetStationConnectionInfo(const nn::pia::transport::Station*,nn::pia::transport::StationConnectionInfo*) const	fefates:bytes	0x51A430	
0x736C80	nn::pia::transport::StationConnectionInfoTable::GetStationIndexByPrincipalID(unsigned int) const	fefates:bytes	0x51A4EC	
0x736D10	nn::pia::transport::ProtocolMessageFilteringManager::IsFilteringEnabled(unsigned short) const	fefates:bytes	0x51A578	
0x736D90	nn::pia::transport::Station::IsConnectionRouteRelay() const	fefates:bytes	0x51A5F8	
0x736DAC	nn::pia::transport::Station::IsConnectionRouteDirect() const	fefates:bytes	0x51A614	
0x736DC8	nn::pia::transport::Station::GetRtt(unsigned int) const	fefates:bytes	0x51A630	
0x736E24	nn::pia::transport::Station::GetRtt() const	fefates:bytes	0x51A68C	
0x736E84	nn::pia::transport::Transport::ConvertToStationId(nn::pia::StationId*,nn::pia::StationIndex) const	fefates:callgraph	0x138414	
0x736FB8	nn::pia::transport::Transport::ConvertToStationIndex(nn::pia::StationIndex*,nn::pia::StationId) const	fefates:callgraph	0x51A6F4	
0x7370FC	nn::uds::CTR::ScanResultReader::GetCount() const	fefates:bytes	0x51A970	
0x737134	nn::uds::CTR::NetworkDescription::GetApplicationData(unsigned char*,unsigned int) const	fefates:bytes	0x51A9A8	
0x737168	nn::http::Connection::GetProgress(unsigned int*,unsigned int*) const	fefates:bytes	0x51AB78	
0x7371C4	nn::http::Connection::GetSslError(int*) const	fefates:bytes	0x51ABD4	
0x737218	nn::http::Connection::GetStatusCode(int*) const	fefates:bytes	0x51AC28	
0x737250	nn::http::Connection::GetHeaderField(const char*,char*,unsigned int,unsigned int*) const	fefates:bytes	0x51AC60	
0x7374E4	nn::ulcd::CTR::StereoCamera::GetParallax(float) const	fefates:bytes	0x13C39C	
0x73EAF4	nw::snd::SoundArchive::GetItemLabel(unsigned int) const	fefates:bytes	0x51E808	
0x73EB3C	nw::snd::SoundArchive::ReadGroupInfo(unsigned int,nw::snd::SoundArchive::GroupInfo*) const	fefates:bytes	0x51E8A8	
0x73EB94	nw::snd::SoundArchive::ReadPlayerInfo(unsigned int,nw::snd::SoundArchive::PlayerInfo*) const	fefates:bytes	0x51E958	
0x73EBEC	nw::snd::SoundArchive::ReadSound3DInfo(unsigned int,nw::snd::SoundArchive::Sound3DInfo*) const	fefates:bytes	0x51E9B0	
0x73EC44	nw::snd::SoundArchive::ReadSoundUserParam(unsigned int,int,unsigned int&) const	fefates:bytes	0x51EB60	
0x73ECA4	nw::snd::SoundArchive::ReadStreamSoundInfo(unsigned int,nw::snd::SoundArchive::StreamSoundInfo*) const	fefates:bytes	0x51EBC0	
0x73ECFC	nw::snd::SoundArchive::ReadSoundArchivePlayerInfo(nw::snd::SoundArchive::SoundArchivePlayerInfo*) const	fefates:bytes	0x51EDD4	
0x73ED4C	nw::snd::SoundArchive::detail_ReadStreamSoundInfo2(unsigned int,nw::snd::SoundArchive::StreamSoundInfo2*) const	fefates:bytes	0x51EE24	
0x73EDAC	nw::snd::SoundArchive::GetItemId(const char*) const	fefates:bytes	0x51EE84	
0x73EDF4	nw::snd::SoundDataManager::GetFileAddressImpl(unsigned int) const	fefates:bytes	0x51EECC	
0x73EE58	nw::snd::SoundDataManager::GetRequiredMemSize(const nw::snd::SoundArchive*) const	fefates:bytes	0x51EF30	
0x73EE78	nw::snd::SoundDataManager::detail_GetFileAddress(unsigned int) const	fefates:callgraph	0x51EF50	
0x73EE84	nw::snd::SoundDataManager::GetFileAddressFromTable(unsigned int) const	fefates:bytes	0x51EF5C	
0x73F124	nw::snd::SoundArchivePlayer::GetRequiredMemSize(const nw::snd::SoundArchive*,unsigned int) const	fefates:bytes	0x51EF88	
0x73F288	nw::snd::SoundArchivePlayer::GetRequiredStreamCacheSize(const nw::snd::SoundArchive*,unsigned int) const	fefates:bytes	0x51F0EC	
0x73F2B8	nw::snd::SoundArchivePlayer::GetRequiredStreamBufferSize(const nw::snd::SoundArchive*) const	fefates:bytes	0x51F11C	
0x73F2F4	nw::snd::internal::BasicSound::IsPause() const	fefates:bytes	0x51F184	
0x73F30C	nw::snd::internal::CurveAdshr::GetValue() const	fefates:bytes	0x51F19C	
0x73F344	nw::snd::internal::StreamSound::IsPrepared() const	fefates:bytes	0x51F1D4	
0x73F404	nw::snd::internal::SequenceSound::IsPrepared() const	fefates:bytes	0x51F258	
0x73F480	nw::snd::internal::WaveSoundFile::WaveSoundData::GetWaveSoundInfo() const	fefates:callgraph	0x51F380	
0x73F48C	nw::snd::internal::WaveSoundFile::WaveSoundInfo::GetLpfFreq() const	fefates:bytes	0x51F38C	
0x73F4B0	nw::snd::internal::WaveSoundFile::WaveSoundInfo::GetSendValue(unsigned char*,unsigned char*,unsigned char) const	fefates:bytes	0x51F3B0	
0x73F59C	nw::snd::internal::WaveSoundFile::WaveSoundInfo::GetAdshrCurve() const	fefates:bytes	0x51F49C	
0x73F5D4	nw::snd::internal::WaveSoundFile::WaveSoundInfo::GetBiquadType() const	fefates:bytes	0x51F4D4	
0x73F5FC	nw::snd::internal::WaveSoundFile::WaveSoundInfo::GetBiquadValue() const	fefates:bytes	0x51F4FC	
0x73F624	nw::snd::internal::WaveSoundFile::WaveSoundInfo::GetSurroundPan() const	fefates:bytes	0x51F524	
0x73F64C	nw::snd::internal::WaveSoundFile::WaveSoundInfo::GetPan() const	fefates:bytes	0x51F54C	
0x73F670	nw::snd::internal::WaveSoundFile::WaveSoundInfo::GetPitch() const	fefates:bytes	0x51F570	
0x73F6E0	nw::snd::internal::BankFileReader::ReadVelocityRegionInfo(nw::snd::internal::VelocityRegionInfo*,int,int,int) const	fefates:bytes	0x51F750	
0x73F86C	nw::snd::internal::WaveFileReader::ReadWaveInfo(nw::snd::internal::WaveInfo*,const void*) const	fefates:bytes	0x51F8DC	
0x73F990	nw::snd::internal::BiquadFilterHpf::GetCoefficients(int,float,nn::snd::CTR::BiquadFilterCoefficients*) const	fefates:bytes	0x51FA00	
0x73F9E4	nw::snd::internal::BiquadFilterLpf::GetCoefficients(int,float,nn::snd::CTR::BiquadFilterCoefficients*) const	fefates:bytes	0x51FA54	
0x73FA38	nw::snd::internal::StreamSoundFile::FileHeader::HasSeekBlock() const	fefates:callgraph	0x51FB4C	
0x73FA54	nw::snd::internal::StreamSoundFile::FileHeader::GetReferenceBy(unsigned short) const	fefates:bytes	0x51FB68	
0x73FB14	nw::snd::internal::StreamSoundFile::FileHeader::HasRegionBlock() const	fefates:callgraph	0x51FC28	
0x73FB30	nw::snd::internal::StreamSoundFile::FileHeader::GetInfoBlockSize() const	fefates:bytes	0x51FC44	
0x73FB44	nw::snd::internal::StreamSoundFile::FileHeader::GetDataBlockOffset() const	fefates:callgraph	0x51FC58	
0x73FB5C	nw::snd::internal::StreamSoundFile::FileHeader::GetInfoBlockOffset() const	fefates:bytes	0x51FC70	
0x73FB70	nw::snd::internal::StreamSoundFile::FileHeader::GetSeekBlockOffset() const	fefates:callgraph	0x51FC84	
0x73FB88	nw::snd::internal::StreamSoundFile::FileHeader::GetRegionBlockOffset() const	fefates:callgraph	0x51FC9C	
0x73FBA0	nw::snd::internal::StreamSoundFile::ChannelInfo::GetDspAdpcmChannelInfo() const	fefates:bytes	0x51FCB4	
0x73FBB8	nw::snd::internal::StreamSoundFile::InfoBlockBody::GetTrackInfoTable() const	fefates:bytes	0x51FCCC	
0x73FBD4	nw::snd::internal::StreamSoundFile::InfoBlockBody::GetStreamSoundInfo() const	fefates:bytes	0x51FCE8	
0x73FBEC	nw::snd::internal::StreamSoundFile::InfoBlockBody::GetChannelInfoTable() const	fefates:bytes	0x51FD00	
0x73FC08	nw::snd::internal::StreamSoundFile::TrackInfoTable::GetTrackInfo(unsigned int) const	fefates:callgraph	0x51FD1C	
0x73FC70	nw::snd::internal::CachedFileStream::Tell() const	fefates:bytes	0x51FE3C	
0x73FD34	nw::snd::internal::SoundArchiveFile::FileHeader::GetInfoBlockSize() const	fefates:bytes	0x51FEB8	
0x73FD74	nw::snd::internal::SoundArchiveFile::FileHeader::GetFileBlockOffset() const	fefates:callgraph	0x51FEF8	
0x73FDB4	nw::snd::internal::SoundArchiveFile::FileHeader::GetInfoBlockOffset() const	fefates:callgraph	0x51FF38	
0x73FDF4	nw::snd::internal::SoundArchiveFile::FileHeader::GetStringBlockSize() const	fefates:bytes	0x51FF78	
0x73FE2C	nw::snd::internal::SoundArchiveFile::FileHeader::GetStringBlockOffset() const	fefates:bytes	0x51FFB0	
0x73FE64	nw::snd::internal::SoundArchiveFile::PlayerInfo::GetPlayerHeapSize() const	fefates:bytes	0x51FFE8	
0x73FE84	nw::snd::internal::SoundArchiveFile::InfoBlockBody::GetGroupInfo(unsigned int) const	fefates:bytes	0x520070	
0x73FEC0	nw::snd::internal::SoundArchiveFile::InfoBlockBody::GetPlayerInfo(unsigned int) const	fefates:bytes	0x520274	
0x73FEFC	nw::snd::internal::SoundArchiveFile::InfoBlockBody::GetItemStringId(unsigned int) const	fefates:callgraph	0x5202B0	
0x740148	nw::snd::internal::SoundArchiveFile::InfoBlockBody::GetSoundArchivePlayerInfo() const	fefates:callgraph	0x5205D8	
0x740184	nw::snd::internal::SoundArchiveFile::StreamSoundInfo::GetSendValue() const	fefates:callgraph	0x52065C	
0x740190	nw::snd::internal::SoundArchiveFile::StreamSoundInfo::GetTrackInfoTable() const	fefates:callgraph	0x520668	
0x7401AC	nw::snd::internal::SoundArchiveFile::StreamSoundInfo::GetStreamSoundExtension() const	fefates:bytes	0x520684	
0x7401D4	nw::snd::internal::SoundArchiveFile::StringBlockBody::GetItemIdImpl(nw::snd::internal::SoundArchiveFile::StringBlockBody::Sections,const char*) const	fefates:bytes	0x5206AC	
0x7402BC	nw::snd::internal::SoundArchiveFile::StringBlockBody::GetString(unsigned int) const	fefates:bytes	0x520794	
0x7402E8	nw::snd::internal::SoundArchiveFile::StreamSoundInfoLegacy::GetLoopEndFrame() const	fefates:bytes	0x5208BC	
0x740308	nw::snd::internal::SoundArchiveFile::StreamSoundInfoLegacy::GetLoopStartFrame() const	fefates:bytes	0x5208DC	
0x740328	nw::snd::internal::SoundArchiveFile::StreamSoundInfoLegacy::GetStreamFileType() const	fefates:bytes	0x5208FC	
0x740350	nw::snd::internal::SoundArchiveFile::StreamSoundInfoLegacy::GetTrackInfoTable() const	fefates:callgraph	0x520924	
0x74036C	nw::snd::internal::SoundArchiveFile::StreamSoundInfoLegacy::IsLoop() const	fefates:bytes	0x520940	
0x7403A0	nw::snd::internal::SoundArchiveFile::SoundInfo::ReadUserParam(int,unsigned int&) const	fefates:bytes	0x520AB4	
0x7403C4	nw::snd::internal::SoundArchiveFile::SoundInfo::GetSound3DInfo() const	fefates:bytes	0x520AD8	
0x7403EC	nw::snd::internal::SoundArchiveFile::SoundInfo::GetStreamSoundInfo() const	fefates:callgraph	0x520B60	
0x7403F8	nw::snd::internal::SoundArchiveFile::SoundInfo::GetStreamSoundInfoLegacy() const	fefates:callgraph	0x520B78	
0x740404	nw::snd::internal::SequenceSoundFile::FileHeader::GetDataBlock() const	fefates:bytes	0x520B84	
0x740470	nw::snd::internal::SequenceSoundFile::FileHeader::GetLabelBlock() const	fefates:callgraph	0x520BF0	
0x7404E0	nw::snd::internal::SequenceSoundFile::LabelBlockBody::GetOffsetByLabel(const char*,unsigned int*) const	fefates:bytes	0x520C60	
0x740568	nw::snd::internal::BiquadFilterBpf512::GetCoefficients(int,float,nn::snd::CTR::BiquadFilterCoefficients*) const	fefates:bytes	0x520CE8	
0x7405CC	nw::snd::internal::FsSoundArchiveBase::OpenExtStream(void*,int,const char*,void*,unsigned int,nw::snd::SoundArchive::FileStreamPriority) const	fefates:bytes	0x520D4C	
0x7406F8	nw::snd::internal::SoundArchiveLoader::detail_GetFileAddressByItemId(unsigned int) const	fefates:bytes	0x520E70	
0x7407DC	nw::snd::internal::SoundArchiveLoader::GetFileAddressFromSoundArchive(unsigned int) const	fefates:bytes	0x520F54	
0x7408C0	nw::snd::internal::WaveSoundFileReader::ReadWaveSoundInfo(nw::snd::internal::WaveSoundInfo*,unsigned int) const	fefates:bytes	0x5210F4	
0x7409E8	nw::snd::internal::StreamSoundFileLoader::ReadRegionInfo(nw::snd::internal::StreamSoundFile::RegionInfo*,unsigned int) const	fefates:bytes	0x521210	
0x740A60	nw::snd::internal::StreamSoundFileReader::IsValidFileHeader(const void*) const	fefates:callgraph	0x521288	
0x740A98	nw::snd::internal::StreamSoundFileReader::ReadStreamSoundInfo(nw::snd::internal::StreamSoundFile::StreamSoundInfo*) const	fefates:bytes	0x5212B8	
0x740B80	nw::snd::internal::StreamSoundFileReader::ReadStreamTrackInfo(nw::snd::internal::StreamSoundFileReader::TrackInfo*,int) const	fefates:bytes	0x5213A0	
0x740C24	nw::snd::internal::StreamSoundFileReader::IsTrackInfoAvailable() const	fefates:bytes	0x521444	
0x740C44	nw::snd::internal::StreamSoundFileReader::ReadDspAdpcmChannelInfo(nw::snd::DspAdpcmParam*,nw::snd::internal::DspAdpcmLoopParam*,int) const	fefates:callgraph	0x521464	
0x740C94	nw::snd::SoundArchive::detail_GetFileCount() const	fefates:callgraph	0x5215B0	
0x740CB0	nw::snd::internal::SoundArchiveFileReader::GetItemLabel(unsigned int) const	fefates:bytes	0x5215CC	
0x740D24	nw::snd::internal::SoundArchiveFileReader::ReadGroupInfo(unsigned int,nw::snd::SoundArchive::GroupInfo*) const	fefates:bytes	0x5216DC	
0x740DB0	nw::snd::SoundArchive::GetPlayerCount() const	fefates:callgraph	0x5217DC	
0x740DCC	nw::snd::internal::SoundArchiveFileReader::ReadPlayerInfo(unsigned int,nw::snd::SoundArchive::PlayerInfo*) const	fefates:bytes	0x5217F8	
0x740DFC	nw::snd::internal::SoundArchiveFileReader::ReadSound3DInfo(unsigned int,nw::snd::SoundArchive::Sound3DInfo*) const	fefates:bytes	0x521828	
0x740E48	nw::snd::internal::SoundArchiveFileReader::ReadSoundUserParam(unsigned int,int,unsigned int&) const	fefates:bytes	0x52193C	
0x740E78	nw::snd::SoundArchive::GetWaveArchiveCount() const	fefates:callgraph	0x52196C	
0x740E94	nw::snd::internal::SoundArchiveFileReader::ReadStreamSoundInfo(unsigned int,nw::snd::SoundArchive::StreamSoundInfo*) const	fefates:bytes	0x521988	
0x741124	nw::snd::internal::SoundArchiveFileReader::ReadStreamSoundInfo2(unsigned int,nw::snd::SoundArchive::StreamSoundInfo2*) const	fefates:bytes	0x521C54	
0x7411E0	nw::snd::internal::SoundArchiveFileReader::ReadSoundArchivePlayerInfo(nw::snd::SoundArchive::SoundArchivePlayerInfo*) const	fefates:bytes	0x521E8C	
0x74125C	nw::snd::internal::SoundArchiveFileReader::GetItemId(const char*) const	fefates:bytes	0x521F08	
0x74127C	nw::snd::internal::StreamSoundPrefetchFile::FileHeader::GetInfoBlock() const	fefates:bytes	0x521F28	
0x741350	nw::snd::internal::StreamSoundPrefetchFile::PrefetchData::GetPrefetchSample() const	fefates:callgraph	0x521FFC	
0x74135C	nw::snd::internal::StreamSoundPrefetchFileReader::ReadStreamSoundInfo(nw::snd::internal::StreamSoundFile::StreamSoundInfo*) const	fefates:bytes	0x522008	
0x741384	nw::snd::internal::StreamSoundPrefetchFileReader::ReadPrefetchDataInfo(nw::snd::internal::StreamSoundPrefetchFileReader::PrefetchDataInfo*,int) const	fefates:bytes	0x522030	
0x7413C0	nw::snd::internal::StreamSoundPrefetchFileReader::ReadDspAdpcmChannelInfo(nw::snd::DspAdpcmParam*,nw::snd::internal::DspAdpcmLoopParam*,int) const	fefates:callgraph	0x52206C	
0x741424	nw::snd::internal::driver::MultiVoice::IsRun() const	fefates:bytes	0x52214C	
0x741444	nw::snd::internal::driver::MultiVoice::GetFormat() const	fefates:bytes	0x52216C	
0x741458	nw::snd::internal::driver::HardwareManager::GetOutputVolume() const	fefates:bytes	0x522180	
0x7414CC	nw::snd::internal::driver::BasicSoundPlayer::GetFxSend(nw::snd::AuxBus) const	fefates:callgraph	0x522264	
0x7414D8	nw::snd::internal::driver::MultiVoiceManager::GetVoiceCount() const	fefates:bytes	0x522270	
0x741534	nw::snd::internal::driver::StreamSoundLoader::IsBusy() const	fefates:bytes	0x5222CC	
0x741554	nw::snd::internal::driver::StreamSoundPlayer::ReadStreamDataInfo(nw::snd::StreamDataInfo*) const	fefates:bytes	0x5222EC	
0x7415C8	nw::snd::internal::driver::StreamSoundPlayer::GetPlaySamplePosition(bool) const	fefates:bytes	0x522360	
0x74168C	nw::snd::internal::driver::Bank::NoteOn(const nw::snd::internal::BankFileReader&,const nw::snd::internal::WaveArchiveFileReader&,const nw::snd::internal::driver::NoteOnInfo&) const	fefates:bytes	0x522418	
0x741818	nw::snd::internal::driver::MmlParser::CommandProc(nw::snd::internal::driver::MmlSequenceTrack*,unsigned int,int,int) const	fefates:bytes-fuzzy	0x522634	
0x74257C	nw::snd::internal::driver::MmlParser::NoteOnCommandProc(nw::snd::internal::driver::MmlSequenceTrack*,int,int,int,bool) const	fefates:bytes	0x523398	
0x7425A4	nw::snd::internal::driver::MmlSequenceTrack::Parse(bool)	fefates:bytes	0x5233C0	
0x742B34	nw::snd::internal::driver::MmlParser::ReadArg(const unsigned char**,nw::snd::internal::driver::SequenceSoundPlayer*,nw::snd::internal::driver::SequenceTrack*,nw::snd::internal::driver::MmlParser::SeqArgType) const	fefates:callseq	0x523950	
0x742C84	nw::snd::internal::BankFile::Instrument::GetKeyRegion(unsigned int) const	fefates:callgraph	0x523B0C	
0x742D38	nw::snd::internal::BankFile::InfoBlockBody::GetInstrument(int) const	fefates:bytes	0x523BC0	
0x742D7C	nw::snd::internal::BankFile::InfoBlockBody::GetInstrumentReferenceTable() const	fefates:callgraph	0x523C10	
0x742D88	nw::snd::internal::BankFile::VelocityRegion::GetKeyGroup() const	fefates:bytes	0x523C1C	
0x742DB4	nw::snd::internal::BankFile::VelocityRegion::GetAdshrCurve() const	fefates:callgraph	0x523C48	
0x742DF0	nw::snd::internal::BankFile::VelocityRegion::GetOriginalKey() const	fefates:bytes	0x523C84	
0x742E18	nw::snd::internal::BankFile::VelocityRegion::IsIgnoreNoteOff() const	fefates:bytes	0x523CAC	
0x742E44	nw::snd::internal::BankFile::VelocityRegion::GetRegionParameter() const	fefates:bytes	0x523CD8	
0x742E5C	nw::snd::internal::BankFile::VelocityRegion::GetInterpolationType() const	fefates:bytes	0x523CF0	
0x742E88	nw::snd::internal::BankFile::VelocityRegion::GetPan() const	fefates:callgraph	0x523D1C	
0x742EB0	nw::snd::internal::BankFile::VelocityRegion::GetPitch() const	fefates:callgraph	0x523D44	
0x742F24	nw::snd::internal::BankFile::VelocityRegion::GetVolume() const	fefates:bytes	0x523DB8	
0x742F4C	nw::snd::internal::BankFile::KeyRegion::GetVelocityRegion(unsigned int) const	fefates:callgraph	0x523DE0	
0x743000	nw::snd::internal::CurveLfo::GetValue() const	fefates:bytes	0x523E94	
0x7430A4	nw::snd::internal::PoolImpl::CountImpl() const	fefates:bytes	0x523F38	
0x7430CC	nw::snd::internal::WaveFile::FileHeader::GetDataBlock() const	fefates:callgraph	0x523F60	
0x743134	nw::snd::internal::WaveFile::FileHeader::GetInfoBlock() const	fefates:bytes	0x523FC8	
0x7431A0	nw::snd::internal::WaveFile::ChannelInfo::GetDspAdpcmInfo() const	fefates:callgraph	0x524034	
0x7431AC	nw::snd::internal::WaveFile::ChannelInfo::GetSamplesAddress(const void*) const	fefates:callgraph	0x524040	
0x7431B8	nw::snd::internal::WaveFile::InfoBlockBody::GetChannelInfo(int) const	fefates:bytes	0x52404C	
0x7431D8	nw::snd::internal::WaveSound::IsPrepared() const	fefates:bytes	0x5241A8	
0x77A51C	operator new[](unsigned int,const std::nothrow_t&)	fefates:callgraph	0x113C78	
0x77A564	__ARM_common_memclr4_10	fefates:bytes	0x54AF3C	
0x77A588	__ARM_common_memclr4_6	fefates:callgraph	0x54AF8C	
0x77A5B4	__ARM_common_memclr4_7	fefates:bytes	0x54AF9C	
0x77A5C8	__ARM_common_memclr4_8	fefates:callgraph	0x54AFB0	
0x77A5EC	__ARM_common_memcpy4_10	fefates:bytes	0x54AFC0	
0x77A608	__ARM_common_memcpy4_6	fefates:bytes	0x54AFF0	
0x77A61C	__ARM_common_memset4_12	fefates:bytes	0x54B020	
0x77A6F4	__ARM_fpclassifyf	fefates:bytes	0x54B03C	
0x77AD5C	__hardfp_acosf	fefates:bytes	0x54B068	
0x77AFC0	__hardfp_atan2f	fefates:bytes-fuzzy	0x54B194	
0x77B2C0	__hardfp_cosf	fefates:bytes	0x54B450	
0x77B43C	__hardfp_expf	fefates:bytes	0x54B5CC	
0x77B66C	__hardfp_floorf	fefates:bytes	0x54B7FC	
0x77B708	__hardfp_fmodf	fefates:bytes	0x13178C	
0x77BC18	__hardfp_powf	fefates:bytes	0x54B898	
0x77C38C	__hardfp_sinf	fefates:bytes-fuzzy	0x54C00C	
0x77C708	__mathlib_dbl_underflow	fefates:bytes	0x143748	
0x77C720	__mathlib_flt_underflow	fefates:callgraph	0x54C210	
0x77C730	__mathlib_rredf2	fefates:bytes	0x54C220	
0x784EF8	__sti___10_fs_Api_cpp	fefates:bytes	0x54F620	
0x785708	__sti___11_err_Api_cpp	fefates:bytes	0x552258	
0x785770	__sti___11_hid_Api_cpp	fefates:bytes	0x5522A8	
0x7857F4	__sti___11_mic_Api_cpp	fefates:bytes	0x552304	__sti___13_swkbd_Api_cpp
0x785830	__sti___11_nfp_Api_cpp	fefates:bytes	0x552340	
0x785888	__sti___11_snd_Api_cpp	fefates:bytes	0x5523AC	
0x7858B0	__sti___11_uds_Api_cpp	fefates:bytes	0x5523D4	
0x786454	__sti___12_snd_Util_cpp	fefates:bytes	0x5578E4	
0x788578	__sti___13_gr_Vertex_cpp	fefates:bytes	0x55BF20	
0x78859C	__sti___13_os_Thread_cpp	fefates:bytes	0x55BF44	
0x788744	__sti___14_applet_API_cpp	fefates:bytes	0x564750	
0x790B7C	__sti___14_hid_CStick_cpp	fefates:bytes	0x5648D4	
0x790C98	__sti___14_os_Default_cpp	fefates:bytes	0x564934	
0x7916D8	__sti___14_snd_System_cpp	fefates:bytes	0x5649E4	
0x7919B4	__sti___15_cfg_Default_cpp	fefates:bytes	0x56DE28	
0x792F84	__sti___15_friends_Api_cpp	fefates:bytes	0x56DF58	
0x793140	__sti___15_seadHeapMgr_cpp	fefates:bytes	0x56E064	
0x7931F4	__sti___15_ut_HeapBase_cpp	fefates:bytes	0x56E150	
0x796704	__sti___16_fnd_DateTime_cpp	fefates:bytes	0x575554	
0x796780	__sti___16_init_Default_cpp	fefates:bytes	0x57558C	
0x796884	__sti___17_DDLTypes_Blob_cpp	fefates:bytes	0x5786EC	
0x797D1C	__sti___18_applet_Wrapper_cpp	fefates:bytes	0x5876FC	
0x797D88	__sti___18_cec_ControlSys_cpp	fefates:bytes	0x587768	
0x797E0C	__sti___18_cec_MessageBox_cpp	fefates:bytes	0x5877EC	
0x798F54	__sti___18_ssl_CommonImpl_cpp	fefates:bytes	0x587920	
0x7998DC	__sti___19_boss_IpcManager_cpp	fefates:bytes	0x58F328	
0x79A294	__sti___19_http_CommonImpl_cpp	fefates:bytes	0x58F598	
0x79A58C	__sti___19_snd_SoundSystem_cpp	fefates:bytes	0x58F6FC	
0x79B5C4	__sti___20_gxlow_Management_cpp	fefates:bytes	0x5971A4	
0x79B658	__sti___20_os_ManagedThread_cpp	fefates:bytes	0x597314	
0x79BFAC	__sti___21_fs_UserFileSystem_cpp	fefates:bytes	0x59E800	
0x79C330	__sti___21_snd_MasterManager_cpp	fefates:bytes	0x59EAEC	
0x79C3AC	__sti___21_socket_IpcWrapper_cpp	fefates:bytes	0x59EB68	
0x79CB78	__sti___23_applet_ClientThread_cpp	fefates:bytes	0x5A65EC	
0x79D2A0	__sti___23_snd_HardwareManager_cpp	fefates:bytes	0x5A6718	
0x79DB68	__sti___24_seadTextStreamFormat_cpp	fefates:bytes	0x5A9DC8	
0x79DCAC	__sti___25_RendezVousClient_Blob_cpp	fefates:bytes	0x5AC890	
0x79DE2C	__sti___25_RendezVousCommon_Blob_cpp	fefates:bytes	0x5ACA10	
0x79E928	__sti___25_snd_MasterManagerImpl_cpp	fefates:bytes	0x5AE374	
0x79E960	__sti___26_MatchmakingClient_Blob_cpp	fefates:bytes	0x5B06EC	
0x79F69C	__sti___29_JugemDataStoreClient_Blob_cpp	fefates:bytes	0x5B4CCC	
0x79FEF8	__sti___7_ubl_cpp	fefates:bytes	0x5BC120	
0x7A0B78	__support_ldexp	fefates:bytes	0x143650	
0x7AEA10	nncxZlib__tr_align	fefates:bytes	0x5C59E0	
0x7AEB90	nncxZlib__tr_flush_bits	fefates:bytes	0x5C5B60	
0x7AEC34	nncxZlib__tr_flush_block	fefates:bytes	0x5C5C04	
0x7AF340	nncxZlib__tr_init	fefates:bytes	0x5C6310	
0x7AF484	nncxZlib__tr_stored_block	fefates:bytes	0x5C6454	
0x7AF648	nncxZlib_adler32	fefates:callgraph	0x5C6618	
0x7AF9F8	nncxZlib_crc32	fefates:callgraph	0x5C69C8	
0x7AFED4	nncxZlib_deflate	fefates:bytes	0x5C6EA4	
0x7B1030	nncxZlib_deflateBound	fefates:bytes	0x5C8000	
0x7B1130	nncxZlib_deflateEnd	fefates:callgraph	0x5C8100	
0x7B1210	nncxZlib_deflateInit2_	fefates:bytes	0x5C81E0	
0x7B14CC	nncxZlib_deflateReset	fefates:bytes	0x5C849C	
0x7B1710	nngxAddB2LTransferCommand	fefates:bytes	0x113CD8	
0x7B175C	nngxAddMemoryFillCommand	fefates:bytes	0x113D24	
0x7B18A4	nngxAddVramDmaCommand	fefates:bytes	0x11E74C	
0x7B1918	nngxAddVramDmaCommandNoCacheFlush	fefates:bytes	0x138AB8	
0x7B199C	nngxCheckVSync	fefates:bytes	0x10B064	
0x7B1A2C	nngxClearCmdlist	fefates:bytes	0x113EA8	
0x7B1ABC	nngxFlush3DCommand	fefates:bytes	0x5C86DC	
0x7B1C64	nngxGetAllocator	fefates:bytes	0x13C3D4	
0x7B1CB0	nngxGetDisplaybufferParameteri	fefates:bytes	0x114530	
0x7B1D08	nngxIsStereoVisionAllowed	fefates:bytes	0x10B13C	
0x7B1D40	nngxRunCmdlist	fefates:bytes	0x10B174	
0x7B1DA0	nngxSetCmdlistParameteri	fefates:bytes	0x11522C	
0x7B1E9C	nngxStopCmdlist	fefates:bytes	0x11541C	
0x7B1F9C	nngxSwapBuffers	fefates:bytes	0x10B250	
0x7B2138	nngxUpdateState	fefates:bytes	0x115474	
0x7B2998	nngxWaitCmdlistDone	fefates:bytes	0x1155C4	
0x7B2A34	nngxWaitVSync	fefates:bytes	0x10B3E8	
0x7B2AE4	nngxlowSetBufferSwap	fefates:callgraph	0x115660	
0x7B2B44	nnnstdTSNPrintf	fefates:callgraph	0x5C8A68	
0x7B2B60	nnosStackMemoryBlockAllocate	fefates:bytes	0x5C8A84	
0x7B2BDC	nnosStackMemoryBlockFree	fefates:bytes	0x5C8B00	
0x7B2BF0	nnosStackMemoryBlockGetStackBottom	fefates:callgraph	0x5C8B14	
0x7B2C00	nnosStackMemoryBlockInitialize	fefates:bytes	0x5C8B24	
0x7B2C34	nnosTickGetSystemCurrent	fefates:callgraph	0x13C408	
0x7D35B8	nn::fs::CTR::MPCore::detail::FindArchive<char>(const char*)	fefates:bytes	0x11EF2C	
0x7D36C8	nn::os::detail::BlockingQueueBase<nn::os::CriticalSection>::Jam(unsigned int)	fefates:bytes	0x5CF484	
0x7D3798	nn::os::detail::BlockingQueueBase<nn::os::CriticalSection>::TryJam(unsigned int)	fefates:bytes	0x5CF554	
0x7D38A0	nn::fnd::ExpHeapTemplate<nn::os::LockPolicy::Object<nn::os::CriticalSection>>::Allocator::Free(void*)	fefates:bytes	0x5CF604	
0x7D38D0	nn::fnd::ExpHeapTemplate<nn::os::LockPolicy::Object<nn::os::CriticalSection>>::Allocator::Allocate(unsigned int,int)	fefates:bytes	0x5CF634	
0x7D39E8	nn::nex::ByteStream::ExtractPrimitive<unsigned char>(unsigned char*)	fefates:bytes	0x5CF6B8	
0x7D3A48	nn::nex::ByteStream::ExtractPrimitive<unsigned int>(unsigned int*)	fefates:bytes	0x5CF718	
0x7D3AB8	nn::nex::ByteStream::ExtractPrimitive<unsigned short>(unsigned short*)	fefates:bytes	0x5CF788	
0x7D3B1C	nn::nex::ByteStream::ExtractPrimitive<unsigned long long>(unsigned long long*)	fefates:bytes	0x5CF7EC	
0x7D3C98	nn::nex::TimedQueue<nn::nex::NetworkEmulator::NetworkPacket>::Queue(const nn::nex::NetworkEmulator::NetworkPacket&,nn::nex::Time)	fefates:bytes	0x5CF8C0	
0x7D3F68	nn::nex::TimedQueue<nn::nex::NetworkEmulator::NetworkPacket>::GetHead(nn::nex::Time)	fefates:bytes	0x5CFACC	
0x7D4000	nn::nex::TimedQueue<nn::nex::NetworkEmulator::NetworkPacket>::~TimedQueue()	fefates:bytes	0x5CFB34	
0x7D41F4	nn::nex::_Type_qlist<nn::nex::_Type_uint32>::Add(nn::nex::Message*,const nn::nex::qList<unsigned int>&)	fefates:bytes	0x5CFD28	
0x7D4248	nn::nex::_Type_qlist<nn::nex::_Type_stationurl>::Extract(nn::nex::Message*,nn::nex::qList<nn::nex::StationURL>*)	fefates:bytes	0x5CFD7C	
0x7D4690	nn::nex::MethodCallJob<nn::nex::CallContextRegister,int,nn::nex::PeriodicJob>::Execute()	fefates:bytes	0x5D0124	
0x7D4700	nn::nex::_Type_qvector<nn::nex::_Type_byte>::Extract(nn::nex::Message*,nn::nex::qVector<unsigned char>*)	fefates:bytes	0x5D017C	
0x7D48D4	nn::nex::_Type_qvector<nn::nex::_Type_string>::Extract(nn::nex::Message*,nn::nex::qVector<nn::nex::String>*)	fefates:bytes	0x5D0350	
0x7D4C84	nn::nex::_Type_qvector<nn::nex::_Type_uint32>::Extract(nn::nex::Message*,nn::nex::qVector<unsigned int>*)	fefates:bytes	0x5D0700	
0x7D4FA4	nn::nex::_Type_qvector<nn::nex::DDLClassMetaType<nn::nex::DataStoreKeyValue>>::Extract(nn::nex::Message*,nn::nex::qVector<nn::nex::DataStoreKeyValue>*)	fefates:bytes	0x5D0CC0	
0x7D539C	nn::nex::_Type_qvector<nn::nex::DDLClassMetaType<nn::nex::DataStoreRatingTarget>>::Add(nn::nex::Message*,const nn::nex::qVector<nn::nex::DataStoreRatingTarget>&)	fefates:bytes	0x5D10B8	
0x7D54C0	nn::nex::_Type_qvector<nn::nex::DDLClassMetaType<nn::nex::DataStoreRateObjectParam>>::Add(nn::nex::Message*,const nn::nex::qVector<nn::nex::DataStoreRateObjectParam>&)	fefates:bytes	0x5D11DC	
0x7D5798	nn::nex::_Type_qvector<nn::nex::DDLClassMetaType<nn::nex::DataStoreRatingInfoWithSlot>>::Extract(nn::nex::Message*,nn::nex::qVector<nn::nex::DataStoreRatingInfoWithSlot>*)	fefates:bytes	0x5D1300	
0x7D5BFC	nn::nex::qSortedVector<unsigned short,nn::nex::QueuingSocket*>::erase(const unsigned short&)	fefates:bytes	0x5D1764	
0x7D5D2C	nn::nex::LiteByteStream<52>::Append(const unsigned char&)	fefates:bytes	0x5D1860	
0x7D5FD8	nn::nex::ThreadVariable<nn::nex::qList<nn::nex::SecurityContext>>::GetRef()	fefates:callgraph	0x5D19E8	
0x7D6970	nn::nex::ThreadVariable<unsigned int>::GetRef()	fefates:callseq	0x13C40C	
0x7D6AF8	nn::nex::ThreadVariable<unsigned int>::~ThreadVariable()	fefates:callseq	0x5D21AC	
0x7D6C64	nn::nex::PseudoSingleton::GetCurrentContext()	fefates:callseq-callee	0x12C3DC	
0x7D6D40	nn::nex::_Type_std_list<nn::nex::_Type_stationurl>::Add(nn::nex::Message*,const nn::nex::qList<nn::nex::StationURL>&)	fefates:bytes	0x5D2318	
0x7D70EC	nn::nex::DDLClassMetaType<nn::nex::DataStorePermission>::Add(nn::nex::Message*,const nn::nex::DataStorePermission&)	fefates:bytes	0x5D23E4	
0x7D71FC	nn::nex::DDLClassMetaType<nn::nex::DataStorePermission>::Extract(nn::nex::Message*,nn::nex::DataStorePermission*)	fefates:bytes	0x5D24F4	
0x7D72C4	nn::nex::DDLClassMetaType<nn::nex::DataStoreGetNewArrivedNotificationsParam>::Add(nn::nex::Message*,const nn::nex::DataStoreGetNewArrivedNotificationsParam&)	fefates:bytes	0x5D25BC	
0x7D76C0	nn::nex::PseudoGlobalVariable<SendMultiParameter>::~PseudoGlobalVariable()	fefates:bytes-fuzzy	0x5D280C	
0x7D7E34	nn::nex::PseudoGlobalVariable<nn::nex::StreamSettings>::~PseudoGlobalVariable()	fefates:bytes-fuzzy	0x5D2D08	
0x7DB3FC	nn::nex::JobDataStoreGetObject<nn::nex::DataStoreApiVersionTraits<0>>::CompleteJob(const nn::nex::qResult&)	fefates:bytes	0x5D3AB0	
0x7DB5A4	nn::nex::JobDataStoreGetObject<nn::nex::DataStoreApiVersionTraits<0>>::ProcessResponse(const unsigned char*,unsigned int)	fefates:bytes	0x5D3B4C	
0x7DB7F4	nn::nex::JobDataStoreGetObject<nn::nex::DataStoreApiVersionTraits<0>>::StepProcessMetaBinary()	fefates:bytes	0x5D3CC4	
0x7DBC64	nn::nex::JobDataStoreGetObject<nn::nex::DataStoreApiVersionTraits<0>>::StepWaitingFileServerGetObject()	fefates:bytes	0x5D4220	
0x7DBDB4	nn::nex::JobDataStoreGetObject<nn::nex::DataStoreApiVersionTraits<0>>::StepLogicServerPrepareGetObject()	fefates:bytes	0x5D4370	
0x7DC084	nn::nex::JobDataStoreGetObject<nn::nex::DataStoreApiVersionTraits<0>>::JobDataStoreGetObject()	fefates:bytes	0x5D44D0	
0x7DC19C	nn::nex::JobDataStoreGetObject<nn::nex::DataStoreApiVersionTraits<0>>::~JobDataStoreGetObject()	fefates:bytes	0x5D45E8	
0x7DC438	nn::nex::JobDataStoreGetObject<nn::nex::DataStoreApiVersionTraits<1>>::CompleteJob(const nn::nex::qResult&)	fefates:bytes	0x5D4808	
0x7DC5E0	nn::nex::JobDataStoreGetObject<nn::nex::DataStoreApiVersionTraits<1>>::ProcessResponse(const unsigned char*,unsigned int)	fefates:bytes	0x5D48A4	
0x7DC858	nn::nex::JobDataStoreGetObject<nn::nex::DataStoreApiVersionTraits<1>>::StepProcessMetaBinary()	fefates:bytes	0x5D4A44	
0x7DCCEC	nn::nex::JobDataStoreGetObject<nn::nex::DataStoreApiVersionTraits<1>>::StepWaitingFileServerGetObject()	fefates:bytes	0x5D4FC4	
0x7DCE3C	nn::nex::JobDataStoreGetObject<nn::nex::DataStoreApiVersionTraits<1>>::StepLogicServerPrepareGetObject()	fefates:bytes	0x5D5114	
0x7DD10C	nn::nex::JobDataStoreGetObject<nn::nex::DataStoreApiVersionTraits<1>>::JobDataStoreGetObject()	fefates:callseq	0x5D5274	
0x7DD21C	nn::nex::JobDataStoreGetObject<nn::nex::DataStoreApiVersionTraits<1>>::~JobDataStoreGetObject()	fefates:bytes	0x5D537C	
0x7DD4B0	nn::nex::JobDataStorePostObject<nn::nex::DataStoreApiVersionTraits<0>>::CompleteJob(const nn::nex::qResult&)	fefates:bytes	0x5D5418	
0x7DD974	nn::nex::JobDataStorePostObject<nn::nex::DataStoreApiVersionTraits<0>>::StepLogicServerCompletePostObject()	fefates:bytes	0x5D58DC	
0x7DDB30	nn::nex::JobDataStorePostObject<nn::nex::DataStoreApiVersionTraits<0>>::StepWaitingLogicServerCompletePostObject()	fefates:bytes	0x5D5A98	
0x7DDFA4	nn::nex::JobDataStorePostObject<nn::nex::DataStoreApiVersionTraits<1>>::CompleteJob(const nn::nex::qResult&)	fefates:bytes	0x5D5CC4	
0x7DE358	nn::nex::JobDataStorePostObject<nn::nex::DataStoreApiVersionTraits<1>>::StepLogicServerPreparePostObject()	fefates:bytes	0x5D6078	
0x7DE46C	nn::nex::JobDataStorePostObject<nn::nex::DataStoreApiVersionTraits<1>>::StepLogicServerCompletePostObject()	fefates:bytes	0x5D618C	
0x7DE638	nn::nex::JobDataStorePostObject<nn::nex::DataStoreApiVersionTraits<1>>::StepWaitingLogicServerCompletePostObject()	fefates:bytes	0x5D6358	
0x7DE708	nn::nex::JobDataStorePostObject<nn::nex::DataStoreApiVersionTraits<1>>::JobDataStorePostObject()	fefates:bytes	0x5D6428	
0x7DE7E8	nn::nex::JobDataStorePostObject<nn::nex::DataStoreApiVersionTraits<1>>::~JobDataStorePostObject()	fefates:bytes	0x5D6508	
0x7DF2B0	nn::nex::DataStoreClientTemplate<nn::nex::DataStoreLogicServerClient>::PostObjectImpl<nn::nex::DataStoreApiVersionTraits<1>>(nn::nex::ProtocolCallContext*,const nn::nex::DataStoreApiVersionTraits<1>TPreparePostParam&,nn::nex::DataStoreApiVersionTraits<1>TPreparePostParam::TDataId*,nn::nex::DataStorePostObjectEventListener*,const unsigned char*,bool)	fefates:callseq	0x5D6A2C	
0x7DF678	nn::nex::DataStoreClientTemplate<nn::nex::DataStoreLogicServerClient>::UpdateObjectImpl(nn::nex::ProtocolCallContext*,const nn::nex::DataStorePrepareUpdateParam&,nn::nex::DataStorePostObjectEventListener*,const unsigned char*,bool)	fefates:callseq	0x5D6BB8	
0x7DF9D8	nn::nex::DataStoreClientTemplate<nn::nex::DataStoreLogicServerClient>::CheckNotificationImpl(nn::nex::ProtocolCallContext*,const nn::nex::String&,nn::nex::String*,unsigned long long,unsigned long long*,unsigned int,unsigned int*,unsigned int,bool*,bool)	fefates:callseq	0x5D6D34	
0x7E01A0	nn::nex::DataStoreClientTemplate<nn::nex::DataStoreLogicServerClient>::DataStoreClientTemplate()	fefates:callseq	0x5D6E9C	
0x7E0AD4	nn::nex::JobDataStoreReceiveNewArrivedObjects<nn::nex::DataStoreApiVersionTraits<0>>::CompleteJob(const nn::nex::qResult&)	fefates:callgraph	0x5D6F74	
0x7E0B54	nn::nex::JobDataStoreReceiveNewArrivedObjects<nn::nex::DataStoreApiVersionTraits<0>>::StepGetObject()	fefates:bytes	0x5D6FF4	
0x7E4004	nn::nex::DataStoreCheckConsistencyEventListenerAdaptor<nn::nex::DataStoreApiVersionTraits<0>>::BeginInternal(unsigned int,unsigned int,unsigned int,unsigned short,unsigned short,bool)	fefates:bytes	0x5D9958	
0x7E408C	nn::nex::DataStoreCheckConsistencyEventListenerAdaptor<nn::nex::DataStoreApiVersionTraits<1>>::BeginInternal(unsigned long long,unsigned int,unsigned int,unsigned short,unsigned short,bool)	fefates:bytes	0x5D99E0	
0x7E4114	nn::nex::DataStoreCheckConsistencyEventListenerAdaptor<nn::nex::DataStoreApiVersionTraits<1>>::Begin(unsigned long long,unsigned int)	fefates:bytes	0x5D9A68	
0x7E44E8	nn::nex::qChain<nn::nex::Job*,nn::nex::DefaultChainPolicy<nn::nex::Job*>>::erase(nn::nex::qChain<nn::nex::Job*,nn::nex::DefaultChainPolicy<nn::nex::Job*>>::iterator)	fefates:bytes	0x1410BC	
0x7E4654	nn::nex::qChain<nn::nex::Packet*,nn::nex::ChainPolicyTemp<nn::nex::Packet*>>::~qChain()	fefates:bytes	0x5D9C68	
0x7E46FC	nn::nex::qChain<nn::nex::Packet*,nn::nex::DefaultChainPolicy<nn::nex::Packet*>>::~qChain()	fefates:bytes	0x5D9CE0	
0x7E4774	nn::nex::qChain<nn::nex::Packet*,nn::nex::ChainPolicyHistoryPacket<nn::nex::Packet*>>::erase(nn::nex::qChain<nn::nex::Packet*,nn::nex::ChainPolicyHistoryPacket<nn::nex::Packet*>>::iterator)	fefates:bytes	0x5D9D58	
0x7E481C	nn::nex::qChain<nn::nex::Packet*,nn::nex::ChainPolicyHistoryPacket<nn::nex::Packet*>>::~qChain()	fefates:bytes	0x5D9DD0	
0x7E4894	nn::nex::qVector<nn::nex::DataStoreKeyValue>::qVector(int)	fefates:bytes	0x5D9E48	
0x7E4BA4	nn::nex::qVector<nn::nex::String>::qVector(int)	fefates:bytes	0x5D9FA0	
0x7E4C64	nn::nex::qVector<unsigned char>::qVector(int)	fefates:bytes	0x5DA060	
0x7E4CE4	nn::nex::Callback<nn::nex::StepSequenceJob,nn::nex::StepSequenceJob::Step*>::CallObjectMethod()	fefates:bytes	0x5DA0E0	
0x7E4D2C	nn::ngc::RegexStateLink<nn::ngc::RegexDfaState>::LinkTo(nn::ngc::UnitList<nn::ngc::RegexDfaState>::Iterator,nn::ngc::AtomicZeroWidthAssersionType)	fefates:callgraph	0x5DA124	
0x7E4D44	nn::ngc::RegexStateLink<nn::ngc::RegexDfaState>::LinkTo(nn::ngc::UnitList<nn::ngc::RegexDfaState>::Iterator,nn::ngc::ProfanityFilterTemporaryPool*)	fefates:callgraph	0x5DA13C	
0x7E4D5C	nn::ngc::RegexStateLink<nn::ngc::RegexDfaState>::LinkTo(nn::ngc::UnitList<nn::ngc::RegexDfaState>::Iterator,wchar_t)	fefates:callgraph	0x5DA154	
0x7E4D74	nn::ngc::RegexStateLink<nn::ngc::RegexDfaState>::RegexStateLink()	fefates:callgraph	0x5DA16C	
0x7E4D98	nn::ngc::RegexStateLink<nn::ngc::RegexNfaState>::DeepCopyFrom(const nn::ngc::RegexStateLink<nn::ngc::RegexNfaState>&,nn::ngc::UnitList<nn::ngc::RegexNfaState>::Iterator,nn::ngc::ProfanityFilterTemporaryPool*)	fefates:bytes	0x5DA190	
0x7E4EC8	nn::ngc::RegexStateLink<nn::ngc::RegexNfaState>::DeepCopyFrom(const nn::ngc::RegexStateLink<nn::ngc::RegexNfaState>&,nn::ngc::ProfanityFilterTemporaryPool*)	fefates:bytes	0x5DA2C0	
0x7E4EE4	nn::ngc::RegexStateLink<nn::ngc::RegexNfaState>::LinkTo(nn::ngc::UnitList<nn::ngc::RegexNfaState>::Iterator)	fefates:bytes	0x5DA2DC	
0x7E4EF8	nn::ngc::RegexStateLink<nn::ngc::RegexNfaState>::LinkTo(nn::ngc::UnitList<nn::ngc::RegexNfaState>::Iterator,nn::ngc::AtomicZeroWidthAssersionType)	fefates:callgraph	0x5DA2F0	
0x7E4F10	nn::ngc::RegexStateLink<nn::ngc::RegexNfaState>::LinkTo(nn::ngc::UnitList<nn::ngc::RegexNfaState>::Iterator,nn::ngc::ProfanityFilterTemporaryPool*)	fefates:callgraph	0x5DA308	
0x7E4F28	nn::ngc::RegexStateLink<nn::ngc::RegexNfaState>::LinkTo(nn::ngc::UnitList<nn::ngc::RegexNfaState>::Iterator,wchar_t)	fefates:callgraph	0x5DA320	
0x7E4F40	nn::ngc::RegexStateLink<nn::ngc::RegexNfaState>::RegexStateLink()	fefates:callgraph	0x5DA338	
0x7E4F64	nn::ngc::RegexStateLink<nn::ngc::RegexNfaState>::~RegexStateLink()	fefates:bytes	0x5DA35C	
0x7E4FC0	nn::ngc::UnitList<nn::ngc::RegexStateLink<nn::ngc::RegexNfaState>>::PushBackNew()	fefates:bytes	0x5DA3B8	
0x7E5078	nn::pia::common::NewObj<nn::nex::qList<nn::nex::StationURL>>()	fefates:bytes	0x5DA400	
0x7E5574	nn::Result::ConstRange<-5,6,97,600,600,600>::Includes(nn::Result)	fefates:bytes	0x5DA4AC	
0x7E55A8	nn::crypto::detail::AesImpl<16>::SetKey(const void*,unsigned int)	fefates:bytes	0x5DA4D8	
0x7E5670	nn::crypto::detail::AesImpl<16>::Decrypt(void*,const void*)	fefates:bytes	0x5DA598	
0x7E5950	nn::crypto::detail::AesImpl<16>::Encrypt(void*,const void*)	fefates:bytes	0x5DA878	
0x7E5C7C	nn::crypto::detail::CtrMode<16>::ProcessBlocks(void*,void*,const void*,int,const nn::crypto::BlockCipher&)	fefates:bytes	0x5DABA4	
0x7E5D3C	nn::crypto::detail::CtrMode<16>::IncrementCounter(void*)	fefates:bytes	0x5DAC64	
0x7E7824	nw::snd::internal::LoaderManager<nw::snd::internal::driver::WaveSoundLoader>::OnBeginSoundFrame()	fefates:bytes	0x5E2434	
0x7E78A8	nw::snd::internal::LoaderManager<nw::snd::internal::driver::SequenceSoundLoader>::OnBeginSoundFrame()	fefates:bytes	0x5E2498	
0x7E792C	nw::snd::internal::driver::SequenceSoundPlayer::SetTrackParam<float>(unsigned int,nw::snd::internal::driver::SequenceTrack::void ()(float),float)	fefates:bytes	0x5E24FC	
0x7E79A8	nw::snd::internal::MoveValue<float,int>::SetTarget(float,int)	fefates:bytes	0x5E2578	
0x7E79F8	nw::snd::internal::MoveValue<float,int>::MoveValue()	fefates:bytes	0x5E25C8	
0x7F70BC	__rw::__rb_tree<nn::nex::InetAddress,nn::nex::InetAddress,__rw::__ident<nn::nex::InetAddress,nn::nex::InetAddress>,std::less<nn::nex::InetAddress>,nn::nex::MemAllocator<nn::nex::InetAddress>>::erase(__rw::__rw_tree_iter<nn::nex::InetAddress,int,nn::nex::InetAddress*,nn::nex::InetAddress&,__rw::__rw_rb_tree_node<nn::nex::MemAllocator<nn::nex::InetAddress>,nn::nex::InetAddress,nn::nex::InetAddress,__rw::__ident<nn::nex::InetAddress,nn::nex::InetAddress>>>,__rw::__rw_tree_iter<nn::nex::InetAddress,int,nn::nex::InetAddress*,nn::nex::InetAddress&,__rw::__rw_rb_tree_node<nn::nex::MemAllocator<nn::nex::InetAddress>,nn::nex::InetAddress,nn::nex::InetAddress,__rw::__ident<nn::nex::InetAddress,nn::nex::InetAddress>>>)	fefates:bytes	0x5E7E28	
0x7F7858	__rw::__rb_tree<nn::nex::InetAddress,nn::nex::InetAddress,__rw::__ident<nn::nex::InetAddress,nn::nex::InetAddress>,std::less<nn::nex::InetAddress>,nn::nex::MemAllocator<nn::nex::InetAddress>>::_C_erase(__rw::__rw_rb_tree_node<nn::nex::MemAllocator<nn::nex::InetAddress>,nn::nex::InetAddress,nn::nex::InetAddress,__rw::__ident<nn::nex::InetAddress,nn::nex::InetAddress>>*)	fefates:bytes	0x5E85C4	
0x7F7F00	__rw::__rb_tree<nn::nex::InetAddress,std::pair<const nn::nex::InetAddress,nn::nex::RoutingTable::RTEntry>,__rw::__select1st<std::pair<const nn::nex::InetAddress,nn::nex::RoutingTable::RTEntry>,nn::nex::InetAddress>,std::less<nn::nex::InetAddress>,nn::nex::MemAllocator<std::pair<const nn::nex::InetAddress,nn::nex::RoutingTable::RTEntry>>>::erase(__rw::__rw_tree_iter<std::pair<const nn::nex::InetAddress,nn::nex::RoutingTable::RTEntry>,int,std::pair<const nn::nex::InetAddress,nn::nex::RoutingTable::RTEntry>*,std::pair<const nn::nex::InetAddress,nn::nex::RoutingTable::RTEntry>&,__rw::__rw_rb_tree_node<nn::nex::MemAllocator<std::pair<const nn::nex::InetAddress,nn::nex::RoutingTable::RTEntry>>,std::pair<const nn::nex::InetAddress,nn::nex::RoutingTable::RTEntry>,nn::nex::InetAddress,__rw::__select1st<std::pair<const nn::nex::InetAddress,nn::nex::RoutingTable::RTEntry>,nn::nex::InetAddress>>>,__rw::__rw_tree_iter<std::pair<const nn::nex::InetAddress,nn::nex::RoutingTable::RTEntry>,int,std::pair<const nn::nex::InetAddress,nn::nex::RoutingTable::RTEntry>*,std::pair<const nn::nex::InetAddress,nn::nex::RoutingTable::RTEntry>&,__rw::__rw_rb_tree_node<nn::nex::MemAllocator<std::pair<const nn::nex::InetAddress,nn::nex::RoutingTable::RTEntry>>,std::pair<const nn::nex::InetAddress,nn::nex::RoutingTable::RTEntry>,nn::nex::InetAddress,__rw::__select1st<std::pair<const nn::nex::InetAddress,nn::nex::RoutingTable::RTEntry>,nn::nex::InetAddress>>>)	fefates:callgraph	0x5E8C6C	
0x7F807C	__rw::__rb_tree<nn::nex::InetAddress,std::pair<const nn::nex::InetAddress,nn::nex::RoutingTable::RTEntry>,__rw::__select1st<std::pair<const nn::nex::InetAddress,nn::nex::RoutingTable::RTEntry>,nn::nex::InetAddress>,std::less<nn::nex::InetAddress>,nn::nex::MemAllocator<std::pair<const nn::nex::InetAddress,nn::nex::RoutingTable::RTEntry>>>::_C_insert(__rw::__rw_rb_tree_node<nn::nex::MemAllocator<std::pair<const nn::nex::InetAddress,nn::nex::RoutingTable::RTEntry>>,std::pair<const nn::nex::InetAddress,nn::nex::RoutingTable::RTEntry>,nn::nex::InetAddress,__rw::__select1st<std::pair<const nn::nex::InetAddress,nn::nex::RoutingTable::RTEntry>,nn::nex::InetAddress>>*,__rw::__rw_rb_tree_node<nn::nex::MemAllocator<std::pair<const nn::nex::InetAddress,nn::nex::RoutingTable::RTEntry>>,std::pair<const nn::nex::InetAddress,nn::nex::RoutingTable::RTEntry>,nn::nex::InetAddress,__rw::__select1st<std::pair<const nn::nex::InetAddress,nn::nex::RoutingTable::RTEntry>,nn::nex::InetAddress>>*,const std::pair<const nn::nex::InetAddress,nn::nex::RoutingTable::RTEntry>&)	fefates:bytes	0x5E8DE8	
0x7F8AAC	__rw::__rb_tree<nn::nex::InetAddress,std::pair<const nn::nex::InetAddress,nn::nex::Time>,__rw::__select1st<std::pair<const nn::nex::InetAddress,nn::nex::Time>,nn::nex::InetAddress>,std::less<nn::nex::InetAddress>,nn::nex::MemAllocator<std::pair<const nn::nex::InetAddress,nn::nex::Time>>>::erase(__rw::__rw_tree_iter<std::pair<const nn::nex::InetAddress,nn::nex::Time>,int,std::pair<const nn::nex::InetAddress,nn::nex::Time>*,std::pair<const nn::nex::InetAddress,nn::nex::Time>&,__rw::__rw_rb_tree_node<nn::nex::MemAllocator<std::pair<const nn::nex::InetAddress,nn::nex::Time>>,std::pair<const nn::nex::InetAddress,nn::nex::Time>,nn::nex::InetAddress,__rw::__select1st<std::pair<const nn::nex::InetAddress,nn::nex::Time>,nn::nex::InetAddress>>>,__rw::__rw_tree_iter<std::pair<const nn::nex::InetAddress,nn::nex::Time>,int,std::pair<const nn::nex::InetAddress,nn::nex::Time>*,std::pair<const nn::nex::InetAddress,nn::nex::Time>&,__rw::__rw_rb_tree_node<nn::nex::MemAllocator<std::pair<const nn::nex::InetAddress,nn::nex::Time>>,std::pair<const nn::nex::InetAddress,nn::nex::Time>,nn::nex::InetAddress,__rw::__select1st<std::pair<const nn::nex::InetAddress,nn::nex::Time>,nn::nex::InetAddress>>>)	fefates:callseq-callee	0x5E9818	
0x7F9A9C	__rw::__rb_tree<nn::nex::EndPointUniqueID,std::pair<const nn::nex::EndPointUniqueID,nn::nex::PRUDPEndPoint*>,__rw::__select1st<std::pair<const nn::nex::EndPointUniqueID,nn::nex::PRUDPEndPoint*>,nn::nex::EndPointUniqueID>,std::less<nn::nex::EndPointUniqueID>,nn::nex::MemAllocator<std::pair<const nn::nex::EndPointUniqueID,nn::nex::PRUDPEndPoint*>>>::_C_insert(__rw::__rw_rb_tree_node<nn::nex::MemAllocator<std::pair<const nn::nex::EndPointUniqueID,nn::nex::PRUDPEndPoint*>>,std::pair<const nn::nex::EndPointUniqueID,nn::nex::PRUDPEndPoint*>,nn::nex::EndPointUniqueID,__rw::__select1st<std::pair<const nn::nex::EndPointUniqueID,nn::nex::PRUDPEndPoint*>,nn::nex::EndPointUniqueID>>*,__rw::__rw_rb_tree_node<nn::nex::MemAllocator<std::pair<const nn::nex::EndPointUniqueID,nn::nex::PRUDPEndPoint*>>,std::pair<const nn::nex::EndPointUniqueID,nn::nex::PRUDPEndPoint*>,nn::nex::EndPointUniqueID,__rw::__select1st<std::pair<const nn::nex::EndPointUniqueID,nn::nex::PRUDPEndPoint*>,nn::nex::EndPointUniqueID>>*,const std::pair<const nn::nex::EndPointUniqueID,nn::nex::PRUDPEndPoint*>&)	fefates:bytes	0x5EA808	
0x7F9E5C	__rw::__rb_tree<nn::nex::LogicalClockTmpl<unsigned short,short>,std::pair<const nn::nex::LogicalClockTmpl<unsigned short,short>,nn::nex::PacketIn*>,__rw::__select1st<std::pair<const nn::nex::LogicalClockTmpl<unsigned short,short>,nn::nex::PacketIn*>,nn::nex::LogicalClockTmpl<unsigned short,short>>,std::less<nn::nex::LogicalClockTmpl<unsigned short,short>>,nn::nex::MemAllocator<std::pair<const nn::nex::LogicalClockTmpl<unsigned short,short>,nn::nex::PacketIn*>>>::erase(__rw::__rw_tree_iter<std::pair<const nn::nex::LogicalClockTmpl<unsigned short,short>,nn::nex::PacketIn*>,int,std::pair<const nn::nex::LogicalClockTmpl<unsigned short,short>,nn::nex::PacketIn*>*,std::pair<const nn::nex::LogicalClockTmpl<unsigned short,short>,nn::nex::PacketIn*>&,__rw::__rw_rb_tree_node<nn::nex::MemAllocator<std::pair<const nn::nex::LogicalClockTmpl<unsigned short,short>,nn::nex::PacketIn*>>,std::pair<const nn::nex::LogicalClockTmpl<unsigned short,short>,nn::nex::PacketIn*>,nn::nex::LogicalClockTmpl<unsigned short,short>,__rw::__select1st<std::pair<const nn::nex::LogicalClockTmpl<unsigned short,short>,nn::nex::PacketIn*>,nn::nex::LogicalClockTmpl<unsigned short,short>>>>)	fefates:callgraph	0x5EABC8	
0x7FA630	__rw::__rb_tree<nn::nex::LogicalClockTmpl<unsigned short,short>,std::pair<const nn::nex::LogicalClockTmpl<unsigned short,short>,nn::nex::PacketIn*>,__rw::__select1st<std::pair<const nn::nex::LogicalClockTmpl<unsigned short,short>,nn::nex::PacketIn*>,nn::nex::LogicalClockTmpl<unsigned short,short>>,std::less<nn::nex::LogicalClockTmpl<unsigned short,short>>,nn::nex::MemAllocator<std::pair<const nn::nex::LogicalClockTmpl<unsigned short,short>,nn::nex::PacketIn*>>>::_C_insert(__rw::__rw_rb_tree_node<nn::nex::MemAllocator<std::pair<const nn::nex::LogicalClockTmpl<unsigned short,short>,nn::nex::PacketIn*>>,std::pair<const nn::nex::LogicalClockTmpl<unsigned short,short>,nn::nex::PacketIn*>,nn::nex::LogicalClockTmpl<unsigned short,short>,__rw::__select1st<std::pair<const nn::nex::LogicalClockTmpl<unsigned short,short>,nn::nex::PacketIn*>,nn::nex::LogicalClockTmpl<unsigned short,short>>>*,__rw::__rw_rb_tree_node<nn::nex::MemAllocator<std::pair<const nn::nex::LogicalClockTmpl<unsigned short,short>,nn::nex::PacketIn*>>,std::pair<const nn::nex::LogicalClockTmpl<unsigned short,short>,nn::nex::PacketIn*>,nn::nex::LogicalClockTmpl<unsigned short,short>,__rw::__select1st<std::pair<const nn::nex::LogicalClockTmpl<unsigned short,short>,nn::nex::PacketIn*>,nn::nex::LogicalClockTmpl<unsigned short,short>>>*,const std::pair<const nn::nex::LogicalClockTmpl<unsigned short,short>,nn::nex::PacketIn*>&)	fefates:callgraph	0x5EB39C	
0x7FBC08	__rw::__rb_tree<nn::nex::Time,std::pair<const nn::nex::Time,nn::nex::Job*>,__rw::__select1st<std::pair<const nn::nex::Time,nn::nex::Job*>,nn::nex::Time>,std::less<nn::nex::Time>,nn::nex::MemAllocator<std::pair<const nn::nex::Time,nn::nex::Job*>>>::_C_insert(__rw::__rw_rb_tree_node<nn::nex::MemAllocator<std::pair<const nn::nex::Time,nn::nex::Job*>>,std::pair<const nn::nex::Time,nn::nex::Job*>,nn::nex::Time,__rw::__select1st<std::pair<const nn::nex::Time,nn::nex::Job*>,nn::nex::Time>>*,__rw::__rw_rb_tree_node<nn::nex::MemAllocator<std::pair<const nn::nex::Time,nn::nex::Job*>>,std::pair<const nn::nex::Time,nn::nex::Job*>,nn::nex::Time,__rw::__select1st<std::pair<const nn::nex::Time,nn::nex::Job*>,nn::nex::Time>>*,const std::pair<const nn::nex::Time,nn::nex::Job*>&)	fefates:callgraph	0x141134	
0x7FBFA0	__rw::__rb_tree<nn::nex::Time,std::pair<const nn::nex::Time,nn::nex::PacketOut*>,__rw::__select1st<std::pair<const nn::nex::Time,nn::nex::PacketOut*>,nn::nex::Time>,std::less<nn::nex::Time>,nn::nex::MemAllocator<std::pair<const nn::nex::Time,nn::nex::PacketOut*>>>::erase(__rw::__rw_tree_iter<std::pair<const nn::nex::Time,nn::nex::PacketOut*>,int,std::pair<const nn::nex::Time,nn::nex::PacketOut*>*,std::pair<const nn::nex::Time,nn::nex::PacketOut*>&,__rw::__rw_rb_tree_node<nn::nex::MemAllocator<std::pair<const nn::nex::Time,nn::nex::PacketOut*>>,std::pair<const nn::nex::Time,nn::nex::PacketOut*>,nn::nex::Time,__rw::__select1st<std::pair<const nn::nex::Time,nn::nex::PacketOut*>,nn::nex::Time>>>)	fefates:callgraph	0x5EC314	
0x7FC5FC	__rw::__rb_tree<nn::nex::Time,std::pair<const nn::nex::Time,nn::nex::PacketOut*>,__rw::__select1st<std::pair<const nn::nex::Time,nn::nex::PacketOut*>,nn::nex::Time>,std::less<nn::nex::Time>,nn::nex::MemAllocator<std::pair<const nn::nex::Time,nn::nex::PacketOut*>>>::_C_erase(__rw::__rw_rb_tree_node<nn::nex::MemAllocator<std::pair<const nn::nex::Time,nn::nex::PacketOut*>>,std::pair<const nn::nex::Time,nn::nex::PacketOut*>,nn::nex::Time,__rw::__select1st<std::pair<const nn::nex::Time,nn::nex::PacketOut*>,nn::nex::Time>>*)	fefates:callgraph	0x5EC970	
0x7FC9D0	__rw::__rb_tree<nn::nex::String,std::pair<const nn::nex::String,nn::nex::Variant>,__rw::__select1st<std::pair<const nn::nex::String,nn::nex::Variant>,nn::nex::String>,std::less<nn::nex::String>,nn::nex::MemAllocator<std::pair<const nn::nex::String,nn::nex::Variant>>>::_C_get_link()	fefates:bytes	0x5ECD44	
0x7FCA80	__rw::__rb_tree<nn::nex::String,std::pair<const nn::nex::String,nn::nex::Variant>,__rw::__select1st<std::pair<const nn::nex::String,nn::nex::Variant>,nn::nex::String>,std::less<nn::nex::String>,nn::nex::MemAllocator<std::pair<const nn::nex::String,nn::nex::Variant>>>::erase(__rw::__rw_tree_iter<std::pair<const nn::nex::String,nn::nex::Variant>,int,std::pair<const nn::nex::String,nn::nex::Variant>*,std::pair<const nn::nex::String,nn::nex::Variant>&,__rw::__rw_rb_tree_node<nn::nex::MemAllocator<std::pair<const nn::nex::String,nn::nex::Variant>>,std::pair<const nn::nex::String,nn::nex::Variant>,nn::nex::String,__rw::__select1st<std::pair<const nn::nex::String,nn::nex::Variant>,nn::nex::String>>>,__rw::__rw_tree_iter<std::pair<const nn::nex::String,nn::nex::Variant>,int,std::pair<const nn::nex::String,nn::nex::Variant>*,std::pair<const nn::nex::String,nn::nex::Variant>&,__rw::__rw_rb_tree_node<nn::nex::MemAllocator<std::pair<const nn::nex::String,nn::nex::Variant>>,std::pair<const nn::nex::String,nn::nex::Variant>,nn::nex::String,__rw::__select1st<std::pair<const nn::nex::String,nn::nex::Variant>,nn::nex::String>>>)	fefates:bytes	0x5ECDF4	
0x7FD230	__rw::__rb_tree<nn::nex::String,std::pair<const nn::nex::String,nn::nex::Variant>,__rw::__select1st<std::pair<const nn::nex::String,nn::nex::Variant>,nn::nex::String>,std::less<nn::nex::String>,nn::nex::MemAllocator<std::pair<const nn::nex::String,nn::nex::Variant>>>::_C_copy(__rw::__rw_rb_tree_node<nn::nex::MemAllocator<std::pair<const nn::nex::String,nn::nex::Variant>>,std::pair<const nn::nex::String,nn::nex::Variant>,nn::nex::String,__rw::__select1st<std::pair<const nn::nex::String,nn::nex::Variant>,nn::nex::String>>*,__rw::__rw_rb_tree_node<nn::nex::MemAllocator<std::pair<const nn::nex::String,nn::nex::Variant>>,std::pair<const nn::nex::String,nn::nex::Variant>,nn::nex::String,__rw::__select1st<std::pair<const nn::nex::String,nn::nex::Variant>,nn::nex::String>>*)	fefates:bytes	0x5ED5A4	
0x7FD358	__rw::__rb_tree<nn::nex::String,std::pair<const nn::nex::String,nn::nex::Variant>,__rw::__select1st<std::pair<const nn::nex::String,nn::nex::Variant>,nn::nex::String>,std::less<nn::nex::String>,nn::nex::MemAllocator<std::pair<const nn::nex::String,nn::nex::Variant>>>::_C_erase(__rw::__rw_rb_tree_node<nn::nex::MemAllocator<std::pair<const nn::nex::String,nn::nex::Variant>>,std::pair<const nn::nex::String,nn::nex::Variant>,nn::nex::String,__rw::__select1st<std::pair<const nn::nex::String,nn::nex::Variant>,nn::nex::String>>*)	fefates:callgraph	0x5ED6CC	
0x7FD3B0	__rw::__rb_tree<nn::nex::String,std::pair<const nn::nex::String,nn::nex::Variant>,__rw::__select1st<std::pair<const nn::nex::String,nn::nex::Variant>,nn::nex::String>,std::less<nn::nex::String>,nn::nex::MemAllocator<std::pair<const nn::nex::String,nn::nex::Variant>>>::_C_insert(__rw::__rw_rb_tree_node<nn::nex::MemAllocator<std::pair<const nn::nex::String,nn::nex::Variant>>,std::pair<const nn::nex::String,nn::nex::Variant>,nn::nex::String,__rw::__select1st<std::pair<const nn::nex::String,nn::nex::Variant>,nn::nex::String>>*,__rw::__rw_rb_tree_node<nn::nex::MemAllocator<std::pair<const nn::nex::String,nn::nex::Variant>>,std::pair<const nn::nex::String,nn::nex::Variant>,nn::nex::String,__rw::__select1st<std::pair<const nn::nex::String,nn::nex::Variant>,nn::nex::String>>*,const std::pair<const nn::nex::String,nn::nex::Variant>&)	fefates:bytes	0x5ED724	
0x7FD6A4	__rw::__rb_tree<nn::nex::String,std::pair<const nn::nex::String,nn::nex::qVector<unsigned char>>,__rw::__select1st<std::pair<const nn::nex::String,nn::nex::qVector<unsigned char>>,nn::nex::String>,std::less<nn::nex::String>,nn::nex::MemAllocator<std::pair<const nn::nex::String,nn::nex::qVector<unsigned char>>>>::erase(__rw::__rw_tree_iter<std::pair<const nn::nex::String,nn::nex::qVector<unsigned char>>,int,std::pair<const nn::nex::String,nn::nex::qVector<unsigned char>>*,std::pair<const nn::nex::String,nn::nex::qVector<unsigned char>>&,__rw::__rw_rb_tree_node<nn::nex::MemAllocator<std::pair<const nn::nex::String,nn::nex::qVector<unsigned char>>>,std::pair<const nn::nex::String,nn::nex::qVector<unsigned char>>,nn::nex::String,__rw::__select1st<std::pair<const nn::nex::String,nn::nex::qVector<unsigned char>>,nn::nex::String>>>,__rw::__rw_tree_iter<std::pair<const nn::nex::String,nn::nex::qVector<unsigned char>>,int,std::pair<const nn::nex::String,nn::nex::qVector<unsigned char>>*,std::pair<const nn::nex::String,nn::nex::qVector<unsigned char>>&,__rw::__rw_rb_tree_node<nn::nex::MemAllocator<std::pair<const nn::nex::String,nn::nex::qVector<unsigned char>>>,std::pair<const nn::nex::String,nn::nex::qVector<unsigned char>>,nn::nex::String,__rw::__select1st<std::pair<const nn::nex::String,nn::nex::qVector<unsigned char>>,nn::nex::String>>>)	fefates:bytes	0x5EDA18	
0x7FDE40	__rw::__rb_tree<nn::nex::String,std::pair<const nn::nex::String,nn::nex::qVector<unsigned char>>,__rw::__select1st<std::pair<const nn::nex::String,nn::nex::qVector<unsigned char>>,nn::nex::String>,std::less<nn::nex::String>,nn::nex::MemAllocator<std::pair<const nn::nex::String,nn::nex::qVector<unsigned char>>>>::_C_erase(__rw::__rw_rb_tree_node<nn::nex::MemAllocator<std::pair<const nn::nex::String,nn::nex::qVector<unsigned char>>>,std::pair<const nn::nex::String,nn::nex::qVector<unsigned char>>,nn::nex::String,__rw::__select1st<std::pair<const nn::nex::String,nn::nex::qVector<unsigned char>>,nn::nex::String>>*)	fefates:bytes	0x5EE1B4	
0x7FDE98	__rw::__rb_tree<nn::nex::String,std::pair<const nn::nex::String,nn::nex::qVector<unsigned char>>,__rw::__select1st<std::pair<const nn::nex::String,nn::nex::qVector<unsigned char>>,nn::nex::String>,std::less<nn::nex::String>,nn::nex::MemAllocator<std::pair<const nn::nex::String,nn::nex::qVector<unsigned char>>>>::_C_insert(__rw::__rw_rb_tree_node<nn::nex::MemAllocator<std::pair<const nn::nex::String,nn::nex::qVector<unsigned char>>>,std::pair<const nn::nex::String,nn::nex::qVector<unsigned char>>,nn::nex::String,__rw::__select1st<std::pair<const nn::nex::String,nn::nex::qVector<unsigned char>>,nn::nex::String>>*,__rw::__rw_rb_tree_node<nn::nex::MemAllocator<std::pair<const nn::nex::String,nn::nex::qVector<unsigned char>>>,std::pair<const nn::nex::String,nn::nex::qVector<unsigned char>>,nn::nex::String,__rw::__select1st<std::pair<const nn::nex::String,nn::nex::qVector<unsigned char>>,nn::nex::String>>*,const std::pair<const nn::nex::String,nn::nex::qVector<unsigned char>>&)	fefates:bytes	0x5EE20C	
0x7FE224	__rw::__rb_tree<nn::nex::String,std::pair<const nn::nex::String,nn::nex::BasicCache*>,__rw::__select1st<std::pair<const nn::nex::String,nn::nex::BasicCache*>,nn::nex::String>,std::less<nn::nex::String>,nn::nex::MemAllocator<std::pair<const nn::nex::String,nn::nex::BasicCache*>>>::erase(__rw::__rw_tree_iter<std::pair<const nn::nex::String,nn::nex::BasicCache*>,int,std::pair<const nn::nex::String,nn::nex::BasicCache*>*,std::pair<const nn::nex::String,nn::nex::BasicCache*>&,__rw::__rw_rb_tree_node<nn::nex::MemAllocator<std::pair<const nn::nex::String,nn::nex::BasicCache*>>,std::pair<const nn::nex::String,nn::nex::BasicCache*>,nn::nex::String,__rw::__select1st<std::pair<const nn::nex::String,nn::nex::BasicCache*>,nn::nex::String>>>)	fefates:bytes	0x5EE598	
0x7FE890	__rw::__rb_tree<nn::nex::String,std::pair<const nn::nex::String,nn::nex::BasicCache*>,__rw::__select1st<std::pair<const nn::nex::String,nn::nex::BasicCache*>,nn::nex::String>,std::less<nn::nex::String>,nn::nex::MemAllocator<std::pair<const nn::nex::String,nn::nex::BasicCache*>>>::_C_erase(__rw::__rw_rb_tree_node<nn::nex::MemAllocator<std::pair<const nn::nex::String,nn::nex::BasicCache*>>,std::pair<const nn::nex::String,nn::nex::BasicCache*>,nn::nex::String,__rw::__select1st<std::pair<const nn::nex::String,nn::nex::BasicCache*>,nn::nex::String>>*)	fefates:callgraph	0x5EEC04	
0x7FE8D8	__rw::__rb_tree<nn::nex::String,std::pair<const nn::nex::String,nn::nex::String>,__rw::__select1st<std::pair<const nn::nex::String,nn::nex::String>,nn::nex::String>,std::less<nn::nex::String>,nn::nex::MemAllocator<std::pair<const nn::nex::String,nn::nex::String>>>::erase(__rw::__rw_tree_iter<std::pair<const nn::nex::String,nn::nex::String>,int,std::pair<const nn::nex::String,nn::nex::String>*,std::pair<const nn::nex::String,nn::nex::String>&,__rw::__rw_rb_tree_node<nn::nex::MemAllocator<std::pair<const nn::nex::String,nn::nex::String>>,std::pair<const nn::nex::String,nn::nex::String>,nn::nex::String,__rw::__select1st<std::pair<const nn::nex::String,nn::nex::String>,nn::nex::String>>>,__rw::__rw_tree_iter<std::pair<const nn::nex::String,nn::nex::String>,int,std::pair<const nn::nex::String,nn::nex::String>*,std::pair<const nn::nex::String,nn::nex::String>&,__rw::__rw_rb_tree_node<nn::nex::MemAllocator<std::pair<const nn::nex::String,nn::nex::String>>,std::pair<const nn::nex::String,nn::nex::String>,nn::nex::String,__rw::__select1st<std::pair<const nn::nex::String,nn::nex::String>,nn::nex::String>>>)	fefates:bytes	0x5EEC4C	
0x7FF074	__rw::__rb_tree<nn::nex::String,std::pair<const nn::nex::String,nn::nex::String>,__rw::__select1st<std::pair<const nn::nex::String,nn::nex::String>,nn::nex::String>,std::less<nn::nex::String>,nn::nex::MemAllocator<std::pair<const nn::nex::String,nn::nex::String>>>::_C_copy(__rw::__rw_rb_tree_node<nn::nex::MemAllocator<std::pair<const nn::nex::String,nn::nex::String>>,std::pair<const nn::nex::String,nn::nex::String>,nn::nex::String,__rw::__select1st<std::pair<const nn::nex::String,nn::nex::String>,nn::nex::String>>*,__rw::__rw_rb_tree_node<nn::nex::MemAllocator<std::pair<const nn::nex::String,nn::nex::String>>,std::pair<const nn::nex::String,nn::nex::String>,nn::nex::String,__rw::__select1st<std::pair<const nn::nex::String,nn::nex::String>,nn::nex::String>>*)	fefates:bytes	0x5EF3E8	
0x7FF1AC	__rw::__rb_tree<nn::nex::String,std::pair<const nn::nex::String,nn::nex::String>,__rw::__select1st<std::pair<const nn::nex::String,nn::nex::String>,nn::nex::String>,std::less<nn::nex::String>,nn::nex::MemAllocator<std::pair<const nn::nex::String,nn::nex::String>>>::_C_erase(__rw::__rw_rb_tree_node<nn::nex::MemAllocator<std::pair<const nn::nex::String,nn::nex::String>>,std::pair<const nn::nex::String,nn::nex::String>,nn::nex::String,__rw::__select1st<std::pair<const nn::nex::String,nn::nex::String>,nn::nex::String>>*)	fefates:callgraph	0x5EF520	
0x7FF204	__rw::__rb_tree<nn::nex::String,std::pair<const nn::nex::String,nn::nex::String>,__rw::__select1st<std::pair<const nn::nex::String,nn::nex::String>,nn::nex::String>,std::less<nn::nex::String>,nn::nex::MemAllocator<std::pair<const nn::nex::String,nn::nex::String>>>::_C_insert(__rw::__rw_rb_tree_node<nn::nex::MemAllocator<std::pair<const nn::nex::String,nn::nex::String>>,std::pair<const nn::nex::String,nn::nex::String>,nn::nex::String,__rw::__select1st<std::pair<const nn::nex::String,nn::nex::String>,nn::nex::String>>*,__rw::__rw_rb_tree_node<nn::nex::MemAllocator<std::pair<const nn::nex::String,nn::nex::String>>,std::pair<const nn::nex::String,nn::nex::String>,nn::nex::String,__rw::__select1st<std::pair<const nn::nex::String,nn::nex::String>,nn::nex::String>>*,const std::pair<const nn::nex::String,nn::nex::String>&)	fefates:bytes	0x5EF578	
0x7FF59C	__rw::__rb_tree<nn::nex::String,std::pair<const nn::nex::String,unsigned int>,__rw::__select1st<std::pair<const nn::nex::String,unsigned int>,nn::nex::String>,std::less<nn::nex::String>,nn::nex::MemAllocator<std::pair<const nn::nex::String,unsigned int>>>::erase(__rw::__rw_tree_iter<std::pair<const nn::nex::String,unsigned int>,int,std::pair<const nn::nex::String,unsigned int>*,std::pair<const nn::nex::String,unsigned int>&,__rw::__rw_rb_tree_node<nn::nex::MemAllocator<std::pair<const nn::nex::String,unsigned int>>,std::pair<const nn::nex::String,unsigned int>,nn::nex::String,__rw::__select1st<std::pair<const nn::nex::String,unsigned int>,nn::nex::String>>>,__rw::__rw_tree_iter<std::pair<const nn::nex::String,unsigned int>,int,std::pair<const nn::nex::String,unsigned int>*,std::pair<const nn::nex::String,unsigned int>&,__rw::__rw_rb_tree_node<nn::nex::MemAllocator<std::pair<const nn::nex::String,unsigned int>>,std::pair<const nn::nex::String,unsigned int>,nn::nex::String,__rw::__select1st<std::pair<const nn::nex::String,unsigned int>,nn::nex::String>>>)	fefates:bytes	0x5EF910	
0x7FFD1C	__rw::__rb_tree<nn::nex::String,std::pair<const nn::nex::String,unsigned int>,__rw::__select1st<std::pair<const nn::nex::String,unsigned int>,nn::nex::String>,std::less<nn::nex::String>,nn::nex::MemAllocator<std::pair<const nn::nex::String,unsigned int>>>::_C_copy(__rw::__rw_rb_tree_node<nn::nex::MemAllocator<std::pair<const nn::nex::String,unsigned int>>,std::pair<const nn::nex::String,unsigned int>,nn::nex::String,__rw::__select1st<std::pair<const nn::nex::String,unsigned int>,nn::nex::String>>*,__rw::__rw_rb_tree_node<nn::nex::MemAllocator<std::pair<const nn::nex::String,unsigned int>>,std::pair<const nn::nex::String,unsigned int>,nn::nex::String,__rw::__select1st<std::pair<const nn::nex::String,unsigned int>,nn::nex::String>>*)	fefates:bytes	0x5F0090	
0x7FFE54	__rw::__rb_tree<nn::nex::String,std::pair<const nn::nex::String,unsigned int>,__rw::__select1st<std::pair<const nn::nex::String,unsigned int>,nn::nex::String>,std::less<nn::nex::String>,nn::nex::MemAllocator<std::pair<const nn::nex::String,unsigned int>>>::_C_erase(__rw::__rw_rb_tree_node<nn::nex::MemAllocator<std::pair<const nn::nex::String,unsigned int>>,std::pair<const nn::nex::String,unsigned int>,nn::nex::String,__rw::__select1st<std::pair<const nn::nex::String,unsigned int>,nn::nex::String>>*)	fefates:callgraph	0x5F01C8	
0x7FFE9C	__rw::__rb_tree<nn::nex::String,std::pair<const nn::nex::String,unsigned int>,__rw::__select1st<std::pair<const nn::nex::String,unsigned int>,nn::nex::String>,std::less<nn::nex::String>,nn::nex::MemAllocator<std::pair<const nn::nex::String,unsigned int>>>::_C_insert(__rw::__rw_rb_tree_node<nn::nex::MemAllocator<std::pair<const nn::nex::String,unsigned int>>,std::pair<const nn::nex::String,unsigned int>,nn::nex::String,__rw::__select1st<std::pair<const nn::nex::String,unsigned int>,nn::nex::String>>*,__rw::__rw_rb_tree_node<nn::nex::MemAllocator<std::pair<const nn::nex::String,unsigned int>>,std::pair<const nn::nex::String,unsigned int>,nn::nex::String,__rw::__select1st<std::pair<const nn::nex::String,unsigned int>,nn::nex::String>>*,const std::pair<const nn::nex::String,unsigned int>&)	fefates:bytes	0x5F0210	
0x8008AC	__rw::__rb_tree<nn::nex::NotificationEventHandler*,nn::nex::NotificationEventHandler*,__rw::__ident<nn::nex::NotificationEventHandler*,nn::nex::NotificationEventHandler*>,std::less<nn::nex::NotificationEventHandler*>,nn::nex::MemAllocator<nn::nex::NotificationEventHandler*>>::erase(__rw::__rw_tree_iter<nn::nex::NotificationEventHandler*,int,nn::nex::NotificationEventHandler**,nn::nex::NotificationEventHandler*&,__rw::__rw_rb_tree_node<nn::nex::MemAllocator<nn::nex::NotificationEventHandler*>,nn::nex::NotificationEventHandler*,nn::nex::NotificationEventHandler*,__rw::__ident<nn::nex::NotificationEventHandler*,nn::nex::NotificationEventHandler*>>>,__rw::__rw_tree_iter<nn::nex::NotificationEventHandler*,int,nn::nex::NotificationEventHandler**,nn::nex::NotificationEventHandler*&,__rw::__rw_rb_tree_node<nn::nex::MemAllocator<nn::nex::NotificationEventHandler*>,nn::nex::NotificationEventHandler*,nn::nex::NotificationEventHandler*,__rw::__ident<nn::nex::NotificationEventHandler*,nn::nex::NotificationEventHandler*>>>)	fefates:callgraph	0x5F11B8	
0x801E08	__rw::__rb_tree<nn::nex::NintendoNotificationEventHandler*,nn::nex::NintendoNotificationEventHandler*,__rw::__ident<nn::nex::NintendoNotificationEventHandler*,nn::nex::NintendoNotificationEventHandler*>,std::less<nn::nex::NintendoNotificationEventHandler*>,nn::nex::MemAllocator<nn::nex::NintendoNotificationEventHandler*>>::erase(__rw::__rw_tree_iter<nn::nex::NintendoNotificationEventHandler*,int,nn::nex::NintendoNotificationEventHandler**,nn::nex::NintendoNotificationEventHandler*&,__rw::__rw_rb_tree_node<nn::nex::MemAllocator<nn::nex::NintendoNotificationEventHandler*>,nn::nex::NintendoNotificationEventHandler*,nn::nex::NintendoNotificationEventHandler*,__rw::__ident<nn::nex::NintendoNotificationEventHandler*,nn::nex::NintendoNotificationEventHandler*>>>,__rw::__rw_tree_iter<nn::nex::NintendoNotificationEventHandler*,int,nn::nex::NintendoNotificationEventHandler**,nn::nex::NintendoNotificationEventHandler*&,__rw::__rw_rb_tree_node<nn::nex::MemAllocator<nn::nex::NintendoNotificationEventHandler*>,nn::nex::NintendoNotificationEventHandler*,nn::nex::NintendoNotificationEventHandler*,__rw::__ident<nn::nex::NintendoNotificationEventHandler*,nn::nex::NintendoNotificationEventHandler*>>>)	fefates:callgraph	0x5F2714	
0x801F98	__rw::__rb_tree<nn::nex::PacketOut*,nn::nex::PacketOut*,__rw::__ident<nn::nex::PacketOut*,nn::nex::PacketOut*>,std::less<nn::nex::PacketOut*>,nn::nex::MemAllocator<nn::nex::PacketOut*>>::erase(__rw::__rw_tree_iter<nn::nex::PacketOut*,int,nn::nex::PacketOut**,nn::nex::PacketOut*&,__rw::__rw_rb_tree_node<nn::nex::MemAllocator<nn::nex::PacketOut*>,nn::nex::PacketOut*,nn::nex::PacketOut*,__rw::__ident<nn::nex::PacketOut*,nn::nex::PacketOut*>>>,__rw::__rw_tree_iter<nn::nex::PacketOut*,int,nn::nex::PacketOut**,nn::nex::PacketOut*&,__rw::__rw_rb_tree_node<nn::nex::MemAllocator<nn::nex::PacketOut*>,nn::nex::PacketOut*,nn::nex::PacketOut*,__rw::__ident<nn::nex::PacketOut*,nn::nex::PacketOut*>>>)	fefates:callgraph	0x5F28A4	
0x803108	__rw::__rb_tree<std::pair<nn::nex::InetAddress,nn::nex::InetAddress>,std::pair<const std::pair<nn::nex::InetAddress,nn::nex::InetAddress>,nn::nex::Time>,__rw::__select1st<std::pair<const std::pair<nn::nex::InetAddress,nn::nex::InetAddress>,nn::nex::Time>,std::pair<nn::nex::InetAddress,nn::nex::InetAddress>>,std::less<std::pair<nn::nex::InetAddress,nn::nex::InetAddress>>,nn::nex::MemAllocator<std::pair<const std::pair<nn::nex::InetAddress,nn::nex::InetAddress>,nn::nex::Time>>>::erase(__rw::__rw_tree_iter<std::pair<const std::pair<nn::nex::InetAddress,nn::nex::InetAddress>,nn::nex::Time>,int,std::pair<const std::pair<nn::nex::InetAddress,nn::nex::InetAddress>,nn::nex::Time>*,std::pair<const std::pair<nn::nex::InetAddress,nn::nex::InetAddress>,nn::nex::Time>&,__rw::__rw_rb_tree_node<nn::nex::MemAllocator<std::pair<const std::pair<nn::nex::InetAddress,nn::nex::InetAddress>,nn::nex::Time>>,std::pair<const std::pair<nn::nex::InetAddress,nn::nex::InetAddress>,nn::nex::Time>,std::pair<nn::nex::InetAddress,nn::nex::InetAddress>,__rw::__select1st<std::pair<const std::pair<nn::nex::InetAddress,nn::nex::InetAddress>,nn::nex::Time>,std::pair<nn::nex::InetAddress,nn::nex::InetAddress>>>>,__rw::__rw_tree_iter<std::pair<const std::pair<nn::nex::InetAddress,nn::nex::InetAddress>,nn::nex::Time>,int,std::pair<const std::pair<nn::nex::InetAddress,nn::nex::InetAddress>,nn::nex::Time>*,std::pair<const std::pair<nn::nex::InetAddress,nn::nex::InetAddress>,nn::nex::Time>&,__rw::__rw_rb_tree_node<nn::nex::MemAllocator<std::pair<const std::pair<nn::nex::InetAddress,nn::nex::InetAddress>,nn::nex::Time>>,std::pair<const std::pair<nn::nex::InetAddress,nn::nex::InetAddress>,nn::nex::Time>,std::pair<nn::nex::InetAddress,nn::nex::InetAddress>,__rw::__select1st<std::pair<const std::pair<nn::nex::InetAddress,nn::nex::InetAddress>,nn::nex::Time>,std::pair<nn::nex::InetAddress,nn::nex::InetAddress>>>>)	fefates:callseq-callee	0x5F4708	
0x803284	__rw::__rb_tree<std::pair<nn::nex::InetAddress,nn::nex::InetAddress>,std::pair<const std::pair<nn::nex::InetAddress,nn::nex::InetAddress>,nn::nex::Time>,__rw::__select1st<std::pair<const std::pair<nn::nex::InetAddress,nn::nex::InetAddress>,nn::nex::Time>,std::pair<nn::nex::InetAddress,nn::nex::InetAddress>>,std::less<std::pair<nn::nex::InetAddress,nn::nex::InetAddress>>,nn::nex::MemAllocator<std::pair<const std::pair<nn::nex::InetAddress,nn::nex::InetAddress>,nn::nex::Time>>>::_C_insert(__rw::__rw_rb_tree_node<nn::nex::MemAllocator<std::pair<const std::pair<nn::nex::InetAddress,nn::nex::InetAddress>,nn::nex::Time>>,std::pair<const std::pair<nn::nex::InetAddress,nn::nex::InetAddress>,nn::nex::Time>,std::pair<nn::nex::InetAddress,nn::nex::InetAddress>,__rw::__select1st<std::pair<const std::pair<nn::nex::InetAddress,nn::nex::InetAddress>,nn::nex::Time>,std::pair<nn::nex::InetAddress,nn::nex::InetAddress>>>*,__rw::__rw_rb_tree_node<nn::nex::MemAllocator<std::pair<const std::pair<nn::nex::InetAddress,nn::nex::InetAddress>,nn::nex::Time>>,std::pair<const std::pair<nn::nex::InetAddress,nn::nex::InetAddress>,nn::nex::Time>,std::pair<nn::nex::InetAddress,nn::nex::InetAddress>,__rw::__select1st<std::pair<const std::pair<nn::nex::InetAddress,nn::nex::InetAddress>,nn::nex::Time>,std::pair<nn::nex::InetAddress,nn::nex::InetAddress>>>*,const std::pair<const std::pair<nn::nex::InetAddress,nn::nex::InetAddress>,nn::nex::Time>&)	fefates:bytes	0x5F4884	
0x803660	__rw::__rb_tree<signed char,std::pair<const signed char,nn::nex::DataStoreRatingInfo>,__rw::__select1st<std::pair<const signed char,nn::nex::DataStoreRatingInfo>,signed char>,std::less<signed char>,nn::nex::MemAllocator<std::pair<const signed char,nn::nex::DataStoreRatingInfo>>>::erase(__rw::__rw_tree_iter<std::pair<const signed char,nn::nex::DataStoreRatingInfo>,int,std::pair<const signed char,nn::nex::DataStoreRatingInfo>*,std::pair<const signed char,nn::nex::DataStoreRatingInfo>&,__rw::__rw_rb_tree_node<nn::nex::MemAllocator<std::pair<const signed char,nn::nex::DataStoreRatingInfo>>,std::pair<const signed char,nn::nex::DataStoreRatingInfo>,signed char,__rw::__select1st<std::pair<const signed char,nn::nex::DataStoreRatingInfo>,signed char>>>,__rw::__rw_tree_iter<std::pair<const signed char,nn::nex::DataStoreRatingInfo>,int,std::pair<const signed char,nn::nex::DataStoreRatingInfo>*,std::pair<const signed char,nn::nex::DataStoreRatingInfo>&,__rw::__rw_rb_tree_node<nn::nex::MemAllocator<std::pair<const signed char,nn::nex::DataStoreRatingInfo>>,std::pair<const signed char,nn::nex::DataStoreRatingInfo>,signed char,__rw::__select1st<std::pair<const signed char,nn::nex::DataStoreRatingInfo>,signed char>>>)	fefates:callgraph	0x5F4C60	
0x803DCC	__rw::__rb_tree<signed char,std::pair<const signed char,nn::nex::DataStoreRatingInfo>,__rw::__select1st<std::pair<const signed char,nn::nex::DataStoreRatingInfo>,signed char>,std::less<signed char>,nn::nex::MemAllocator<std::pair<const signed char,nn::nex::DataStoreRatingInfo>>>::_C_copy(__rw::__rw_rb_tree_node<nn::nex::MemAllocator<std::pair<const signed char,nn::nex::DataStoreRatingInfo>>,std::pair<const signed char,nn::nex::DataStoreRatingInfo>,signed char,__rw::__select1st<std::pair<const signed char,nn::nex::DataStoreRatingInfo>,signed char>>*,__rw::__rw_rb_tree_node<nn::nex::MemAllocator<std::pair<const signed char,nn::nex::DataStoreRatingInfo>>,std::pair<const signed char,nn::nex::DataStoreRatingInfo>,signed char,__rw::__select1st<std::pair<const signed char,nn::nex::DataStoreRatingInfo>,signed char>>*)	fefates:bytes	0x5F53CC	
0x803F68	__rw::__rb_tree<signed char,std::pair<const signed char,nn::nex::DataStoreRatingInfo>,__rw::__select1st<std::pair<const signed char,nn::nex::DataStoreRatingInfo>,signed char>,std::less<signed char>,nn::nex::MemAllocator<std::pair<const signed char,nn::nex::DataStoreRatingInfo>>>::_C_insert(__rw::__rw_rb_tree_node<nn::nex::MemAllocator<std::pair<const signed char,nn::nex::DataStoreRatingInfo>>,std::pair<const signed char,nn::nex::DataStoreRatingInfo>,signed char,__rw::__select1st<std::pair<const signed char,nn::nex::DataStoreRatingInfo>,signed char>>*,__rw::__rw_rb_tree_node<nn::nex::MemAllocator<std::pair<const signed char,nn::nex::DataStoreRatingInfo>>,std::pair<const signed char,nn::nex::DataStoreRatingInfo>,signed char,__rw::__select1st<std::pair<const signed char,nn::nex::DataStoreRatingInfo>,signed char>>*,const std::pair<const signed char,nn::nex::DataStoreRatingInfo>&)	fefates:bytes	0x5F5568	
0x804344	__rw::__rb_tree<signed char,std::pair<const signed char,nn::nex::DataStoreRatingInfo>,__rw::__select1st<std::pair<const signed char,nn::nex::DataStoreRatingInfo>,signed char>,std::less<signed char>,nn::nex::MemAllocator<std::pair<const signed char,nn::nex::DataStoreRatingInfo>>>::operator=(const __rw::__rb_tree<signed char,std::pair<const signed char,nn::nex::DataStoreRatingInfo>,__rw::__select1st<std::pair<const signed char,nn::nex::DataStoreRatingInfo>,signed char>,std::less<signed char>,nn::nex::MemAllocator<std::pair<const signed char,nn::nex::DataStoreRatingInfo>>>&)	fefates:bytes	0x5F5944	
0x804BBC	__rw::__rb_tree<signed char,std::pair<const signed char,nn::nex::DataStoreRatingInitParam>,__rw::__select1st<std::pair<const signed char,nn::nex::DataStoreRatingInitParam>,signed char>,std::less<signed char>,nn::nex::MemAllocator<std::pair<const signed char,nn::nex::DataStoreRatingInitParam>>>::_C_insert(__rw::__rw_rb_tree_node<nn::nex::MemAllocator<std::pair<const signed char,nn::nex::DataStoreRatingInitParam>>,std::pair<const signed char,nn::nex::DataStoreRatingInitParam>,signed char,__rw::__select1st<std::pair<const signed char,nn::nex::DataStoreRatingInitParam>,signed char>>*,__rw::__rw_rb_tree_node<nn::nex::MemAllocator<std::pair<const signed char,nn::nex::DataStoreRatingInitParam>>,std::pair<const signed char,nn::nex::DataStoreRatingInitParam>,signed char,__rw::__select1st<std::pair<const signed char,nn::nex::DataStoreRatingInitParam>,signed char>>*,const std::pair<const signed char,nn::nex::DataStoreRatingInitParam>&)	fefates:bytes	0x5F61BC	
0x804F94	__rw::__rb_tree<unsigned int,std::pair<const unsigned int,nn::nex::Key>,__rw::__select1st<std::pair<const unsigned int,nn::nex::Key>,unsigned int>,std::less<unsigned int>,nn::nex::MemAllocator<std::pair<const unsigned int,nn::nex::Key>>>::_C_insert(__rw::__rw_rb_tree_node<nn::nex::MemAllocator<std::pair<const unsigned int,nn::nex::Key>>,std::pair<const unsigned int,nn::nex::Key>,unsigned int,__rw::__select1st<std::pair<const unsigned int,nn::nex::Key>,unsigned int>>*,__rw::__rw_rb_tree_node<nn::nex::MemAllocator<std::pair<const unsigned int,nn::nex::Key>>,std::pair<const unsigned int,nn::nex::Key>,unsigned int,__rw::__select1st<std::pair<const unsigned int,nn::nex::Key>,unsigned int>>*,const std::pair<const unsigned int,nn::nex::Key>&)	fefates:callseq	0x5F6594	
0x805310	__rw::__rb_tree<unsigned int,std::pair<const unsigned int,nn::nex::qList<nn::nex::SecurityContext>>,__rw::__select1st<std::pair<const unsigned int,nn::nex::qList<nn::nex::SecurityContext>>,unsigned int>,std::less<unsigned int>,nn::nex::MemAllocator<std::pair<const unsigned int,nn::nex::qList<nn::nex::SecurityContext>>>>::erase(__rw::__rw_tree_iter<std::pair<const unsigned int,nn::nex::qList<nn::nex::SecurityContext>>,int,std::pair<const unsigned int,nn::nex::qList<nn::nex::SecurityContext>>*,std::pair<const unsigned int,nn::nex::qList<nn::nex::SecurityContext>>&,__rw::__rw_rb_tree_node<nn::nex::MemAllocator<std::pair<const unsigned int,nn::nex::qList<nn::nex::SecurityContext>>>,std::pair<const unsigned int,nn::nex::qList<nn::nex::SecurityContext>>,unsigned int,__rw::__select1st<std::pair<const unsigned int,nn::nex::qList<nn::nex::SecurityContext>>,unsigned int>>>)	fefates:bytes	0x5F6910	
0x805978	__rw::__rb_tree<unsigned int,std::pair<const unsigned int,nn::nex::qList<nn::nex::SecurityContext>>,__rw::__select1st<std::pair<const unsigned int,nn::nex::qList<nn::nex::SecurityContext>>,unsigned int>,std::less<unsigned int>,nn::nex::MemAllocator<std::pair<const unsigned int,nn::nex::qList<nn::nex::SecurityContext>>>>::_C_erase(__rw::__rw_rb_tree_node<nn::nex::MemAllocator<std::pair<const unsigned int,nn::nex::qList<nn::nex::SecurityContext>>>,std::pair<const unsigned int,nn::nex::qList<nn::nex::SecurityContext>>,unsigned int,__rw::__select1st<std::pair<const unsigned int,nn::nex::qList<nn::nex::SecurityContext>>,unsigned int>>*)	fefates:bytes	0x5F6F78	
0x8059C4	__rw::__rb_tree<unsigned int,std::pair<const unsigned int,nn::nex::qList<nn::nex::SecurityContext>>,__rw::__select1st<std::pair<const unsigned int,nn::nex::qList<nn::nex::SecurityContext>>,unsigned int>,std::less<unsigned int>,nn::nex::MemAllocator<std::pair<const unsigned int,nn::nex::qList<nn::nex::SecurityContext>>>>::_C_insert(__rw::__rw_rb_tree_node<nn::nex::MemAllocator<std::pair<const unsigned int,nn::nex::qList<nn::nex::SecurityContext>>>,std::pair<const unsigned int,nn::nex::qList<nn::nex::SecurityContext>>,unsigned int,__rw::__select1st<std::pair<const unsigned int,nn::nex::qList<nn::nex::SecurityContext>>,unsigned int>>*,__rw::__rw_rb_tree_node<nn::nex::MemAllocator<std::pair<const unsigned int,nn::nex::qList<nn::nex::SecurityContext>>>,std::pair<const unsigned int,nn::nex::qList<nn::nex::SecurityContext>>,unsigned int,__rw::__select1st<std::pair<const unsigned int,nn::nex::qList<nn::nex::SecurityContext>>,unsigned int>>*,const std::pair<const unsigned int,nn::nex::qList<nn::nex::SecurityContext>>&)	fefates:callgraph	0x1423A8	
0x805D40	__rw::__rb_tree<unsigned int,std::pair<const unsigned int,nn::nex::Buffer>,__rw::__select1st<std::pair<const unsigned int,nn::nex::Buffer>,unsigned int>,std::less<unsigned int>,nn::nex::MemAllocator<std::pair<const unsigned int,nn::nex::Buffer>>>::_C_insert(__rw::__rw_rb_tree_node<nn::nex::MemAllocator<std::pair<const unsigned int,nn::nex::Buffer>>,std::pair<const unsigned int,nn::nex::Buffer>,unsigned int,__rw::__select1st<std::pair<const unsigned int,nn::nex::Buffer>,unsigned int>>*,__rw::__rw_rb_tree_node<nn::nex::MemAllocator<std::pair<const unsigned int,nn::nex::Buffer>>,std::pair<const unsigned int,nn::nex::Buffer>,unsigned int,__rw::__select1st<std::pair<const unsigned int,nn::nex::Buffer>,unsigned int>>*,const std::pair<const unsigned int,nn::nex::Buffer>&)	fefates:bytes	0x5F6FC4	
0x8074E8	__rw::__rb_tree<unsigned int,std::pair<const unsigned int,nn::nex::BandwidthCounterMap::IOBandwidthCounter*>,__rw::__select1st<std::pair<const unsigned int,nn::nex::BandwidthCounterMap::IOBandwidthCounter*>,unsigned int>,std::less<unsigned int>,nn::nex::MemAllocator<std::pair<const unsigned int,nn::nex::BandwidthCounterMap::IOBandwidthCounter*>>>::erase(__rw::__rw_tree_iter<std::pair<const unsigned int,nn::nex::BandwidthCounterMap::IOBandwidthCounter*>,int,std::pair<const unsigned int,nn::nex::BandwidthCounterMap::IOBandwidthCounter*>*,std::pair<const unsigned int,nn::nex::BandwidthCounterMap::IOBandwidthCounter*>&,__rw::__rw_rb_tree_node<nn::nex::MemAllocator<std::pair<const unsigned int,nn::nex::BandwidthCounterMap::IOBandwidthCounter*>>,std::pair<const unsigned int,nn::nex::BandwidthCounterMap::IOBandwidthCounter*>,unsigned int,__rw::__select1st<std::pair<const unsigned int,nn::nex::BandwidthCounterMap::IOBandwidthCounter*>,unsigned int>>>,__rw::__rw_tree_iter<std::pair<const unsigned int,nn::nex::BandwidthCounterMap::IOBandwidthCounter*>,int,std::pair<const unsigned int,nn::nex::BandwidthCounterMap::IOBandwidthCounter*>*,std::pair<const unsigned int,nn::nex::BandwidthCounterMap::IOBandwidthCounter*>&,__rw::__rw_rb_tree_node<nn::nex::MemAllocator<std::pair<const unsigned int,nn::nex::BandwidthCounterMap::IOBandwidthCounter*>>,std::pair<const unsigned int,nn::nex::BandwidthCounterMap::IOBandwidthCounter*>,unsigned int,__rw::__select1st<std::pair<const unsigned int,nn::nex::BandwidthCounterMap::IOBandwidthCounter*>,unsigned int>>>)	fefates:callgraph	0x5F86F8	
0x807FFC	__rw::__rb_tree<unsigned int,std::pair<const unsigned int,nn::nex::Ticket*>,__rw::__select1st<std::pair<const unsigned int,nn::nex::Ticket*>,unsigned int>,std::less<unsigned int>,nn::nex::MemAllocator<std::pair<const unsigned int,nn::nex::Ticket*>>>::erase(__rw::__rw_tree_iter<std::pair<const unsigned int,nn::nex::Ticket*>,int,std::pair<const unsigned int,nn::nex::Ticket*>*,std::pair<const unsigned int,nn::nex::Ticket*>&,__rw::__rw_rb_tree_node<nn::nex::MemAllocator<std::pair<const unsigned int,nn::nex::Ticket*>>,std::pair<const unsigned int,nn::nex::Ticket*>,unsigned int,__rw::__select1st<std::pair<const unsigned int,nn::nex::Ticket*>,unsigned int>>>,__rw::__rw_tree_iter<std::pair<const unsigned int,nn::nex::Ticket*>,int,std::pair<const unsigned int,nn::nex::Ticket*>*,std::pair<const unsigned int,nn::nex::Ticket*>&,__rw::__rw_rb_tree_node<nn::nex::MemAllocator<std::pair<const unsigned int,nn::nex::Ticket*>>,std::pair<const unsigned int,nn::nex::Ticket*>,unsigned int,__rw::__select1st<std::pair<const unsigned int,nn::nex::Ticket*>,unsigned int>>>)	fefates:callgraph	0x5F920C	
0x809524	__rw::__rb_tree<unsigned int,std::pair<const unsigned int,std::pair<nn::nex::Time,nn::nex::StationURL>>,__rw::__select1st<std::pair<const unsigned int,std::pair<nn::nex::Time,nn::nex::StationURL>>,unsigned int>,std::less<unsigned int>,nn::nex::MemAllocator<std::pair<const unsigned int,std::pair<nn::nex::Time,nn::nex::StationURL>>>>::erase(__rw::__rw_tree_iter<std::pair<const unsigned int,std::pair<nn::nex::Time,nn::nex::StationURL>>,int,std::pair<const unsigned int,std::pair<nn::nex::Time,nn::nex::StationURL>>*,std::pair<const unsigned int,std::pair<nn::nex::Time,nn::nex::StationURL>>&,__rw::__rw_rb_tree_node<nn::nex::MemAllocator<std::pair<const unsigned int,std::pair<nn::nex::Time,nn::nex::StationURL>>>,std::pair<const unsigned int,std::pair<nn::nex::Time,nn::nex::StationURL>>,unsigned int,__rw::__select1st<std::pair<const unsigned int,std::pair<nn::nex::Time,nn::nex::StationURL>>,unsigned int>>>)	fefates:bytes	0x5FA734	
0x809B8C	__rw::__rb_tree<unsigned int,std::pair<const unsigned int,std::pair<nn::nex::Time,nn::nex::StationURL>>,__rw::__select1st<std::pair<const unsigned int,std::pair<nn::nex::Time,nn::nex::StationURL>>,unsigned int>,std::less<unsigned int>,nn::nex::MemAllocator<std::pair<const unsigned int,std::pair<nn::nex::Time,nn::nex::StationURL>>>>::erase(__rw::__rw_tree_iter<std::pair<const unsigned int,std::pair<nn::nex::Time,nn::nex::StationURL>>,int,std::pair<const unsigned int,std::pair<nn::nex::Time,nn::nex::StationURL>>*,std::pair<const unsigned int,std::pair<nn::nex::Time,nn::nex::StationURL>>&,__rw::__rw_rb_tree_node<nn::nex::MemAllocator<std::pair<const unsigned int,std::pair<nn::nex::Time,nn::nex::StationURL>>>,std::pair<const unsigned int,std::pair<nn::nex::Time,nn::nex::StationURL>>,unsigned int,__rw::__select1st<std::pair<const unsigned int,std::pair<nn::nex::Time,nn::nex::StationURL>>,unsigned int>>>,__rw::__rw_tree_iter<std::pair<const unsigned int,std::pair<nn::nex::Time,nn::nex::StationURL>>,int,std::pair<const unsigned int,std::pair<nn::nex::Time,nn::nex::StationURL>>*,std::pair<const unsigned int,std::pair<nn::nex::Time,nn::nex::StationURL>>&,__rw::__rw_rb_tree_node<nn::nex::MemAllocator<std::pair<const unsigned int,std::pair<nn::nex::Time,nn::nex::StationURL>>>,std::pair<const unsigned int,std::pair<nn::nex::Time,nn::nex::StationURL>>,unsigned int,__rw::__select1st<std::pair<const unsigned int,std::pair<nn::nex::Time,nn::nex::StationURL>>,unsigned int>>>)	fefates:bytes	0x5FAD9C	
0x809CE0	__rw::__rb_tree<unsigned int,std::pair<const unsigned int,std::pair<nn::nex::Time,nn::nex::StationURL>>,__rw::__select1st<std::pair<const unsigned int,std::pair<nn::nex::Time,nn::nex::StationURL>>,unsigned int>,std::less<unsigned int>,nn::nex::MemAllocator<std::pair<const unsigned int,std::pair<nn::nex::Time,nn::nex::StationURL>>>>::_C_erase(__rw::__rw_rb_tree_node<nn::nex::MemAllocator<std::pair<const unsigned int,std::pair<nn::nex::Time,nn::nex::StationURL>>>,std::pair<const unsigned int,std::pair<nn::nex::Time,nn::nex::StationURL>>,unsigned int,__rw::__select1st<std::pair<const unsigned int,std::pair<nn::nex::Time,nn::nex::StationURL>>,unsigned int>>*)	fefates:bytes	0x5FAEF0	
0x80A72C	__rw::__rb_tree<unsigned int,std::pair<const unsigned int,unsigned int>,__rw::__select1st<std::pair<const unsigned int,unsigned int>,unsigned int>,std::less<unsigned int>,nn::nex::MemAllocator<std::pair<const unsigned int,unsigned int>>>::erase(__rw::__rw_tree_iter<std::pair<const unsigned int,unsigned int>,int,std::pair<const unsigned int,unsigned int>*,std::pair<const unsigned int,unsigned int>&,__rw::__rw_rb_tree_node<nn::nex::MemAllocator<std::pair<const unsigned int,unsigned int>>,std::pair<const unsigned int,unsigned int>,unsigned int,__rw::__select1st<std::pair<const unsigned int,unsigned int>,unsigned int>>>,__rw::__rw_tree_iter<std::pair<const unsigned int,unsigned int>,int,std::pair<const unsigned int,unsigned int>*,std::pair<const unsigned int,unsigned int>&,__rw::__rw_rb_tree_node<nn::nex::MemAllocator<std::pair<const unsigned int,unsigned int>>,std::pair<const unsigned int,unsigned int>,unsigned int,__rw::__select1st<std::pair<const unsigned int,unsigned int>,unsigned int>>>)	fefates:callgraph	0x139334	
0x80A86C	__rw::__rb_tree<unsigned int,std::pair<const unsigned int,unsigned int>,__rw::__select1st<std::pair<const unsigned int,unsigned int>,unsigned int>,std::less<unsigned int>,nn::nex::MemAllocator<std::pair<const unsigned int,unsigned int>>>::insert(const std::pair<const unsigned int,unsigned int>&)	fefates:bytes	0x13CBC0	
0x826FCC	nn::dbm::KeyValueRomStorageTemplate<nn::fs::CTR::MPCore::detail::RomFsArchive::RomFsStorage,nn::fs::CTR::MPCore::detail::RomFsArchive::RomFsStorage,nn::dbm::HierarchicalRomFileTableTemplate<nn::fs::CTR::MPCore::detail::RomFsArchive::RomFsStorage,nn::fs::CTR::MPCore::detail::RomFsArchive::RomFsStorage,nn::fs::CTR::MPCore::detail::RomFsArchive::RomFsStorage,nn::fs::CTR::MPCore::detail::RomFsArchive::RomFsStorage>::RomEntryKey,nn::dbm::HierarchicalRomFileTableTemplate<nn::fs::CTR::MPCore::detail::RomFsArchive::RomFsStorage,nn::fs::CTR::MPCore::detail::RomFsArchive::RomFsStorage,nn::fs::CTR::MPCore::detail::RomFsArchive::RomFsStorage,nn::fs::CTR::MPCore::detail::RomFsArchive::RomFsStorage>::DirectoryEntry,256>::GetInternal(unsigned int*,nn::dbm::HierarchicalRomFileTableTemplate<nn::fs::CTR::MPCore::detail::RomFsArchive::RomFsStorage,nn::fs::CTR::MPCore::detail::RomFsArchive::RomFsStorage,nn::fs::CTR::MPCore::detail::RomFsArchive::RomFsStorage,nn::fs::CTR::MPCore::detail::RomFsArchive::RomFsStorage>::DirectoryEntry*,const nn::dbm::HierarchicalRomFileTableTemplate<nn::fs::CTR::MPCore::detail::RomFsArchive::RomFsStorage,nn::fs::CTR::MPCore::detail::RomFsArchive::RomFsStorage,nn::fs::CTR::MPCore::detail::RomFsArchive::RomFsStorage,nn::fs::CTR::MPCore::detail::RomFsArchive::RomFsStorage>::RomEntryKey&,unsigned int,const void*,unsigned int) const	fefates:bytes	0x603E10	
0x827138	nn::dbm::KeyValueRomStorageTemplate<nn::fs::CTR::MPCore::detail::RomFsArchive::RomFsStorage,nn::fs::CTR::MPCore::detail::RomFsArchive::RomFsStorage,nn::dbm::HierarchicalRomFileTableTemplate<nn::fs::CTR::MPCore::detail::RomFsArchive::RomFsStorage,nn::fs::CTR::MPCore::detail::RomFsArchive::RomFsStorage,nn::fs::CTR::MPCore::detail::RomFsArchive::RomFsStorage,nn::fs::CTR::MPCore::detail::RomFsArchive::RomFsStorage>::RomEntryKey,nn::dbm::HierarchicalRomFileTableTemplate<nn::fs::CTR::MPCore::detail::RomFsArchive::RomFsStorage,nn::fs::CTR::MPCore::detail::RomFsArchive::RomFsStorage,nn::fs::CTR::MPCore::detail::RomFsArchive::RomFsStorage,nn::fs::CTR::MPCore::detail::RomFsArchive::RomFsStorage>::DirectoryEntry,256>::GetByPosition(nn::dbm::HierarchicalRomFileTableTemplate<nn::fs::CTR::MPCore::detail::RomFsArchive::RomFsStorage,nn::fs::CTR::MPCore::detail::RomFsArchive::RomFsStorage,nn::fs::CTR::MPCore::detail::RomFsArchive::RomFsStorage,nn::fs::CTR::MPCore::detail::RomFsArchive::RomFsStorage>::RomEntryKey*,nn::dbm::HierarchicalRomFileTableTemplate<nn::fs::CTR::MPCore::detail::RomFsArchive::RomFsStorage,nn::fs::CTR::MPCore::detail::RomFsArchive::RomFsStorage,nn::fs::CTR::MPCore::detail::RomFsArchive::RomFsStorage,nn::fs::CTR::MPCore::detail::RomFsArchive::RomFsStorage>::DirectoryEntry*,void*,unsigned int*,unsigned int) const	fefates:bytes	0x603F7C	
0x8271F8	nn::dbm::KeyValueRomStorageTemplate<nn::fs::CTR::MPCore::detail::RomFsArchive::RomFsStorage,nn::fs::CTR::MPCore::detail::RomFsArchive::RomFsStorage,nn::dbm::HierarchicalRomFileTableTemplate<nn::fs::CTR::MPCore::detail::RomFsArchive::RomFsStorage,nn::fs::CTR::MPCore::detail::RomFsArchive::RomFsStorage,nn::fs::CTR::MPCore::detail::RomFsArchive::RomFsStorage,nn::fs::CTR::MPCore::detail::RomFsArchive::RomFsStorage>::RomEntryKey,nn::dbm::HierarchicalRomFileTableTemplate<nn::fs::CTR::MPCore::detail::RomFsArchive::RomFsStorage,nn::fs::CTR::MPCore::detail::RomFsArchive::RomFsStorage,nn::fs::CTR::MPCore::detail::RomFsArchive::RomFsStorage,nn::fs::CTR::MPCore::detail::RomFsArchive::RomFsStorage>::FileEntry,256>::GetInternal(unsigned int*,nn::dbm::HierarchicalRomFileTableTemplate<nn::fs::CTR::MPCore::detail::RomFsArchive::RomFsStorage,nn::fs::CTR::MPCore::detail::RomFsArchive::RomFsStorage,nn::fs::CTR::MPCore::detail::RomFsArchive::RomFsStorage,nn::fs::CTR::MPCore::detail::RomFsArchive::RomFsStorage>::FileEntry*,const nn::dbm::HierarchicalRomFileTableTemplate<nn::fs::CTR::MPCore::detail::RomFsArchive::RomFsStorage,nn::fs::CTR::MPCore::detail::RomFsArchive::RomFsStorage,nn::fs::CTR::MPCore::detail::RomFsArchive::RomFsStorage,nn::fs::CTR::MPCore::detail::RomFsArchive::RomFsStorage>::RomEntryKey&,unsigned int,const void*,unsigned int) const	fefates:bytes	0x60403C	
0x827370	nn::dbm::HierarchicalRomFileTableTemplate<nn::fs::CTR::MPCore::detail::RomFsArchive::RomFsStorage,nn::fs::CTR::MPCore::detail::RomFsArchive::RomFsStorage,nn::fs::CTR::MPCore::detail::RomFsArchive::RomFsStorage,nn::fs::CTR::MPCore::detail::RomFsArchive::RomFsStorage>::GetGrandparent(unsigned int*,nn::dbm::HierarchicalRomFileTableTemplate<nn::fs::CTR::MPCore::detail::RomFsArchive::RomFsStorage,nn::fs::CTR::MPCore::detail::RomFsArchive::RomFsStorage,nn::fs::CTR::MPCore::detail::RomFsArchive::RomFsStorage,nn::fs::CTR::MPCore::detail::RomFsArchive::RomFsStorage>::EntryKey*,nn::dbm::HierarchicalRomFileTableTemplate<nn::fs::CTR::MPCore::detail::RomFsArchive::RomFsStorage,nn::fs::CTR::MPCore::detail::RomFsArchive::RomFsStorage,nn::fs::CTR::MPCore::detail::RomFsArchive::RomFsStorage,nn::fs::CTR::MPCore::detail::RomFsArchive::RomFsStorage>::DirectoryEntry*,unsigned int,nn::dbm::RomPathTool::RomEntryName,const wchar_t*) const	fefates:bytes	0x6041B4	
0x8273FC	nn::dbm::HierarchicalRomFileTableTemplate<nn::fs::CTR::MPCore::detail::RomFsArchive::RomFsStorage,nn::fs::CTR::MPCore::detail::RomFsArchive::RomFsStorage,nn::fs::CTR::MPCore::detail::RomFsArchive::RomFsStorage,nn::fs::CTR::MPCore::detail::RomFsArchive::RomFsStorage>::FindPathRecursive(nn::dbm::HierarchicalRomFileTableTemplate<nn::fs::CTR::MPCore::detail::RomFsArchive::RomFsStorage,nn::fs::CTR::MPCore::detail::RomFsArchive::RomFsStorage,nn::fs::CTR::MPCore::detail::RomFsArchive::RomFsStorage,nn::fs::CTR::MPCore::detail::RomFsArchive::RomFsStorage>::EntryKey*,nn::dbm::HierarchicalRomFileTableTemplate<nn::fs::CTR::MPCore::detail::RomFsArchive::RomFsStorage,nn::fs::CTR::MPCore::detail::RomFsArchive::RomFsStorage,nn::fs::CTR::MPCore::detail::RomFsArchive::RomFsStorage,nn::fs::CTR::MPCore::detail::RomFsArchive::RomFsStorage>::DirectoryEntry*,nn::dbm::HierarchicalRomFileTableTemplate<nn::fs::CTR::MPCore::detail::RomFsArchive::RomFsStorage,nn::fs::CTR::MPCore::detail::RomFsArchive::RomFsStorage,nn::fs::CTR::MPCore::detail::RomFsArchive::RomFsStorage,nn::fs::CTR::MPCore::detail::RomFsArchive::RomFsStorage>::EntryKey*,bool,const wchar_t*) const	fefates:bytes	0x604240	
0x8277BC	nn::dbm::HierarchicalRomFileTableTemplate<nn::fs::CTR::MPCore::detail::RomFsArchive::RomFsStorage,nn::fs::CTR::MPCore::detail::RomFsArchive::RomFsStorage,nn::fs::CTR::MPCore::detail::RomFsArchive::RomFsStorage,nn::fs::CTR::MPCore::detail::RomFsArchive::RomFsStorage>::GetDirectoryEntry(unsigned int*,nn::dbm::HierarchicalRomFileTableTemplate<nn::fs::CTR::MPCore::detail::RomFsArchive::RomFsStorage,nn::fs::CTR::MPCore::detail::RomFsArchive::RomFsStorage,nn::fs::CTR::MPCore::detail::RomFsArchive::RomFsStorage,nn::fs::CTR::MPCore::detail::RomFsArchive::RomFsStorage>::DirectoryEntry*,const nn::dbm::HierarchicalRomFileTableTemplate<nn::fs::CTR::MPCore::detail::RomFsArchive::RomFsStorage,nn::fs::CTR::MPCore::detail::RomFsArchive::RomFsStorage,nn::fs::CTR::MPCore::detail::RomFsArchive::RomFsStorage,nn::fs::CTR::MPCore::detail::RomFsArchive::RomFsStorage>::EntryKey&) const	fefates:bytes	0x604600	
0x827B34	nn::nex::ThreadVariable<nn::nex::qList<nn::nex::SecurityContext>>::GetRef() const	fefates:callgraph	0x604798	
0x827CC8	nn::ngc::RegexStateLink<nn::ngc::RegexDfaState>::IsMatch(wchar_t) const	fefates:callgraph	0x60492C	
0x827D34	nn::ngc::RegexStateLink<nn::ngc::RegexNfaState>::IsMatch(wchar_t) const	fefates:callgraph	0x604998	
0x827DA0	nn::pia::common::LatestMedian<int,16>::GetMedian(unsigned int) const	fefates:bytes	0x604A04	
0x82E288	std::map<nn::nex::EndPointUniqueID,nn::nex::PRUDPEndPoint*,std::less<nn::nex::EndPointUniqueID>,nn::nex::MemAllocator<std::pair<const nn::nex::EndPointUniqueID,nn::nex::PRUDPEndPoint*>>>::find(const nn::nex::EndPointUniqueID&)	fefates:bytes	0x607BF0	
0x82E360	std::map<nn::nex::String,nn::nex::qVector<unsigned char>,std::less<nn::nex::String>,nn::nex::MemAllocator<std::pair<const nn::nex::String,nn::nex::qVector<unsigned char>>>>::insert(const std::pair<const nn::nex::String,nn::nex::qVector<unsigned char>>&)	fefates:bytes	0x607CC8	
0x82E4D4	std::map<nn::nex::String,nn::nex::String,std::less<nn::nex::String>,nn::nex::MemAllocator<std::pair<const nn::nex::String,nn::nex::String>>>::erase(const nn::nex::String&)	fefates:bytes	0x607E3C	
0x82E600	std::map<nn::nex::String,nn::nex::String,std::less<nn::nex::String>,nn::nex::MemAllocator<std::pair<const nn::nex::String,nn::nex::String>>>::operator[](const nn::nex::String&)	fefates:bytes	0x607F68	
0x82E7CC	std::map<unsigned int,nn::nex::qList<nn::nex::SecurityContext>,std::less<unsigned int>,nn::nex::MemAllocator<std::pair<const unsigned int,nn::nex::qList<nn::nex::SecurityContext>>>>::operator[](const unsigned int&)	fefates:bytes	0x1414CC	
0x82E998	std::map<unsigned int,nn::nex::ObjectThreadRoot*,std::less<unsigned int>,nn::nex::MemAllocator<std::pair<const unsigned int,nn::nex::ObjectThreadRoot*>>>::operator[](const unsigned int&)	fefates:callseq-callee	0x142AA0	
0x82EEB8	std::list<nn::nex::StationURL,nn::nex::MemAllocator<nn::nex::StationURL>>::_C_add_buffer(bool)	fefates:bytes	0x60890C	
0x82EFA4	std::list<nn::nex::StationURL,nn::nex::MemAllocator<nn::nex::StationURL>>::push_back(const nn::nex::StationURL&)	fefates:bytes	0x608984	
0x82F020	std::list<nn::nex::StationURL,nn::nex::MemAllocator<nn::nex::StationURL>>::~list()	fefates:bytes	0x608A00	
0x82F0F0	std::list<nn::nex::StationURL,nn::nex::MemAllocator<nn::nex::StationURL>>::operator=(const std::list<nn::nex::StationURL,nn::nex::MemAllocator<nn::nex::StationURL>>&)	fefates:bytes	0x608AD0	
0x82F21C	std::list<nn::nex::InetAddress,nn::nex::MemAllocator<nn::nex::InetAddress>>::remove(const nn::nex::InetAddress&)	fefates:bytes	0x608BFC	
0x82F54C	std::list<nn::nex::AnyObjectHolder<nn::nex::Gathering,nn::nex::String>,nn::nex::MemAllocator<nn::nex::AnyObjectHolder<nn::nex::Gathering,nn::nex::String>>>::_C_add_buffer(bool)	fefates:bytes	0x608D70	
0x82F630	std::list<nn::nex::AnyObjectHolder<nn::nex::Gathering,nn::nex::String>,nn::nex::MemAllocator<nn::nex::AnyObjectHolder<nn::nex::Gathering,nn::nex::String>>>::erase(std::__rw_list_iter<nn::nex::AnyObjectHolder<nn::nex::Gathering,nn::nex::String>,int,nn::nex::AnyObjectHolder<nn::nex::Gathering,nn::nex::String>*,nn::nex::AnyObjectHolder<nn::nex::Gathering,nn::nex::String>&>)	fefates:bytes	0x608DE0	std::list<nn::nex::PersistentGathering,nn::nex::MemAllocator<nn::nex::PersistentGathering>>::erase(std::__rw_list_iter<nn::nex::PersistentGathering,int,nn::nex::PersistentGathering*,nn::nex::PersistentGathering&>)
0x82F864	std::list<nn::nex::SecurityContext,nn::nex::MemAllocator<nn::nex::SecurityContext>>::operator=(const std::list<nn::nex::SecurityContext,nn::nex::MemAllocator<nn::nex::SecurityContext>>&)	fefates:bytes	0x141698	
0x82FA24	std::list<nn::nex::StepSequenceJob::Step,nn::nex::MemAllocator<nn::nex::StepSequenceJob::Step>>::push_back(const nn::nex::StepSequenceJob::Step&)	fefates:bytes	0x609014	
0x8302D8	std::list<nn::nex::URLProbe,nn::nex::MemAllocator<nn::nex::URLProbe>>::_C_add_buffer(bool)	fefates:bytes	0x609660	
0x830350	std::list<nn::nex::URLProbe,nn::nex::MemAllocator<nn::nex::URLProbe>>::push_back(const nn::nex::URLProbe&)	fefates:bytes	0x6096D8	
0x83041C	std::list<nn::nex::PRUDPEndPoint*,nn::nex::MemAllocator<nn::nex::PRUDPEndPoint*>>::~list()	fefates:bytes	0x6098B4	
0x830804	std::vector<nn::nex::DataStoreKeyValue,nn::nex::MemAllocator<nn::nex::DataStoreKeyValue>>::_C_insert_aux(nn::nex::DataStoreKeyValue*,const nn::nex::DataStoreKeyValue&)	fefates:bytes	0x6099EC	
0x830D78	std::vector<nn::nex::DataStoreMetaInfo,nn::nex::MemAllocator<nn::nex::DataStoreMetaInfo>>::_C_insert_aux(nn::nex::DataStoreMetaInfo*,const nn::nex::DataStoreMetaInfo&)	fefates:bytes	0x609C84	
0x830F8C	std::vector<nn::nex::DataStoreRatingInfo,nn::nex::MemAllocator<nn::nex::DataStoreRatingInfo>>::_C_insert_aux(nn::nex::DataStoreRatingInfo*,const nn::nex::DataStoreRatingInfo&)	fefates:bytes	0x609E98	
0x83144C	std::vector<nn::nex::PacketBufferManager::UnitHeapParam,nn::nex::MemAllocator<nn::nex::PacketBufferManager::UnitHeapParam>>::~vector()	fefates:bytes	0x60A0F4	
0x831734	std::vector<nn::nex::DataStoreNotification,nn::nex::MemAllocator<nn::nex::DataStoreNotification>>::_C_insert_aux(nn::nex::DataStoreNotification*,const nn::nex::DataStoreNotification&)	fefates:callgraph	0x60A16C	
0x831C1C	std::vector<nn::nex::DataStoreNotificationV1,nn::nex::MemAllocator<nn::nex::DataStoreNotificationV1>>::_C_insert_aux(nn::nex::DataStoreNotificationV1*,const nn::nex::DataStoreNotificationV1&)	fefates:bytes	0x60A3DC	
0x8327BC	std::vector<nn::nex::DataStoreSpecificMetaInfo,nn::nex::MemAllocator<nn::nex::DataStoreSpecificMetaInfo>>::_C_insert_aux(nn::nex::DataStoreSpecificMetaInfo*,const nn::nex::DataStoreSpecificMetaInfo&)	fefates:bytes	0x60A640	
0x832E5C	std::vector<nn::nex::DataStoreRatingInfoWithSlot,nn::nex::MemAllocator<nn::nex::DataStoreRatingInfoWithSlot>>::_C_insert_aux(nn::nex::DataStoreRatingInfoWithSlot*,const nn::nex::DataStoreRatingInfoWithSlot&)	fefates:bytes	0x60A8EC	
0x8331E8	std::vector<nn::nex::DataStoreRatingInfoWithSlot,nn::nex::MemAllocator<nn::nex::DataStoreRatingInfoWithSlot>>::~vector()	fefates:bytes	0x60AC78	
0x833228	std::vector<nn::nex::DataStoreRatingInfoWithSlot,nn::nex::MemAllocator<nn::nex::DataStoreRatingInfoWithSlot>>::operator=(const std::vector<nn::nex::DataStoreRatingInfoWithSlot,nn::nex::MemAllocator<nn::nex::DataStoreRatingInfoWithSlot>>&)	fefates:bytes	0x60ACB8	
0x8335A0	std::vector<nn::nex::DataStoreSpecificMetaInfoV1,nn::nex::MemAllocator<nn::nex::DataStoreSpecificMetaInfoV1>>::_C_insert_aux(nn::nex::DataStoreSpecificMetaInfoV1*,const nn::nex::DataStoreSpecificMetaInfoV1&)	fefates:bytes	0x60B030	
0x833C0C	std::vector<nn::nex::DataStoreRatingInitParamWithSlot,nn::nex::MemAllocator<nn::nex::DataStoreRatingInitParamWithSlot>>::operator=(const std::vector<nn::nex::DataStoreRatingInitParamWithSlot,nn::nex::MemAllocator<nn::nex::DataStoreRatingInitParamWithSlot>>&)	fefates:bytes	0x60B304	
0x8341B0	std::vector<nn::nex::String,nn::nex::MemAllocator<nn::nex::String>>::operator=(const std::vector<nn::nex::String,nn::nex::MemAllocator<nn::nex::String>>&)	fefates:callgraph	0x60B70C	
0x8343B0	std::vector<nn::nex::qResult,nn::nex::MemAllocator<nn::nex::qResult>>::_C_destroy(nn::nex::qResult*,nn::nex::qResult*)	fefates:bytes	0x60B914	
0x834408	std::vector<nn::nex::qResult,nn::nex::MemAllocator<nn::nex::qResult>>::_C_insert_aux(nn::nex::qResult*,const nn::nex::qResult&)	fefates:bytes	0x60B96C	
0x83476C	std::vector<nn::nex::qResult,nn::nex::MemAllocator<nn::nex::qResult>>::~vector()	fefates:bytes	0x60BB28	
0x83478C	std::vector<nn::nex::qVector<nn::nex::DataStoreRatingInfoWithSlot>,nn::nex::MemAllocator<nn::nex::qVector<nn::nex::DataStoreRatingInfoWithSlot>>>::_C_insert_aux(nn::nex::qVector<nn::nex::DataStoreRatingInfoWithSlot>*,const nn::nex::qVector<nn::nex::DataStoreRatingInfoWithSlot>&)	fefates:bytes	0x60BB48	
0x834978	std::vector<nn::nex::EncryptionAlgorithm*,nn::nex::MemAllocator<nn::nex::EncryptionAlgorithm*>>::reserve(unsigned int)	fefates:bytes	0x60C030	
0x834AC4	std::vector<nn::nex::PacketOut*,nn::nex::MemAllocator<nn::nex::PacketOut*>>::_C_insert_aux(nn::nex::PacketOut**,const nn::nex::PacketOut*&)	fefates:bytes	0x60C17C	
0x834C68	std::vector<std::pair<unsigned short,nn::nex::QueuingSocket*>,nn::nex::MemAllocator<std::pair<unsigned short,nn::nex::QueuingSocket*>>>::_C_insert_aux(std::pair<unsigned short,nn::nex::QueuingSocket*>*,const std::pair<unsigned short,nn::nex::QueuingSocket*>&)	fefates:bytes	0x60C320	
0x834E68	std::vector<std::pair<unsigned short,nn::nex::QueuingSocket*>,nn::nex::MemAllocator<std::pair<unsigned short,nn::nex::QueuingSocket*>>>::reserve(unsigned int)	fefates:bytes	0x60C520	
0x834FBC	std::vector<bool,nn::nex::MemAllocator<bool>>::resize(unsigned int,bool)	fefates:bytes	0x60C674	
0x835388	std::vector<bool,nn::nex::MemAllocator<bool>>::_C_copy<std::vector<bool,nn::nex::MemAllocator<bool>>::iterator>(std::vector<bool,nn::nex::MemAllocator<bool>>::iterator,std::vector<bool,nn::nex::MemAllocator<bool>>::iterator,std::vector<bool,nn::nex::MemAllocator<bool>>::iterator)	fefates:bytes	0x60CA40	
0x83540C	std::vector<unsigned char,nn::nex::MemAllocator<unsigned char>>::_C_insert_aux(unsigned char*,const unsigned char&)	fefates:callgraph	0x60CAC4	
0x835548	std::vector<unsigned char,nn::nex::MemAllocator<unsigned char>>::_C_insert_aux(unsigned char*,unsigned int,const unsigned char&)	fefates:bytes	0x60CC00	
0x835A6C	std::vector<unsigned char,nn::nex::MemAllocator<unsigned char>>::insert<const unsigned char*>(unsigned char*,const unsigned char*,const unsigned char*)	fefates:bytes	0x60CE6C	
0x835CFC	std::vector<unsigned char,nn::nex::MemAllocator<unsigned char>>::insert<char*>(unsigned char*,char*,char*)	fefates:bytes	0x60D0FC	
0x835F8C	std::vector<unsigned char,nn::nex::MemAllocator<unsigned char>>::resize(unsigned int,unsigned char)	fefates:bytes	0x60D38C	
0x8363F4	std::vector<unsigned int,nn::nex::MemAllocator<unsigned int>>::_C_insert_aux(unsigned int*,const unsigned int&)	fefates:bytes	0x139474	
0x836570	std::vector<unsigned int,nn::nex::MemAllocator<unsigned int>>::_C_insert_aux(unsigned int*,unsigned int,const unsigned int&)	fefates:bytes	0x60D7F4	
0x8367FC	std::vector<unsigned int,nn::nex::MemAllocator<unsigned int>>::_C_insert_aux2<unsigned int*>(unsigned int*,unsigned int*,unsigned int*)	fefates:bytes	0x13FC9C	
0x836D94	std::vector<unsigned int,nn::nex::MemAllocator<unsigned int>>::push_back(const unsigned int&)	fefates:bytes	0x60DA80	
0x836F14	std::vector<unsigned int,nn::nex::MemAllocator<unsigned int>>::operator=(const std::vector<unsigned int,nn::nex::MemAllocator<unsigned int>>&)	fefates:bytes	0x60DC00	
0x8370F0	std::vector<unsigned long long,nn::nex::MemAllocator<unsigned long long>>::_C_insert_aux(unsigned long long*,const unsigned long long&)	fefates:bytes	0x60DDDC	
0x837294	std::vector<unsigned long long,nn::nex::MemAllocator<unsigned long long>>::~vector()	fefates:bytes	0x60DF80	
0x837524	std::multimap<nn::nex::Time,nn::nex::Job*,std::less<nn::nex::Time>,nn::nex::MemAllocator<std::pair<const nn::nex::Time,nn::nex::Job*>>>::insert(const std::pair<const nn::nex::Time,nn::nex::Job*>&)	fefates:bytes	0x13FF70	
0x83766C	std::multimap<unsigned int,nn::nex::EndPoint*,std::less<unsigned int>,nn::nex::MemAllocator<std::pair<const unsigned int,nn::nex::EndPoint*>>>::insert(const std::pair<const unsigned int,nn::nex::EndPoint*>&)	fefates:bytes	0x60E0F8	
0x837BA4	std::__introsort_loop<int*,int,__rw::__rw_lt<int>>(int*,int*,int,__rw::__rw_lt<int>)	fefates:bytes	0x60E478	
